"Mito","Nuc","Sex","Build.x","Treatment","Y_adj.x","Build.y","Y_adj.y"
"Bei04","375","F","A","Control",1.19701302430801,"B",1.13319080208578
"Bei04","375","F","A","Rotenone",1.30628216160228,"B",1.25637446929459
"Bei04","375","M","A","Control",0.702644059095978,"B",0.676556147008062
"Bei04","375","M","A","Rotenone",0.750263804991203,"B",0.75450636243377
"Bei04","Ore","F","A","Control",1.33561504451002,"B",1.28102185112933
"Bei04","Ore","F","A","Rotenone",1.47082632114645,"B",1.28779603754117
"Bei04","Ore","M","A","Control",0.779891922343842,"B",0.786750069983239
"Bei04","Ore","M","A","Rotenone",0.875393231120631,"B",0.830220906223306
"Bei05","375","F","A","Control",1.1080851077801,"B",1.08686186435685
"Bei05","375","F","A","Rotenone",1.07606678993691,"B",1.10215885342897
"Bei05","375","M","A","Control",0.765789525203945,"B",0.74879685121127
"Bei05","375","M","A","Rotenone",0.757382084859489,"B",0.744345454822859
"Bei05","Ore","F","A","Control",1.20329722899221,"B",1.02911844111341
"Bei05","Ore","F","A","Rotenone",1.28593492180505,"B",1.20417790104802
"Bei05","Ore","M","A","Control",0.736597217511637,"B",0.731511747426168
"Bei05","Ore","M","A","Rotenone",0.761054246031651,"B",0.776136663614066
"Bei11","375","F","A","Control",1.05748255138911,"B",0.985593829584602
"Bei11","375","F","A","Rotenone",1.16369251537419,"B",1.03873437689073
"Bei11","375","M","A","Control",0.641975924502956,"B",0.655198328355727
"Bei11","375","M","A","Rotenone",0.765323252116725,"B",0.702237832685794
"Bei11","Ore","F","A","Control",1.18824850496082,"B",1.2207079235608
"Bei11","Ore","F","A","Rotenone",1.17201374786719,"B",1.1337678507715
"Bei11","Ore","M","A","Control",0.701069800369095,"B",0.784022960966666
"Bei11","Ore","M","A","Rotenone",0.824664298292771,"B",0.803450189558368
"Bei12","375","F","A","Control",1.29007257309256,"B",1.24691017993017
"Bei12","375","F","A","Rotenone",1.23123974475987,"B",1.21199615501628
"Bei12","375","M","A","Control",0.823527312416728,"B",0.851548069437489
"Bei12","375","M","A","Rotenone",0.806863046952952,"B",0.820709200799112
"Bei12","Ore","F","A","Control",1.29707257309257,"B",1.28376954278953
"Bei12","Ore","F","A","Rotenone",1.23549110451123,"B",1.25734059946073
"Bei12","Ore","M","A","Control",0.789672001061417,"B",0.753936958326375
"Bei12","Ore","M","A","Rotenone",0.779576722166635,"B",0.809617625707532
"Bei23","375","F","A","Control",1.13315525198117,"B",1.1639638634929
"Bei23","375","F","A","Rotenone",1.02395760161922,"B",1.17346606824031
"Bei23","375","M","A","Control",0.52037799784755,"B",0.566990518831917
"Bei23","375","M","A","Rotenone",0.717069876252821,"B",0.789167613018977
"Bei23","Ore","F","A","Control",1.25994660465954,"B",1.19641214203239
"Bei23","Ore","F","A","Rotenone",1.18362963267725,"B",1.13188223885332
"Bei23","Ore","M","A","Control",0.681003409883073,"B",0.612207310811867
"Bei23","Ore","M","A","Rotenone",0.770360156878632,"B",0.764486170106888
"Bei38","375","F","A","Control",1.18379038491037,"B",1.20504679516678
"Bei38","375","F","A","Rotenone",1.07244783111796,"B",1.18776834393846
"Bei38","375","M","A","Control",0.727746878961298,"B",0.76212869714311
"Bei38","375","M","A","Rotenone",0.733463344340749,"B",0.758790617068026
"Bei38","Ore","F","A","Control",1.24277872989871,"B",1.13629522821521
"Bei38","Ore","F","A","Rotenone",1.15459007776021,"B",1.2542127883829
"Bei38","Ore","M","A","Control",0.71254283855725,"B",0.710669878184293
"Bei38","Ore","M","A","Rotenone",0.835184556461964,"B",0.806113849391261
"Bei42","375","F","A","Control",1.02000492890885,"B",1.02023047238711
"Bei42","375","F","A","Rotenone",1.11535108950675,"B",1.14849681600248
"Bei42","375","M","A","Control",0.66926426712868,"B",0.673830933795349
"Bei42","375","M","A","Rotenone",0.699175644061829,"B",0.703300377463951
"Bei42","Ore","F","A","Control",1.28840258777173,"B",1.2474679723871
"Bei42","Ore","F","A","Rotenone",1.34608570489137,"B",1.26677459378026
"Bei42","Ore","M","A","Control",0.829563286736524,"B",0.739215656017564
"Bei42","Ore","M","A","Rotenone",0.854642310728487,"B",0.760632209718393
"Bei52","375","F","A","Control",1.09764019460934,"B",1.09624489546404
"Bei52","375","F","A","Rotenone",0.995385704891354,"B",1.08102982253842
"Bei52","375","M","A","Control",0.825713286736527,"B",0.683891460111136
"Bei52","375","M","A","Rotenone",0.692310997597176,"B",0.713298876385051
"Bei52","Ore","F","A","Control",1.25372908349822,"B",1.19423741683157
"Bei52","Ore","F","A","Rotenone",1.24244919695486,"B",1.08268570489135
"Bei52","Ore","M","A","Control",0.809226388340804,"B",0.83925236236678
"Bei52","Ore","M","A","Rotenone",0.83952096569925,"B",0.784181452142636
"Bei54","375","F","A","Control",1.23400998461894,"B",1.03568034367165
"Bei54","375","F","A","Rotenone",1.1595160578087,"B",1.16713535605431
"Bei54","375","M","A","Control",0.871442262068683,"B",0.827659582330126
"Bei54","Ore","F","A","Control",1.21862926008033,"B",1.22279472275661
"Bei54","Ore","F","A","Rotenone",1.31841349370614,"B",1.35428272447536
"Bei54","Ore","M","A","Control",0.765935317624241,"B",0.830474133413715
"Bei59","375","F","A","Control",1.17519283617656,"B",1.14086788187905
"Bei59","375","F","A","Rotenone",1.06054640008596,"B",1.05645014277603
"Bei59","375","M","A","Control",0.618838819301226,"B",0.631267414072469
"Bei59","375","M","A","Rotenone",0.63965568533882,"B",0.525256188417613
"Bei59","Ore","F","A","Control",1.28559318705376,"B",1.27257820075201
"Bei59","Ore","F","A","Rotenone",1.27158840509849,"B",1.23786420710351
"Bei59","Ore","M","A","Control",0.732108370384817,"B",0.720384719591169
"Bei59","Ore","M","A","Rotenone",0.798912368713928,"B",0.729963580075661
"ZH23","375","F","A","Control",1.20452115414114,"B",1.19350600262599
"ZH23","375","F","A","Rotenone",0.996784216954355,"B",1.20160672777685
"ZH23","375","M","A","Control",0.714613545627959,"B",0.698336544850958
"ZH23","375","M","A","Rotenone",0.641016724294131,"B",0.732665075942484
"ZH23","Ore","F","A","Control",1.13313226525225,"B",1.20005145717144
"ZH23","Ore","F","A","Rotenone",1.21464982541995,"B",1.23658315875328
"ZH23","Ore","M","A","Control",0.735785262799682,"B",0.746161331175747
"ZH23","Ore","M","A","Rotenone",0.762643097920506,"B",0.773893647371046
"ZH26","375","F","A","Control",1.29768070107568,"B",1.37079886069384
"ZH26","375","F","A","Rotenone",1.32397446929458,"B",1.35968875500889
"ZH26","375","M","A","Control",0.815062862514778,"B",0.841997416849334
"ZH26","375","M","A","Rotenone",0.85348358521099,"B",0.929408045935452
"ZH26","Ore","F","A","Control",1.27131812383811,"B",1.24969080208579
"ZH26","Ore","F","A","Rotenone",1.16071278838291,"B",1.40650780262794
"ZH26","Ore","M","A","Control",0.828674151688568,"B",0.779937099389014
"ZH26","Ore","M","A","Rotenone",0.708422707200114,"B",0.940341643819037
"ZH33","375","F","A","Control",1.02849727127707,"B",0.999256636602142
"ZH33","375","F","A","Rotenone",1.03511638190325,"B",0.900443048569923
"ZH33","375","M","A","Control",0.566071521338183,"B",0.584712974972269
"ZH33","375","M","A","Rotenone",0.698516068471338,"B",0.679406808065418
"ZH33","Ore","F","A","Control",1.1852518371034,"B",1.17991572020859
"ZH33","Ore","F","A","Rotenone",1.09987717280826,"B",1.11789073985353
"ZH33","Ore","M","A","Control",0.658976425264665,"B",0.680527652843416
"ZH33","Ore","M","A","Rotenone",0.765553577931259,"B",0.669691823545292
"ZH42","375","F","A","Control",1.0124003258953,"B",1.10349190098689
"ZH42","375","F","A","Rotenone",0.999591265461388,"B",1.03632320019332
"ZH42","375","M","A","Control",0.699794575708993,"B",0.701332260246677
"ZH42","375","M","A","Rotenone",0.653191608669016,"B",0.658001376678786
"ZH42","Ore","F","A","Control",1.11724672394169,"B",1.36529116838615
"ZH42","Ore","F","A","Rotenone",1.15866072933086,"B",1.1018103796805
"ZH42","Ore","M","A","Control",0.618315451129876,"B",0.804233969648384
"ZH42","Ore","M","A","Rotenone",0.698623843101254,"B",0.769085381562785
"ZW09","375","F","A","Control",1.18303982112661,"B",1.28791380572044
"ZW09","375","F","A","Rotenone",1.19098570489136,"B",1.17772029135752
"ZW09","375","M","A","Control",0.711761134296599,"B",0.722954618005873
"ZW09","375","M","A","Rotenone",0.786204402231751,"B",0.734929892427834
"ZW09","Ore","F","A","Control",1.20376183203624,"B",1.17146369522722
"ZW09","Ore","F","A","Rotenone",1.25790590691156,"B",1.26291972810497
"ZW09","Ore","M","A","Control",0.809574316148287,"B",0.768722168552657
"ZW09","Ore","M","A","Rotenone",0.77984217312959,"B",0.803091582302434
"ZW133","375","F","A","Control",0.983611773219907,"B",1.02096633544819
"ZW133","375","F","A","Rotenone",1.0196572669543,"B",1.00412796085063
"ZW133","375","M","A","Control",0.614604631770429,"B",0.6138682318645
"ZW133","375","M","A","Rotenone",0.654722445524364,"B",0.691587876176873
"ZW133","Ore","F","A","Control",1.17624493517663,"B",1.24246008157822
"ZW133","Ore","F","A","Rotenone",1.09273271022405,"B",1.16788096873265
"ZW133","Ore","M","A","Control",0.633612761386831,"B",0.685803962121514
"ZW133","Ore","M","A","Rotenone",0.736419463238334,"B",0.823283753369857
"ZW140","375","F","A","Control",1.11991797238711,"B",1.33771209003417
"ZW140","375","F","A","Rotenone",1.28011427631993,"B",1.25058570489137
"ZW140","375","M","A","Control",0.684599981414399,"B",0.753880933795359
"ZW140","375","M","A","Rotenone",0.820086755172935,"B",0.809455176225568
"ZW140","Ore","F","A","Control",1.19275130572044,"B",1.33268781365696
"ZW140","Ore","F","A","Rotenone",1.25538570489135,"B",1.27377544848111
"ZW140","Ore","M","A","Control",0.786783272976639,"B",0.806996723269036
"ZW140","Ore","M","A","Rotenone",0.77830580279198,"B",0.81133675517293
"ZW142","375","F","A","Control",1.25972025202009,"B",1.02264329983571
"ZW142","375","F","A","Rotenone",1.15788483366993,"B",1.07959762815614
"ZW142","375","M","A","Control",0.68896688775668,"B",0.51308732217606
"ZW142","375","M","A","Rotenone",0.716702681096185,"B",0.672101692977554
"ZW142","Ore","F","A","Control",1.2064899330855,"B",1.08131172088834
"ZW142","Ore","F","A","Rotenone",1.17518911938422,"B",1.21482040143549
"ZW142","Ore","M","A","Control",0.718124285417496,"B",0.761068664502464
"ZW142","Ore","M","A","Rotenone",0.721076445572737,"B",0.629265436415055
"ZW144","375","F","A","Control",1.13681044127228,"B",1.26906842617738
"ZW144","375","F","A","Rotenone",1.07280000050859,"B",1.35421342622976
"ZW144","375","M","A","Control",0.68655053942568,"B",1.19839781762424
"ZW144","Ore","F","A","Control",0.894245049553996,"B",1.33214504955399
"ZW144","Ore","F","A","Rotenone",1.26163986733251,"B",1.45594939114203
"ZW144","Ore","M","A","Control",0.509314484290909,"B",0.822054835168098
"ZW144","Ore","M","A","Rotenone",0.553731084552613,"B",0.380990888474173
"Zim53","375","F","A","Control",1.26162812864812,"B",0.953405906425886
"Zim53","375","F","A","Rotenone",1.25587649689662,"B",1.11297234549247
"Zim53","375","M","A","Control",0.791487019376437,"B",0.685877129266547
"Zim53","375","M","A","Rotenone",0.787170739260653,"B",0.737500409590318
"Zim53","Ore","F","A","Control",1.43712812864811,"B",1.41181616283615
"Zim53","Ore","F","A","Rotenone",1.23373857925871,"B",1.2200382795584
"Zim53","Ore","M","A","Control",0.737048069437488,"B",0.820808753198172
"Zim53","Ore","M","A","Rotenone",0.782712863802781,"B",0.865886245976158
"siI","375","F","A","Control",1.14193863260155,"B",1.04464787654345
"siI","375","F","A","Rotenone",1.09890341485829,"B",1.14026298824962
"siI","375","M","A","Control",0.687122594599501,"B",0.673508571681144
"siI","375","M","A","Rotenone",0.703737169274442,"B",0.69308176731951
"siI","Ore","F","A","Control",1.28534702562209,"B",1.25250212410892
"siI","Ore","F","A","Rotenone",1.27593753309725,"B",1.22457423628473
"siI","Ore","M","A","Control",0.77269899168442,"B",0.737956475908628
"siI","Ore","M","A","Rotenone",0.802961311427573,"B",0.824000490737906
"yak","375","F","A","Control",1.07688341038294,"B",1.08953092951655
"yak","375","F","A","Rotenone",1.1019706090995,"B",1.03244498794292
"yak","375","M","A","Control",0.698617548735052,"B",0.650269839980275
"yak","375","M","A","Rotenone",0.713755896993318,"B",0.833746545234595
"yak","Ore","F","A","Control",1.30044209938097,"B",1.30114039618203
"yak","Ore","F","A","Rotenone",1.3225829537671,"B",1.2798847023065
"yak","Ore","M","A","Control",0.817474853685767,"B",0.791277843008592
"yak","Ore","M","A","Rotenone",0.852094905720647,"B",0.862921836857502
