"dataset","term","n_mito_label","n","min","q1","median","q3","max","whisker_lower","whisker_upper","n_outliers","prop_sig"
"climbF","Mito:Nuc","k = 5",1000,0.000682824059306008,0.169545414109142,0.420034433708378,1.15051893876515,15.438847216498,0.000682824059306008,2.60505448046293,33,0.124
"climbF","Mito:Nuc","k = 10",1000,0.00181832004746734,0.315901725425801,0.871785241719876,1.74659648871875,3.59968601750856,0.00181832004746734,3.59968601750856,0,0.197
"climbF","Mito:Nuc","k = 15",1000,0.00941621055060281,0.565053172714574,1.46633839322566,1.83456016684828,3.42167273025584,0.00941621055060281,3.42167273025584,0,0.209
"climbF","Mito:Nuc","k = 20",1000,0.181259690900467,1.44925723529993,1.60746363182244,1.71024669979364,2.25416270874886,1.06723766179705,2.10003569063343,120,0.093
"climbF","Mito:Nuc:Treatment","k = 5",1000,0.00986378947608229,0.686409962915104,2.10121195668683,4.19321574975536,13.6138399773988,0.00986378947608229,9.38866472351095,21,0.529
"climbF","Mito:Nuc:Treatment","k = 10",1000,0.0619560204174823,2.25167690862962,4.45544841551534,6.69156674648243,12.4788032275065,0.0619560204174823,12.4788032275065,0,0.803
"climbF","Mito:Nuc:Treatment","k = 15",1000,0.483950253643442,4.64660997369375,6.78045115772484,8.2624039048879,11.8227455768027,0.483950253643442,11.8227455768027,0,0.958
"climbF","Mito:Nuc:Treatment","k = 20",1000,2.41126323862846,7.13957609385755,8.87904440072526,9.2129916885568,9.83623290149149,4.23533526801829,9.83623290149149,12,1
"climbF","Mito:Treatment","k = 5",1000,0.00465577991469098,1.86519562497848,3.19854352842632,5.22520262929273,13.6799307096814,0.00465577991469098,9.77429035152855,7,0.743
"climbF","Mito:Treatment","k = 10",1000,0.65097524456323,4.68133302306465,6.73977356459167,8.66254978242003,14.2525254501421,0.65097524456323,14.2525254501421,0,0.983
"climbF","Mito:Treatment","k = 15",1000,2.7000780209351,8.0970537477194,9.59171482390767,11.3094267705132,15.9796011901624,3.45208424411426,15.9796011901624,2,1
"climbF","Mito:Treatment","k = 20",1000,7.25348591709648,11.5307065386159,12.6184007547232,13.5336393590992,14.8845838620771,8.77618291911915,14.8845838620771,7,1
"climbF","Nuc:Treatment","k = 5",1000,0.000140741383325098,0.238287804657618,0.622987531879398,1.36730805608378,5.68521258035108,0.000140741383325098,3.00722506686378,50,0.147
"climbF","Nuc:Treatment","k = 10",1000,0.000119219040333418,0.219640706294184,0.519762353121269,1.05221772121784,5.41880866068041,0.000119219040333418,2.27428541203926,46,0.083
"climbF","Nuc:Treatment","k = 15",1000,0.000527441866586519,0.135189143206566,0.344805509814655,0.71135012044809,2.54138052496188,0.000527441866586519,1.57235140280681,34,0.015
"climbF","Nuc:Treatment","k = 20",1000,8.08744744711672e-05,0.0609319451386201,0.169617570037014,0.308803417987932,1.2405150145537,8.08744744711672e-05,0.651758385668028,47,0
"climbM","Mito:Nuc","k = 5",1000,0.00249970757597297,0.4336767399891,0.745651549100793,1.07850467010522,2.04051491386967,0.00249970757597297,2.04051491386967,0,0.006
"climbM","Mito:Nuc","k = 10",1000,0.0800312431114257,0.710628301892639,1.10531479853085,1.49320424678748,2.58420622528299,0.0800312431114257,2.58420622528299,0,0.044
"climbM","Mito:Nuc","k = 15",1000,0.324505090217801,1.10551266536222,1.46272239287299,1.73241793872662,2.73017474151173,0.324505090217801,2.56875098230124,2,0.123
"climbM","Mito:Nuc","k = 20",1000,0.795441694772637,1.59993220510098,1.74186184364298,1.8846239102967,2.25221116842243,1.2368144179635,2.25221116842243,83,0.204
"climbM","Mito:Nuc:Treatment","k = 5",1000,0.0283444283627307,2.79855375358259,4.35994543173771,6.39695684790261,15.3962389549998,0.0283444283627307,11.3883528863462,13,0.866
"climbM","Mito:Nuc:Treatment","k = 10",1000,2.31800452952529,6.93856679571327,9.22824610976081,11.5305734938261,19.2789701945863,2.31800452952529,18.018256458276,5,1
"climbM","Mito:Nuc:Treatment","k = 15",1000,6.13866947855155,11.7246064577421,13.9467639745237,15.9232246014855,20.8815822560162,6.13866947855155,20.8815822560162,0,1
"climbM","Mito:Nuc:Treatment","k = 20",1000,12.4708565874934,16.8380683096023,18.7697184085615,19.566979969924,20.9185794648091,12.8502342207711,20.9185794648091,4,1
"climbM","Mito:Treatment","k = 5",1000,0.0106908020955873,1.60783528665276,2.9016076616182,4.62304102416504,14.6666569285318,0.0106908020955873,9.10583176333839,36,0.704
"climbM","Mito:Treatment","k = 10",1000,1.00265022945282,4.31244746664934,5.9284305321136,7.79989714247318,16.4950511641819,1.00265022945282,12.8305989878596,13,0.975
"climbM","Mito:Treatment","k = 15",1000,2.49857293313575,7.09536800149873,8.79899689552444,10.6851113485103,14.8186257418711,2.49857293313575,14.8186257418711,0,1
"climbM","Mito:Treatment","k = 20",1000,6.6684661186407,10.2352987283381,11.6114622825219,12.4961199266473,13.3709588127329,6.92756685242277,13.3709588127329,6,1
"climbM","Nuc:Treatment","k = 5",1000,0.000480018941447725,0.362878206277413,1.02561987603422,2.39382039577111,14.6917434649278,0.000480018941447725,5.39331706609741,65,0.311
"climbM","Nuc:Treatment","k = 10",1000,0.00135094625356839,0.381987196621176,0.990881614583771,2.12129719900907,13.5693462354944,0.00135094625356839,4.69366287600198,60,0.291
"climbM","Nuc:Treatment","k = 15",1000,0.00149992757746819,0.359781831365932,0.953900318429345,1.96232485735403,9.06169585169351,0.00149992757746819,4.36259391201108,57,0.261
"climbM","Nuc:Treatment","k = 20",1000,0.0068721838961654,0.62171249290366,1.02468407655145,1.68562469942753,3.74258129877842,0.0068721838961654,3.27952628792745,21,0.174
"weightF","Mito:Nuc","k = 5",1000,0.0019463390679978,0.239832705699023,0.501808978054024,0.955081423696827,7.7516452740126,0.0019463390679978,2.01979263386915,34,0.044
"weightF","Mito:Nuc","k = 10",1000,0.0328017643794837,0.306856158627576,0.584049484217788,1.02634260401632,7.72346959853392,0.0328017643794837,2.09173782050753,37,0.053
"weightF","Mito:Nuc","k = 15",979,0.0591413469919122,0.471131558783771,0.71218125261271,1.04700293867675,2.9112072729365,0.0591413469919122,1.90955882699593,39,0.0408580183861083
"weightF","Mito:Nuc","k = 20",1000,0.240559150792353,0.700084969508276,0.838963598828958,0.978220755804229,2.10926015345026,0.389934079301743,1.28650870273323,89,0.004
"weightF","Mito:Nuc:Treatment","k = 5",1000,0.00656921329698725,0.37366550943418,0.783905505147159,1.46783598453326,5.28867204970837,0.00656921329698725,3.04453802197002,34,0.164
"weightF","Mito:Nuc:Treatment","k = 10",1000,0.0682183519384013,0.666916408492892,1.21695029524248,1.87032711080975,4.4086658200295,0.0682183519384013,3.60089800794493,4,0.24
"weightF","Mito:Nuc:Treatment","k = 15",979,0.0939296331857149,1.01679972400777,1.56529998986808,2.03282689789065,4.24555203969558,0.0939296331857149,3.5112613715043,4,0.323799795709908
"weightF","Mito:Nuc:Treatment","k = 20",1000,0.607572919648616,1.59744360927857,1.89363404491031,2.10941853345657,2.76213345894833,0.845562020640663,2.76213345894833,22,0.492
"weightF","Mito:Treatment","k = 5",1000,0.00173236978655486,0.459634604773977,0.77795214747382,1.15899241132827,3.72761993842144,0.00173236978655486,2.19163882128202,16,0.044
"weightF","Mito:Treatment","k = 10",1000,0.0829051885997472,0.6937987684336,0.986819865797049,1.36156881490371,2.75039104917212,0.0829051885997472,2.32632991492785,8,0.034
"weightF","Mito:Treatment","k = 15",979,0.273788974055241,0.983546263093076,1.22661226941399,1.49565313248942,2.39177540399425,0.273788974055241,2.25244561639026,5,0.0337078651685393
"weightF","Mito:Treatment","k = 20",1000,0.610088114143828,1.24293828912413,1.40874934909582,1.54771205855426,1.86271294256787,0.793865595859545,1.86271294256787,5,0
"weightF","Nuc:Treatment","k = 5",1000,0.000273511616091298,0.169210141357059,0.423779040161101,0.931085581871234,4.04244927062189,0.000273511616091298,2.06387790299059,35,0.047
"weightF","Nuc:Treatment","k = 10",1000,0.000837651807159995,0.146016139743788,0.352338700095772,0.717267348951249,3.40674992810831,0.000837651807159995,1.57222163273353,33,0.011
"weightF","Nuc:Treatment","k = 15",979,0.000536173048493219,0.131500475520956,0.302138953005968,0.635967353664632,2.31261864292213,0.000536173048493219,1.38014814525874,26,0.00510725229826353
"weightF","Nuc:Treatment","k = 20",1000,0.000114123310950861,0.139508446323004,0.282284892930497,0.427623436227561,1.07590844231409,0.000114123310950861,0.84104261976429,32,0
"weightM","Mito:Nuc","k = 5",958,0.000215983599281294,0.310250280373419,0.745540466175592,1.10637846068053,8.14778801510999,0.000215983599281294,2.28861797807527,51,0.0762004175365344
"weightM","Mito:Nuc","k = 10",812,0.00748362949302399,0.574367918885739,1.02076674084626,1.32960439747993,6.46691088489388,0.00748362949302399,2.43320760106926,57,0.112068965517241
"weightM","Mito:Nuc","k = 15",553,0.0166911824470384,0.848201024947254,1.12438940815085,1.44251591661942,5.48299724267433,0.0166911824470384,2.31993595801749,51,0.157323688969259
"weightM","Mito:Nuc","k = 20",177,0.473515467506257,1.03632196628544,1.27220309119839,1.52594257993247,2.32867255469384,0.473515467506257,2.21854323514354,8,0.0677966101694915
"weightM","Mito:Nuc:Treatment","k = 5",958,0.00267386724125298,0.168149602365728,0.364575994887173,0.7227161561861,5.51346994741048,0.00267386724125298,1.54700628907934,47,0.0292275574112735
"weightM","Mito:Nuc:Treatment","k = 10",812,0.00444761420463524,0.141720187728789,0.262091913149939,0.424988145850031,2.63639846661992,0.00444761420463524,0.84537747990575,54,0.00246305418719212
"weightM","Mito:Nuc:Treatment","k = 15",553,0.00671257802722626,0.124226580730989,0.193340897334791,0.297184475117917,0.811268205200112,0.00671257802722626,0.551580596362828,20,0
"weightM","Mito:Nuc:Treatment","k = 20",177,0.0458438060153615,0.119427988492733,0.189780164253986,0.246089074284438,0.35403521773717,0.0458438060153615,0.35403521773717,0,0
"weightM","Mito:Treatment","k = 5",958,0.00386271282504226,0.387352930262987,0.866034876090899,2.18651405186033,19.1022821718484,0.00386271282504226,4.81953343440597,151,0.279749478079332
"weightM","Mito:Treatment","k = 10",812,0.0507242327768928,0.721362627561048,1.49739266808102,5.28105573192786,20.1774475638324,0.0507242327768928,11.9961980142243,4,0.394088669950739
"weightM","Mito:Treatment","k = 15",553,0.0867298037158993,1.11538892804534,1.65445003401844,5.64980392349925,11.5727322764928,0.0867298037158993,11.5727322764928,0,0.44122965641953
"weightM","Mito:Treatment","k = 20",177,0.672256002748348,1.25004741813948,5.41912291632497,5.67104987076785,6.84643091711417,0.672256002748348,6.84643091711417,0,0.542372881355932
"weightM","Nuc:Treatment","k = 5",958,0.000278653617212706,0.124777250191308,0.282627160915149,0.576328526380226,6.08494062089067,0.000278653617212706,1.23862868096281,50,0.0187891440501044
"weightM","Nuc:Treatment","k = 10",812,8.08476974374097e-05,0.0864787862175874,0.181395572718301,0.367624098263246,1.98080794022448,8.08476974374097e-05,0.784921610492501,30,0.00123152709359606
"weightM","Nuc:Treatment","k = 15",553,0.000541270500017975,0.0541351226933457,0.126686020206825,0.238459092035084,1.08268401168646,0.000541270500017975,0.51095792254718,19,0
"weightM","Nuc:Treatment","k = 20",177,0.00509794641559843,0.0287965355225907,0.062622711845268,0.128635331781486,0.238119283868548,0.00509794641559843,0.238119283868548,0,0
"dev","Mito:Nuc","k = 5",1000,0.000979540670415363,0.224819074235993,0.501236001193143,0.924736098454943,10.9726500554143,0.000979540670415363,1.96729443784973,57,0.063
"dev","Mito:Nuc","k = 10",1000,0.0179998850718039,0.372079329322452,0.680115267703768,1.13759685151052,8.14540988800167,0.0179998850718039,2.25604296559046,17,0.05
"dev","Mito:Nuc","k = 15",1000,0.0377673390986341,0.517560918080485,0.865348778493216,1.18205402782553,2.88663215482637,0.0377673390986341,2.13560621944089,5,0.015
"dev","Mito:Nuc","k = 20",1000,0.294534841813771,0.841578086909436,0.999560830075121,1.15339796810925,1.64992975053755,0.399023330999873,1.58824641646971,28,0
"dev","Mito:Nuc:Treatment","k = 5",1000,0.00221571744388025,0.122526266459513,0.245602368482836,0.418728064128339,1.32619870877722,0.00221571744388025,0.857790694760408,43,0
"dev","Mito:Nuc:Treatment","k = 10",1000,0.000270538681800143,0.0808319028451076,0.153648804952603,0.270427885882341,0.871349729613252,0.000270538681800143,0.548470236167327,28,0
"dev","Mito:Nuc:Treatment","k = 15",1000,0.00432387037125991,0.0670867195851017,0.112523671592816,0.186181507844633,0.647042970506025,0.00432387037125991,0.362369901186963,19,0
"dev","Mito:Nuc:Treatment","k = 20",1000,0.0159652564346588,0.069942639826803,0.093632089145914,0.111344451021518,0.219285813460894,0.0159652564346588,0.170120551675906,42,0
"dev","Mito:Treatment","k = 5",1000,0.00101714033810193,0.453484644662703,0.9007971629181,1.42106563429445,5.25840592734473,0.00101714033810193,2.83384649576229,30,0.113
"dev","Mito:Treatment","k = 10",1000,0.0648296019765928,0.825470558618662,1.22344635639449,1.67661200870545,3.7019071212445,0.0648296019765928,2.9466223044017,11,0.165
"dev","Mito:Treatment","k = 15",1000,0.158100774041997,1.20737817584221,1.53506368167657,1.92932665004244,3.37996894672029,0.158100774041997,2.99731425096268,6,0.264
"dev","Mito:Treatment","k = 20",1000,0.913108546013072,1.60127183116673,1.8233021745448,2.0364650948682,2.53113331323269,1.02198942776365,2.53113331323269,2,0.429
"dev","Nuc:Treatment","k = 5",1000,0.000964639564131107,0.284990853290306,0.600584090064719,1.0459807862414,2.99556861546748,0.000964639564131107,2.17782944558264,26,0.048
"dev","Nuc:Treatment","k = 10",1000,0.00592076010768452,0.562951260022681,0.986402995089016,1.38136205661811,2.992193643099,0.00592076010768452,2.58174050410645,12,0.092
"dev","Nuc:Treatment","k = 15",1000,0.168900625000029,0.922959520755002,1.21178441209969,1.57167765840528,3.22743857161387,0.168900625000029,2.54254134686567,11,0.114
"dev","Nuc:Treatment","k = 20",1000,0.91075873306881,1.32933195147594,1.53403157580243,1.70360938019152,2.28621268357059,0.91075873306881,2.24448727534268,3,0.114
