"Mito","Nuc","Treatment","PC1","PC2","PC3","PC4","PC5","PC6","PC7"
"375","375","Control",-2.10897160860454,-0.402108447678526,0.04702074507251,-0.681733978922686,0.131360101450092,-0.0502677866931593,-0.248122392568256
"375","375","Rotenone",-2.31569408157287,-1.08413780276725,0.0922393922894891,-0.678179239964662,0.223921875044574,-0.324321533597646,-0.339771832751983
"Bei04","375","Control",-2.29355468751292,-0.492267373112475,-0.796550053175168,1.34322922419377,0.513335657787508,-0.515380088504326,0.0262738219471092
"Bei04","375","Rotenone",-2.10155605000197,-0.551960599746874,-0.671631429457503,0.822947746331997,0.294110384441857,-0.797277390526173,0.266002944724408
"Bei04","Ore","Control",2.61385446848147,0.36512731063471,-1.33403395001817,0.163405202445813,2.10245617542382,0.0216843877505817,0.583979118462495
"Bei04","Ore","Rotenone",1.89412269022661,-1.42623735729983,-0.425774388652541,1.20146259279001,0.922946665005978,1.56442075656139,-0.0319155530743385
"Bei05","375","Control",-1.09043577116965,0.753494730793495,0.135434002780736,-0.68809741717328,-0.248075269111285,-0.303767941154687,-0.256143564997744
"Bei05","375","Rotenone",-1.18760808607509,0.819937004996325,-0.0111081118455035,-0.689310626949014,0.195242666800158,-0.428403491326278,-0.643479329971663
"Bei05","Ore","Control",0.599674457247289,-0.394889070041419,-0.0882276883714392,-0.0788504926669873,0.102898566544222,-0.312804957130026,0.0599586324288208
"Bei05","Ore","Rotenone",1.30482817524017,0.501237961968462,-0.836620737674277,0.129042564969889,0.260616747627613,0.364030957911771,0.197980453079204
"Bei11","375","Control",-1.92401826658325,0.3416828642577,0.223598672528465,-0.592595835585009,0.448620896305242,0.481272149740279,-0.0882261856967817
"Bei11","375","Rotenone",-1.47947349410504,0.763748880229372,-0.194113984476962,-0.315116756350944,0.0986624778717108,0.393933162188583,-0.464542294512838
"Bei11","Ore","Control",2.17286674511837,0.160649637576921,-0.515124455607387,0.65795156109624,0.565915987967744,-0.222333482819823,-0.133444668128047
"Bei11","Ore","Rotenone",1.58973218657245,0.244386008603354,0.187777824052877,-0.482353148494674,0.254841330220784,-0.0927428375980336,0.214701366461704
"Bei12","375","Control",-0.902678696772832,1.22717465016935,-0.614660966052502,0.0377699679496344,-0.320981858790191,0.49742127892525,-0.568804053002369
"Bei12","375","Rotenone",-1.59850098131731,0.946194937124463,-0.361397410360245,0.233938872823944,-0.792308916913519,0.0898930198011201,-0.252772717307677
"Bei12","Ore","Control",2.19226846177319,0.398049223700765,-0.653781188958814,-1.41725827845341,-0.0375313244655474,0.0964378782820673,-0.20073885782092
"Bei12","Ore","Rotenone",1.83808724957671,0.750719196806549,-0.49096593649764,-1.26887721175089,0.0572919280110685,-0.164063871807129,0.197725263648776
"Bei23","375","Control",-1.66603830047777,1.01714453818727,-0.50966184084791,-0.332814306007146,-0.115993041166816,0.563828133944823,0.562500705467968
"Bei23","375","Rotenone",-1.38704000795842,0.649534639804932,0.116771747930669,-0.528096922525091,-0.0546889460340341,0.551034014088543,0.0949332962836714
"Bei23","Ore","Control",1.1930432987157,0.621930499257879,-0.942503410132257,-0.25516499423014,-0.0367574075029545,-0.21105345072837,-0.524215650655495
"Bei23","Ore","Rotenone",1.60902924240147,-0.403478572770478,0.119489894186032,-0.258972475906383,-0.0158357290547163,0.224761560806152,-0.34185526115716
"Bei38","375","Control",-1.96049178691436,-1.14263269031829,0.133264486365816,0.630822211742965,-0.0129512829459442,-0.933363451200588,0.155733336513329
"Bei38","375","Rotenone",-2.01178451203805,-1.10852386106843,0.30697696546435,-0.116187035856248,-0.340912902809601,-0.902751530362187,0.310255951763505
"Bei38","Ore","Control",1.20995179904198,-2.69223348041165,0.814572541867106,-0.66120314188648,0.103077219260002,-0.170602865685305,0.141046056927299
"Bei38","Ore","Rotenone",1.93961708070414,-3.20396751763946,1.34919080020822,0.192620004426889,-1.26300198347151,-1.14830874944354,0.128015922153926
"Bei42","375","Control",-2.19030162400374,-0.00871740724437817,0.257581702795357,-0.393981362360049,-0.451722293666883,-0.0533577439655817,0.242613815884688
"Bei42","375","Rotenone",-1.63369406076569,0.411327505811001,0.00486337719953311,-0.0725001707240751,-1.01229353549079,0.0513938207572083,0.667558273857421
"Bei42","Ore","Control",2.67386959758029,-0.50630105385049,-0.708568122190462,1.49907236059272,-0.462106129764235,-0.316026881586961,0.795349513230427
"Bei42","Ore","Rotenone",2.36039797389712,-0.548185514756623,-0.473517722363934,2.03683399846734,-1.0377274659284,0.122330190774281,-0.0944759714986984
"Bei52","375","Control",-1.7288591810913,1.26276476075688,-0.383268750590644,0.335037171415259,0.0509827714949195,-0.0404695817802358,0.0203307639444108
"Bei52","375","Rotenone",-1.84110528218902,-0.180045051379634,0.490965625568108,0.0954545627732049,-0.624203048011807,-0.268637367832315,-0.232385920869352
"Bei52","Ore","Control",3.1162725856126,0.247957138316886,-0.770419847419953,1.29803980528038,0.417743904561615,-1.08294270933254,-0.159349118475222
"Bei52","Ore","Rotenone",1.43339779880545,-0.138365648292516,0.329862694927207,0.7947846144127,-0.543559780616341,-0.513352078620798,-1.06986453819409
"Bei54","375","Control",-2.35905742751929,1.15357699282337,2.8446719525501,0.763729527504395,1.79772804906931,-0.425632134617038,0.210422569230809
"Bei54","375","Rotenone",-2.14723581597879,0.321222506792532,1.42488808950874,0.788895975376064,0.285946785703673,-0.426005152689268,0.16895026763763
"Bei54","Ore","Control",0.524937871976235,-0.0877688126085549,0.211673299732558,-0.807889887156515,0.422297218455903,-0.248823024898223,-0.51661143771866
"Bei54","Ore","Rotenone",2.38306999204509,2.40059618133275,6.05068935947525,0.756247107660926,0.697933979221007,0.269483385394689,0.0113930792003029
"Bei59","375","Control",-1.47044200405595,0.812270282809695,-0.905085792976554,-0.629626830905939,0.768021159117612,0.754470173849594,0.0717384401846832
"Bei59","375","Rotenone",-1.61276724893522,-0.581702781436528,-0.859078236682186,-0.976663906466936,0.443639764611346,0.197211348047106,-0.171521078673889
"Bei59","Ore","Control",1.73482873598105,0.685757807002263,-1.05764694875188,0.214079186015037,-0.29158432814007,-0.221518039419659,-0.686536522932351
"Bei59","Ore","Rotenone",2.41814189169669,-0.597178578479867,0.609378724120593,-0.724951842109175,-1.1208216614127,0.512539824084763,0.120455875626337
"Ore","Ore","Control",2.08264685223479,0.208747920365952,-0.306391239132064,-0.503417263734716,0.0781336383807895,-0.00101566217549443,-0.406747160174894
"Ore","Ore","Rotenone",2.51908863303434,0.963059019137088,-0.514591539396697,-0.0694191602209007,-1.08964783795909,0.195443004301936,-0.148410341216004
"ZH23","375","Control",-1.68610329410487,-1.00903612807038,-0.13770899531742,0.16302092447995,0.374620884663959,-0.0374556709355176,-0.14321787503625
"ZH23","375","Rotenone",-1.47275477642594,-3.22047947241097,0.669920896870291,0.610972736416932,-0.296764388998611,1.10899565416451,0.00445007373992082
"ZH23","Ore","Control",1.02333989883178,-2.08802322448837,0.735860979134046,-0.668403739085405,0.544636842044229,-0.704928763548399,0.0170780036580855
"ZH23","Ore","Rotenone",1.02921519961365,-2.02679346756836,0.798262807693699,-0.810691936348562,-1.13320707966295,-0.474094914166978,0.0838569835247029
"ZH26","375","Control",-0.905899812088333,1.60059213929499,-1.44259367238957,1.49312354295225,0.649063470418251,0.0929783279302097,0.0758521462849108
"ZH26","375","Rotenone",-1.63044380155083,0.864985224796319,-0.429188446252665,0.685162213944812,0.523143223509221,0.316314031717349,0.195690597167841
"ZH26","Ore","Control",2.16315634994007,0.310885938721002,0.997734451952769,-0.179510038023062,0.648725642346514,-0.484345465629167,0.388710952906257
"ZH26","Ore","Rotenone",0.868383718626675,-0.508399441299838,-0.290331510284283,0.157639498947517,0.589444365294315,-0.185851841905728,-0.626479308907034
"ZH33","375","Control",-1.96822030023055,-0.0480035633789844,-0.324053607899983,-0.406355308640395,0.673991463860866,-0.0994960380998804,0.388097888520494
"ZH33","375","Rotenone",-2.64884285417435,-0.311031211556991,0.669193125604381,-0.707520319904654,0.0433622706452798,0.245169018702177,-0.288010106665898
"ZH33","Ore","Control",1.5538591026807,0.0684026722130691,-0.568735713309651,-0.0661127073311717,0.327128772961197,-0.209669823281712,-0.110710774753814
"ZH33","Ore","Rotenone",1.40883731019015,-0.529721346737232,0.206030881769124,-1.05228877234374,0.0709119676381852,-0.446086954874317,0.214776288049262
"ZH42","375","Control",-2.29037825382521,0.481258672906497,-0.274749666944499,-0.15551468194988,0.319238841400012,0.609319510316595,0.16202942588329
"ZH42","375","Rotenone",-2.22537139924317,-0.763304276901534,-0.106387053003712,0.251922679078352,0.375807017533034,0.0796748430539533,-0.252134630188349
"ZH42","Ore","Control",1.98562490072663,0.279110587833423,-0.426915249824135,-1.31734710504114,-0.5563069700767,0.543461381291268,-0.305182036845575
"ZH42","Ore","Rotenone",0.96047757910966,-0.594719779229403,0.0469162669691318,-0.441786513863178,0.191988359822054,0.000934811066515467,0.197233802722804
"ZW09","375","Control",-0.635627280562991,0.874392030403859,-0.848079573569032,0.431165687137168,-1.11842566597081,-0.135184852740547,0.668658532333367
"ZW09","375","Rotenone",-1.18994191584367,0.497045449907993,0.130276923560643,0.476871269912419,-1.46096938390689,-0.0112792018342916,0.214138736815007
"ZW09","Ore","Control",2.5410252231312,-0.49623459543289,-0.587290273853818,0.726783160806238,1.10053669357045,-0.312978628323043,0.236725790029392
"ZW09","Ore","Rotenone",1.06571765324568,-0.293878275507674,-0.262400834327237,0.7226160324476,-0.292614768443549,-0.152105610247063,-0.213836793049405
"ZW133","375","Control",-2.39186495293607,0.30859783161476,-0.0939015764571661,-0.653794427455072,0.615579567450335,0.0293246139382078,0.106384402752318
"ZW133","375","Rotenone",-0.511395481097233,-3.09678927630329,0.370828768692818,1.81398867596896,0.667278138000241,2.53700759439441,-0.253953945183086
"ZW133","Ore","Control",1.32289468408922,2.00461818402701,0.419317501581298,0.643542096501437,0.394248516823092,-0.169913460616566,-0.307588750171895
"ZW133","Ore","Rotenone",2.18215673611017,-0.773556484802074,0.676201073645004,-0.674807294388831,-0.0859530200185244,0.0356275853360615,-0.0277757581318676
"ZW140","375","Control",-1.11551245947199,0.25138670341358,-0.667068120345015,1.01876910805246,-1.52885148994193,0.0841855996247986,0.263768977013587
"ZW140","375","Rotenone",-1.08433374655098,1.22217626767401,0.0841809017524443,0.463208404455402,-1.98051742953543,0.380556924513413,0.431138169056509
"ZW140","Ore","Control",2.15064669841893,0.943465867102533,-0.954949911616329,0.724797965601102,-0.116774621837813,-0.458236122358387,-0.229046437494978
"ZW140","Ore","Rotenone",1.64348378905683,0.638575549270046,-0.578267477601971,0.864473941487171,-0.527354946951117,0.0155780408707518,-0.250970345897201
"ZW142","375","Control",-1.27514335478209,0.523296040930336,-1.02251487213861,-0.535023451008963,0.849950593350826,-0.0684557098423389,0.19413167574911
"ZW142","375","Rotenone",-1.03472804550196,0.611148355161922,-0.60106597780535,-0.263212125328132,0.57772636355135,-0.182053157425568,0.614449232974165
"ZW142","Ore","Control",0.862645068532601,-0.285657641074063,-0.121666386572699,0.309717910600546,1.01840853994681,-0.0670154050766456,-0.215951181169976
"ZW142","Ore","Rotenone",2.21486897946819,-0.794799602503404,0.00792121060255599,-1.19527213240786,-0.208429510530506,0.499830275399012,0.294219733351485
"ZW144","375","Control",-2.5316682490035,1.11330969531154,0.510163267560466,0.145256918611149,-0.443050216293723,-0.16931124258998,-0.140387317134323
"ZW144","375","Rotenone",-2.20666030207319,-0.0769773262454915,0.132581365357413,-0.0288966406938214,0.422832270592755,-0.220079365318547,-0.0771083980744672
"ZW144","Ore","Control",-0.368119278971746,-0.980062669229409,-0.357965275556137,-0.631093591640007,1.53402990255808,-0.238688285708912,0.120867333422582
"ZW144","Ore","Rotenone",2.83003576499422,1.75735704086067,3.18876395523992,-0.0848865680096465,-0.401009134222075,0.739190206323851,0.165943876049717
"Zim53","375","Control",-3.20490569664973,-0.192801363718037,0.219948365570445,-0.293193357956568,-0.734703648677176,0.0416751379077527,-0.0262973240127766
"Zim53","375","Rotenone",-2.6276907436595,0.538218886557633,-0.462981961076427,0.516012113885448,-0.861326636017972,-0.0582844783540184,-0.0908654756700711
"Zim53","Ore","Control",3.17747201311918,0.702779511941471,-1.12569992518343,-1.42632862900988,-0.641084096084996,0.829271923999008,0.388234483102186
"Zim53","Ore","Rotenone",1.91846056636337,0.70972347184084,-0.0950424848718809,-1.4832397876578,0.120831226894003,0.251575748648309,0.28030487102358
"siI","375","Control",-1.50096586791655,0.0214438033095757,0.0867080705818709,0.152566419046667,0.18600160491126,-0.145397797581232,-0.0991825561305476
"siI","375","Rotenone",-2.12338917720202,-0.254347929791884,0.164752699479492,-0.392491951015925,-0.401492617718315,-0.0505465138713487,-0.142431651780834
"siI","Ore","Control",2.19144970186289,-0.186488354503189,-0.424767129177509,0.349954388063268,0.561346047016617,-0.0157779369170844,0.35100266436362
"siI","Ore","Rotenone",1.69030380131226,-0.393188380781907,0.0756762792524052,-0.050879784532135,-0.441496021671921,-0.101531177822734,0.31538414226532
"yak","375","Control",-1.85809439082619,-0.391512228670705,0.226833757405589,-0.301084128518219,-0.0242365564573248,0.0364828822009375,0.0767409469710641
"yak","375","Rotenone",-2.13616254493003,-0.547356015607167,0.864135837796381,-0.43948313353623,-0.647879549848734,-0.0270169524050837,-0.147036506513517
"yak","Ore","Control",2.26888153239751,0.542464431186437,-0.570639194896671,0.119207902341618,0.109172527949939,-0.221650267586241,-0.0168778287263661
"yak","Ore","Rotenone",1.17886289548092,0.520337121176991,0.166567355212032,0.646342563083998,-0.952578569008111,0.193916285947477,-0.152809745452854
