"Mito","Nuc","Treatment","dev","weight_M","climb_M","flight_M","Mito_orig"
"375","375","Control",11.3258268964042,0.65645448070448,3.23073148148148,0.860384284582136,"375"
"375","375","Rotenone",11.4448531599639,0.603018083743901,3.33829320987654,0.851602550358396,"375"
"Bei04","375","Control",11.1233956447801,0.679520146520146,4.15670555555556,0.820762305743821,"Bei"
"Bei04","375","Rotenone",11.1946747974944,0.663436297036297,3.86001666666667,0.835535662455508,"Bei"
"Bei04","Ore","Control",9.95121676129951,0.760630443630446,2.25121111111111,0.774868930732128,"Bei"
"Bei04","Ore","Rotenone",10.7256190740166,0.760392385392382,2.56135,0.694482076920699,"Bei"
"Bei05","375","Control",11.141168000011,0.778503663003663,3.02641388888889,0.882248540068375,"Bei"
"Bei05","375","Rotenone",11.0082286858713,0.761932234432234,3.22698888888889,0.88529472170877,"Bei"
"Bei05","Ore","Control",11.0050855566996,0.755264957264958,2.70426666666667,0.81266884686478,"Bei"
"Bei05","Ore","Rotenone",10.6172903432585,0.779663919413919,2.56294444444444,0.804459826169033,"Bei"
"Bei11","375","Control",11.1244193704821,0.744550341933265,3.07318194444444,0.860564608425527,"Bei"
"Bei11","375","Rotenone",11.0315998181579,0.757028718855963,3.26316666666667,0.862942122186495,"Bei"
"Bei11","Ore","Control",10.5490796612668,0.838509596171804,2.6932,0.781752411575563,"Bei"
"Bei11","Ore","Rotenone",10.795873718817,0.837305420380273,2.18457361111111,0.817565797308563,"Bei"
"Bei12","375","Control",10.9311371231108,0.783545177045177,3.32537222222222,0.858861931209198,"Bei"
"Bei12","375","Rotenone",11.2166107190301,0.782820512820512,3.50558611111111,0.868829925627746,"Bei"
"Bei12","Ore","Control",10.6554855118229,0.717811965811964,1.88666388888889,0.832829841302769,"Bei"
"Bei12","Ore","Rotenone",10.642018816614,0.763631562881564,1.94544166666667,0.847432561792789,"Bei"
"Bei23","375","Control",11.015927738449,0.747124941702081,2.99227361111111,0.868890135738794,"Bei"
"Bei23","375","Rotenone",11.125269979082,0.776366921090602,2.90128194444444,0.860762316051353,"Bei"
"Bei23","Ore","Control",10.6821129193487,0.742568575851392,2.79788333333333,0.832882944516659,"Bei"
"Bei23","Ore","Rotenone",10.9491695787907,0.790671339947464,2.37156527777778,0.79225667820925,"Bei"
"Bei38","375","Control",11.4776009310772,0.69359696969697,3.67718333333333,0.828497942386831,"Bei"
"Bei38","375","Rotenone",11.5940606003398,0.669366666666668,3.32616111111111,0.848747723132969,"Bei"
"Bei38","Ore","Control",11.4430806376264,0.660265540015537,2.07225,0.757492225049477,"Bei"
"Bei38","Ore","Rotenone",11.8783047452172,0.743888888888892,2.27312222222222,0.744570298453794,"Bei"
"Bei42","375","Control",11.4502094356261,0.726866666666666,3.17999722222222,0.868174642794501,"Bei"
"Bei42","375","Rotenone",11.4204081964765,0.770151255589957,3.03846388888889,0.864289776766671,"Bei"
"Bei42","Ore","Control",10.8245898199023,0.839708537581695,2.58595277777778,0.746605149402535,"Bei"
"Bei42","Ore","Rotenone",11.0384710026693,0.876550505050507,3.04117777777778,0.733965613355632,"Bei"
"Bei52","375","Control",10.9635902577054,0.810121439628482,3.537775,0.872569840458305,"Bei"
"Bei52","375","Rotenone",11.5167574937094,0.77171818181818,3.42469722222222,0.853960429930855,"Bei"
"Bei52","Ore","Control",10.4344357984064,0.879558441558443,2.88223055555556,0.774398011690064,"Bei"
"Bei52","Ore","Rotenone",11.0947100707636,0.88076445374801,3.15725277777778,0.797109614362039,"Bei"
"Bei54","375","Control",11.1013364928179,1.14995016339869,3.45567222222222,0.864625726744186,"Bei"
"Bei54","375","Rotenone",11.3780563242794,0.944394736842104,3.56825555555556,0.85112540192926,"Bei"
"Bei54","Ore","Control",10.9348933829414,0.758956907894738,2.59669722222222,0.835325168918919,"Bei"
"Bei54","Ore","Rotenone",11.1297366593974,1.70583333333333,1.72375,0.820686353319463,"Bei"
"Bei59","375","Control",10.7412691316463,0.675098275713795,3.01086666666667,0.858292863175676,"Bei"
"Bei59","375","Rotenone",11.0798681113028,0.54632403097204,3.03942777777778,0.848082223242995,"Bei"
"Bei59","Ore","Control",10.654462045981,0.77629170401494,2.90009305555556,0.81805199795082,"Bei"
"Bei59","Ore","Rotenone",11.2450494056848,0.825405973266502,1.69230277777778,0.787716807097425,"Bei"
"Ore","Ore","Control",10.7149264036374,0.78934589994736,2.29358333333333,0.810214954221979,"Ore"
"Ore","Ore","Rotenone",10.8046375179598,0.863629003288379,2.26108395061728,0.816357838498346,"Ore"
"ZH23","375","Control",11.2770636670404,0.655134226884224,3.40998611111111,0.81770730907899,"Zim"
"ZH23","375","Rotenone",11.8791327984876,0.610080586080587,3.07938333333333,0.730570252792475,"Zim"
"ZH23","Ore","Control",11.2510961856264,0.68963247863248,2.29084166666667,0.783378500451671,"Zim"
"ZH23","Ore","Rotenone",11.6754340013253,0.691508058608056,2.14452222222222,0.795071225071225,"Zim"
"ZH26","375","Control",10.4911477733268,0.818450183150182,3.87787222222222,0.835243941732097,"Zim"
"ZH26","375","Rotenone",10.8803727547456,0.802497028897031,3.52294444444444,0.842308643951854,"Zim"
"ZH26","Ore","Control",10.7469599656485,0.961619047619048,2.05773962264151,0.809046487674029,"Zim"
"ZH26","Ore","Rotenone",10.8346826411588,0.741527625152621,2.951375,0.795401364028135,"Zim"
"ZH33","375","Control",11.0567336902102,0.671355463659149,3.16970972222222,0.857050427417457,"Zim"
"ZH33","375","Rotenone",11.4854661296825,0.712209614723081,3.24201111111111,0.865632455139508,"Zim"
"ZH33","Ore","Control",10.6921642087354,0.765715254557964,2.5754375,0.806490331674228,"Zim"
"ZH33","Ore","Rotenone",10.9990892950462,0.740870877192979,2.04993611111111,0.822798352957505,"Zim"
"ZH42","375","Control",11.0944328927927,0.721773892773891,3.30274166666667,0.857164439072942,"Zim"
"ZH42","375","Rotenone",11.3006473716744,0.666664957264961,3.60506944444444,0.827257335466534,"Zim"
"ZH42","Ore","Control",10.857233855239,0.732485185185186,1.89188888888889,0.825156813429896,"Zim"
"ZH42","Ore","Rotenone",10.9929929701686,0.744923076923079,2.34691111111111,0.803555595629894,"Zim"
"ZW09","375","Control",11.129523730146,0.772676942355887,3.12621388888889,0.85425571857671,"Zim"
"ZW09","375","Rotenone",11.4865619024723,0.829480392156859,3.26598333333333,0.852433764633395,"Zim"
"ZW09","Ore","Control",10.4655904047311,0.799950285063519,2.51311333333333,0.756207542060586,"Zim"
"ZW09","Ore","Rotenone",11.0015433082923,0.802642901773153,2.96513717948718,0.789813103306634,"Zim"
"ZW133","375","Control",11.0981054774381,0.693274153131225,3.23644215686275,0.875824186469858,"Zim"
"ZW133","375","Rotenone",11.4295599958696,0.68933893103073,3.16434888888889,0.656006958016458,"Zim"
"ZW133","Ore","Control",10.5369188555451,1.04832418042656,2.89202916666667,0.840319246669729,"Zim"
"ZW133","Ore","Rotenone",11.0526995230582,0.814212215724495,1.90560138888889,0.788386088085194,"Zim"
"ZW140","375","Control",11.4066948629083,0.763012698412703,3.51739166666667,0.831230745532964,"Zim"
"ZW140","375","Rotenone",11.478992983955,0.883684210526319,3.11596111111111,0.864385537444687,"Zim"
"ZW140","Ore","Control",10.5364583333333,0.852209064327488,2.87398333333333,0.809681942762445,"Zim"
"ZW140","Ore","Rotenone",10.7961270229539,0.863734523809522,2.91766111111111,0.799429672812298,"Zim"
"ZW142","375","Control",10.7372638373733,0.651072263993317,3.10971805555556,0.862429617117117,"Zim"
"ZW142","375","Rotenone",10.8289011047704,0.727826173890611,2.975275,0.858577866673418,"Zim"
"ZW142","Ore","Control",10.7131418477539,0.789641633986927,2.84651111111111,0.791438356164384,"Zim"
"ZW142","Ore","Rotenone",10.979438891401,0.717027360066834,1.60150694444444,0.790156108097494,"Zim"
"ZW144","375","Control",11.3433892351977,0.856183528265106,3.62180555555556,0.891284891617696,"Zim"
"ZW144","375","Rotenone",11.2204260598327,0.727650000000002,3.48154615384615,0.856029319882355,"Zim"
"ZW144","Ore","Control",10.8051909384187,0.626436842105263,2.75564444444444,0.81320256294964,"Zim"
"ZW144","Ore","Rotenone",11.025543449712,1.32252671568627,1.50610555555556,0.815411786795597,"Zim"
"Zim53","375","Control",11.6577619842522,0.68468956043956,3.55318333333333,0.876406752411576,"Zim"
"Zim53","375","Rotenone",11.3988013350937,0.731369963369965,3.85958333333333,0.870502942425529,"Zim"
"Zim53","Ore","Control",10.5673102606613,0.724935897435898,1.36636944444444,0.814570680004764,"Zim"
"Zim53","Ore","Rotenone",10.6797506523762,0.793333943833949,1.68778888888889,0.841041023759684,"Zim"
"siI","375","Control",11.1761062987623,0.760106622133071,3.36276262626263,0.844220686590768,"siI"
"siI","375","Rotenone",11.4549793696484,0.697032086288694,3.29186481481481,0.861218036988824,"siI"
"siI","Ore","Control",10.6167547445044,0.809296403491825,2.35462962962963,0.77509755477983,"siI"
"siI","Ore","Rotenone",11.0425264364184,0.806395455192833,2.27541018518519,0.795403930313794,"siI"
"yak","375","Control",11.3582541371526,0.708823526356683,3.16149861111111,0.847121876132672,"yak"
"yak","375","Rotenone",11.6726557604024,0.744542617524262,3.16704490740741,0.856537881373041,"yak"
"yak","Ore","Control",10.5900352900948,0.832302036022979,2.44026081081081,0.805233965686865,"yak"
"yak","Ore","Rotenone",11.0885124100831,0.907702597633571,2.78462638888889,0.80746730624071,"yak"
