"Mito","Nuc","Build","Set","Treatment","Sex","Y_adj","Larval_density"
"ZW144","375","A",2,"Rotenone","M",0.000760981557170805,1.21784837545126
"ZW144","375","A",2,"Control","M",0.000638926360642326,1.1153933165277
"ZW142","375","A",9,"Control","M",0.000608704747377136,1.00993794841962
"ZW142","375","A",9,"Rotenone","M",0.000716702681096185,0.845728038507822
"ZW142","375","B",9,"Control","M",0.000573727944258226,1.1032253894383
"ZW142","375","B",9,"Rotenone","M",0.000642830246742329,1.0487027677497
"ZW140","375","A",3,"Rotenone","M",0.000820086755172936,0.77323706377858
"ZW140","375","A",3,"Control","M",0.000684599981414399,0.77469135802469
"ZW140","375","B",3,"Rotenone","M",0.000809455176225568,0.608924187725632
"ZW140","375","B",3,"Control","M",0.000753880933795359,0.770635382328227
"ZW133","375","A",9,"Control","M",0.000565951586697657,1.06266563247366
"ZW133","375","A",4,"Rotenone","M",0.00063843702991443,0.889222623345367
"ZW133","375","A",4,"Control","M",0.000672374995289412,0.612452330166117
"ZW133","375","A",9,"Rotenone","M",0.000626582293525951,1.14535740072202
"ZW133","375","A",2,"Rotenone","M",0.000721360796936884,1.15502286401925
"ZW133","375","A",2,"Control","M",0.000587252676431797,1.18028892767112
"ZW133","375","B",9,"Control","M",0.000624133207416123,1.41959149376252
"ZW133","375","B",9,"Rotenone","M",0.000658923667794956,1.18885198555957
"ZW133","375","B",2,"Rotenone","M",0.000740584188749749,1.1695210589651
"ZW133","375","B",2,"Control","M",0.000598470768537065,1.46826320212009
"ZW09","375","A",3,"Rotenone","M",0.000786204402231751,0.826397111913357
"ZW09","375","A",3,"Control","M",0.000711761134296599,1.00993794841962
"ZW09","375","B",3,"Control","M",0.000722954618005874,0.584060500290867
"ZW09","375","B",3,"Rotenone","M",0.000734929892427834,0.850560770156438
"ZH42","375","A",4,"Control","M",0.000699794575708993,0.547556719022688
"ZH42","375","A",4,"Rotenone","M",0.000653191608669016,0.695913357400723
"ZH42","375","B",4,"Control","M",0.000701332260246677,0.936930385883267
"ZH42","375","B",4,"Rotenone","M",0.000658001376678786,1.02937184115523
"ZH33","375","A",9,"Control","M",0.000565584084609105,1.13972917070648
"ZH33","375","A",2,"Rotenone","M",0.000783622578842628,1.30967027677497
"ZH33","375","A",2,"Control","M",0.0005668026764318,1.75623747656906
"ZH33","375","A",9,"Rotenone","M",0.000641778394890478,0.97137906137184
"ZH33","375","B",9,"Rotenone","M",0.000659923641995165,0.676582430806258
"ZH33","375","B",2,"Rotenone","M",0.000708631557170797,1.12119374247894
"ZH33","375","B",2,"Control","M",0.000629833628812754,0.851754896257513
"ZH33","375","B",9,"Control","M",0.000554632539078612,1.01399392411609
"ZH26","375","A",5,"Control","M",0.000815062862514778,0.588116475987331
"ZH26","375","A",5,"Rotenone","M",0.00085348358521099,0.889222623345366
"ZH26","375","B",5,"Rotenone","M",0.000929408045935452,0.584760529482551
"ZH26","375","B",5,"Control","M",0.000841997416849334,0.450213302307543
"ZH23","375","A",6,"Control","M",0.000714613545627959,0.71790769827419
"ZH23","375","A",6,"Rotenone","M",0.000641016724294131,0.434945848375451
"ZH23","375","B",6,"Rotenone","M",0.000732665075942484,0.541265944645006
"ZH23","375","B",6,"Control","M",0.000698336544850958,0.515108913450973
"Bei59","Ore","A",9,"Rotenone","M",0.000798912368713928,1.12119374247894
"Bei59","Ore","A",9,"Control","M",0.000706485993793829,1.20868075754638
"Bei59","Ore","B",9,"Control","M",0.000663992327438401,1.43581539654838
"Bei59","Ore","B",9,"Rotenone","M",0.000729963580075661,1.49331407942238
"Bei52","Ore","A",3,"Rotenone","M",0.00083952096569925,0.671749699157641
"Bei52","Ore","A",3,"Control","M",0.000809226388340804,0.405597569646435
"Bei52","Ore","B",3,"Control","M",0.00083925236236678,0.271750371663112
"Bei52","Ore","B",3,"Rotenone","M",0.000784181452142636,0.836062575210591
"Bei42","Ore","A",3,"Rotenone","M",0.000854642310728487,0.328625752105897
"Bei42","Ore","A",3,"Control","M",0.000829563286736524,0.494829034968651
"Bei42","Ore","B",3,"Rotenone","M",0.000760632209718393,0.826397111913356
"Bei42","Ore","B",3,"Control","M",0.000739215656017564,0.8760907504363
"Bei38","Ore","A",6,"Rotenone","M",0.000835184556461964,0.937549939831529
"Bei38","Ore","A",6,"Control","M",0.00071254283855725,1.36280783401202
"Bei38","Ore","B",6,"Rotenone","M",0.000806113849391261,0.652418772563177
"Bei38","Ore","B",6,"Control","M",0.000710669878184293,0.973434167151445
"Bei23","Ore","A",2,"Control","M",0.000696671097484429,1.38714368819081
"Bei23","Ore","A",2,"Rotenone","M",0.00074449822383747,1.47398315282792
"Bei23","Ore","A",9,"Control","M",0.000670558284815502,1.28980027147567
"Bei23","Ore","A",9,"Rotenone","M",0.000787601445572739,1.20818291215403
"Bei23","Ore","B",9,"Control","M",0.00068399285653893,1.1600090491888
"Bei23","Ore","B",2,"Control","M",0.000504528992221271,1.60211040010342
"Bei23","Ore","B",9,"Rotenone","M",0.000713486215094581,1.00520818291216
"Bei23","Ore","B",2,"Rotenone","M",0.000840986102625348,1.60929963898917
"Bei12","Ore","A",7,"Rotenone","M",0.000779576722166635,1.15985559566787
"Bei12","Ore","A",7,"Control","M",0.000789672001061417,0.932874410186801
"Bei12","Ore","B",7,"Rotenone","M",0.000809617625707532,1.25651022864019
"Bei12","Ore","B",7,"Control","M",0.000753936958326375,1.82518906340896
"Bei11","Ore","A",2,"Control","M",0.000721286009765138,1.5696625945317
"Bei11","Ore","A",9,"Control","M",0.0006875923274384,1.20056880615345
"Bei11","Ore","A",9,"Rotenone","M",0.000793725519646812,1.20818291215403
"Bei11","Ore","A",2,"Rotenone","M",0.000871072466261709,1.44498676293622
"Bei11","Ore","B",9,"Rotenone","M",0.000768043983699098,1.34349939831528
"Bei11","Ore","B",9,"Control","M",0.000704967856538929,1.13161721931355
"Bei11","Ore","B",2,"Control","M",0.000902605617608272,1.5128789347812
"Bei11","Ore","B",2,"Rotenone","M",0.000856559498347273,1.84610348977136
"Bei05","Ore","A",4,"Control","M",0.000736597217511637,1.27763234438627
"Bei05","Ore","A",4,"Rotenone","M",0.000761054246031651,0.927884476534297
"Bei05","Ore","B",4,"Rotenone","M",0.000776136663614066,1.02937184115523
"Bei05","Ore","B",4,"Control","M",0.000731511747426168,1.13972917070648
"Bei04","Ore","A",5,"Rotenone","M",0.000875393231120631,0.633087845968714
"Bei04","Ore","A",5,"Control","M",0.000779891922343842,0.433989399521686
"Bei04","Ore","B",6,"Control","M",0.000807920183434601,1.31819210135092
"Bei04","Ore","B",5,"Control","M",0.000765579956531877,1.03427380259841
"Bei04","Ore","B",5,"Rotenone","M",0.000878863316590716,1.11636101083032
"Bei04","Ore","B",6,"Rotenone","M",0.000781578495855897,1.45465222623345
"Bei59","375","A",9,"Control","M",0.000595274487085884,0.880146726132764
"Bei59","375","A",9,"Rotenone","M",0.00063965568533882,0.826397111913357
"Bei59","375","B",9,"Control","M",0.00057929217427772,1.46015125072717
"Bei59","375","B",9,"Rotenone","M",0.000672335362472832,1.73495066185319
"ZW142","Ore","A",9,"Control","M",0.00067643544913152,1.45203929933424
"ZW142","Ore","A",9,"Rotenone","M",0.000721076445572737,1.59480144404332
"ZW142","Ore","B",9,"Control","M",0.000683184523205595,1.49665503199534
"ZW142","Ore","B",9,"Rotenone","M",0.000808151396839792,1.00520818291215
"Bei52","375","A",3,"Rotenone","M",0.000692310997597175,0.700746089049338
"Bei52","375","A",3,"Control","M",0.000825713286736527,0.799027212203477
"Bei52","375","B",3,"Control","M",0.000683891460111136,0.78280330941762
"Bei52","375","B",3,"Rotenone","M",0.000713298876385051,0.8988880866426
"Bei42","375","A",3,"Control","M",0.00066926426712868,0.81119513929287
"Bei42","375","A",3,"Rotenone","M",0.000699175644061829,0.802233453670276
"Bei42","375","B",3,"Control","M",0.000673830933795349,0.555668670415616
"Bei42","375","B",3,"Rotenone","M",0.000703300377463951,0.753906137184115
"Bei38","375","A",6,"Rotenone","M",0.000733463344340749,0.676582430806258
"Bei38","375","A",6,"Control","M",0.000727746878961298,0.892314653222158
"Bei38","375","B",6,"Rotenone","M",0.000758790617068026,0.787735258724428
"Bei38","375","B",6,"Control","M",0.00076212869714311,0.762523430935298
"Bei23","375","A",2,"Rotenone","M",0.000754501147814076,1.38699398315283
"Bei23","375","A",9,"Rotenone","M",0.000692115695211984,0.889222623345367
"Bei23","375","A",2,"Control","M",0.000154104850344844,1.15189709779588
"Bei23","375","A",9,"Control","M",0.000642469047015118,0.892314653222158
"Bei23","375","B",2,"Rotenone","M",0.0008815815571708,1.08736462093863
"Bei23","375","B",2,"Control","M",0.000455102676431802,0.884202701829228
"Bei23","375","B",9,"Control","M",0.000641582413765327,1.03832977829487
"Bei23","375","B",9,"Rotenone","M",0.000727558316917761,1.22268110709988
"Bei12","375","A",7,"Rotenone","M",0.000806863046952952,0.821564380264741
"Bei12","375","A",7,"Control","M",0.000823527312416728,0.790915260810549
"Bei12","375","B",7,"Rotenone","M",0.000820709200799112,0.608924187725632
"Bei12","375","B",7,"Control","M",0.000851548069437489,0.884202701829229
"Bei11","375","A",2,"Control","M",0.000719423436665719,1.07888953525952
"Bei11","375","A",2,"Rotenone","M",0.000845918023336219,1.28550661853189
"Bei11","375","A",9,"Rotenone","M",0.000711593404637063,1.18885198555957
"Bei11","375","A",9,"Control","M",0.000590344249727782,1.1032253894383
"Bei11","375","B",2,"Control","M",0.000755286009765134,0.827419042078729
"Bei11","375","B",9,"Control","M",0.000588473207416123,1.28168832008274
"Bei11","375","B",9,"Rotenone","M",0.000701052542678244,1.5271432009627
"Bei11","375","B",2,"Rotenone","M",0.000704015767697119,1.08736462093863
"375","375","parental",5,"Control","M",0.000646695341147257,0.786859285114084
"375","375","parental",2,"Control","M",0.000666569343098467,0.644900135737832
"375","375","parental",7,"Rotenone","M",0.000631010055499962,1.09703008423586
"375","375","parental",6,"Control","M",0.000680644237158653,0.912594531704478
"375","375","parental",5,"Rotenone","M",0.000722542193269598,0.855393501805054
"375","375","parental",4,"Control","M",0.000659850131264546,0.433989399521686
"375","375","parental",7,"Control","M",0.000617810695700114,0.628676232951975
"375","375","parental",6,"Rotenone","M",0.000675468250545655,0.797400722021661
"375","375","parental",2,"Rotenone","M",0.000438014890504136,0.357622141997593
"375","375","parental",4,"Rotenone","M",0.000667734565711975,0.633087845968712
"375","375","parental",3,"Rotenone","M",0.000692321940358116,0.850560770156437
"375","375","parental",3,"Control","M",0.000703908206522623,0.99777002133023
"Bei05","375","A",4,"Control","M",0.000765789525203945,0.766579406631763
"Bei05","375","A",4,"Rotenone","M",0.000757382084859489,0.981044524669075
"Bei05","375","B",4,"Control","M",0.00074879685121127,0.567836597505009
"Bei05","375","B",4,"Rotenone","M",0.000744345454822859,0.831229843561973
"Bei04","375","A",5,"Rotenone","M",0.000750263804991203,0.816731648616125
"Bei04","375","A",5,"Control","M",0.000702644059095978,0.920706483097408
"Bei04","375","B",5,"Control","M",0.000676556147008062,1.35063990692263
"Bei04","375","B",5,"Rotenone","M",0.00075450636243377,1.10669554753309
"Zim53","Ore","A",7,"Rotenone","M",0.000782712863802781,1.35799759326113
"Zim53","Ore","A",7,"Control","M",0.000737048069437488,1.03832977829488
"Zim53","Ore","B",7,"Rotenone","M",0.000865886245976158,0.821564380264741
"Zim53","Ore","B",7,"Control","M",0.000820808753198172,0.575948548897938
"ZW140","Ore","A",3,"Rotenone","M",0.00077830580279198,0.343123947051745
"ZW140","Ore","A",3,"Control","M",0.000786783272976639,0.332590007110077
"ZW140","Ore","B",3,"Rotenone","M",0.00081133675517293,0.372120336943441
"ZW140","Ore","B",3,"Control","M",0.000806996723269036,0.693571844095403
"siI","Ore","A",4,"Rotenone","M",0.000807538373015776,1.15985559566787
"siI","Ore","A",6,"Control","M",0.000778377855392269,1.19245685476052
"siI","Ore","A",5,"Control","M",0.000783146623198541,0.709795746881262
"siI","Ore","A",9,"Control","M",0.000630917417942438,1.3993116152802
"siI","Ore","A",6,"Rotenone","M",0.000797444074721481,1.06320096269555
"siI","Ore","A",4,"Control","M",0.000701811747426152,0.827419042078728
"siI","Ore","A",9,"Rotenone","M",0.000754990857947758,1.53197593261131
"siI","Ore","A",3,"Rotenone","M",0.000815947281488723,0.734575210589651
"siI","Ore","A",7,"Control","M",0.000799603624993043,1.25329649020749
"siI","Ore","A",3,"Control","M",0.000820160809956343,0.766579406631763
"siI","Ore","A",7,"Rotenone","M",0.000758401508491412,1.45948495788207
"siI","Ore","A",5,"Rotenone","M",0.000829987248214657,1.15985559566787
"siI","Ore","A",2,"Control","M",0.0010266907716699,1.07483355956306
"siI","Ore","A",2,"Rotenone","M",0.000889642083486592,0.734575210589652
"siI","Ore","B",9,"Rotenone","M",0.000818957927054216,1.78327797833935
"siI","Ore","B",9,"Control","M",0.000723136716188053,1.50071100769181
"siI","Ore","B",3,"Rotenone","M",0.000761953421839604,0.77323706377858
"siI","Ore","B",3,"Control","M",0.00079710236236678,1.01399392411609
"siI","Ore","B",2,"Rotenone","M",0.000852907872960277,0.695913357400722
"siI","Ore","B",2,"Control","M",0.000560136886958117,0.936930385883267
"yak","Ore","A",5,"Control","M",0.000877811438013355,0.121679270893931
"yak","Ore","A",6,"Rotenone","M",0.000813760314037712,0.492938628158845
"yak","Ore","A",7,"Rotenone","M",0.000866120372960274,0.531600481347773
"yak","Ore","A",4,"Rotenone","M",0.000830367432844836,0.874724428399519
"yak","Ore","A",4,"Control","M",0.000819558755973174,0.648956111434296
"yak","Ore","A",9,"Control","M",0.000672329131048733,1.28168832008274
"yak","Ore","A",6,"Control","M",0.00080569979271421,0.799027212203477
"yak","Ore","A",2,"Rotenone","M",0.00102123616243396,0.715244283995186
"yak","Ore","A",7,"Control","M",0.00084717200106142,0.96126624006205
"yak","Ore","A",3,"Rotenone","M",0.000803726431286296,0.304462093862816
"yak","Ore","A",2,"Control","M",0.00112117489865402,0.778747333721157
"yak","Ore","A",3,"Control","M",0.000808980933795348,0.446157326611079
"yak","Ore","A",9,"Rotenone","M",0.000817616314853786,0.826397111913358
"yak","Ore","B",2,"Rotenone","M",0.000908206557170805,0.647586040914561
"yak","Ore","B",3,"Rotenone","M",0.000812650857737031,0.372120336943442
"yak","Ore","B",3,"Control","M",0.000806830002118332,0.462381229396936
"yak","Ore","B",9,"Control","M",0.000691472486168558,1.26952039299334
"yak","Ore","B",2,"Control","M",0.000864696097484431,1.03021782690195
"yak","Ore","B",9,"Rotenone","M",0.000791958316917763,1.50781227436823
"Zim53","375","A",7,"Rotenone","M",0.000787170739260653,1.18885198555957
"Zim53","375","A",7,"Control","M",0.000791487019376437,1.0464417296878
"Zim53","375","B",7,"Rotenone","M",0.000737500409590318,1.24684476534296
"Zim53","375","B",7,"Control","M",0.000685877129266547,0.693571844095404
"siI","375","A",3,"Rotenone","M",0.000702130614822057,0.720077015643803
"siI","375","A",6,"Control","M",0.000710736422750836,0.892314653222158
"siI","375","A",5,"Control","M",0.000682742960194875,1.10322538943831
"siI","375","A",7,"Rotenone","M",0.000714032277722185,0.995542719614921
"siI","375","A",2,"Rotenone","M",0.000646831557170803,0.434945848375451
"siI","375","A",6,"Rotenone","M",0.000714371425148836,0.657251504211793
"siI","375","A",5,"Rotenone","M",0.00078299274272015,1.03903730445247
"siI","375","A",9,"Control","M",0.000507247618443691,1.13972917070648
"siI","375","A",3,"Control","M",0.000725302362366778,0.863922823346907
"siI","375","A",4,"Control","M",0.000643946090860512,0.665180014220154
"siI","375","A",4,"Rotenone","M",0.000654803330280736,0.995542719614921
"siI","375","A",9,"Rotenone","M",0.0006443589548763,0.884389891696751
"siI","375","A",7,"Control","M",0.000744944894834312,0.803083187899941
"siI","375","B",3,"Control","M",0.000690838828532187,0.498885010665116
"siI","375","B",2,"Rotenone","M",0.000893539890504138,1.04387003610108
"siI","375","B",9,"Rotenone","M",0.000672178465774755,1.55613959085439
"siI","375","B",3,"Rotenone","M",0.000723365702541351,0.811898916967509
"siI","375","B",9,"Control","M",0.000643392856538926,1.30602417426152
"siI","375","B",2,"Control","M",0.000594619343098466,0.75441147954237
"yak","375","A",4,"Rotenone","M",0.000693700766178171,1.06320096269555
"yak","375","A",2,"Rotenone","M",0.000804331557170804,0.889222623345366
"yak","375","A",7,"Control","M",0.000679805645195058,0.665180014220154
"yak","375","A",4,"Control","M",0.000643009305423717,0.896370628918622
"yak","375","A",9,"Control","M",0.000815019172328402,1.09105746234891
"yak","375","A",6,"Control","M",0.000706511758526173,0.612452330166117
"yak","375","A",5,"Rotenone","M",0.000671196649924057,0.77323706377858
"yak","375","A",3,"Rotenone","M",0.00075836453295071,0.923051744885681
"yak","375","A",9,"Rotenone","M",0.000685325621542962,1.18401925391095
"yak","375","A",7,"Rotenone","M",0.000704610055499963,0.807066185318893
"yak","375","A",6,"Rotenone","M",0.000721445499222913,0.579927797833935
"yak","375","A",3,"Control","M",0.000718133314747732,0.888258677525694
"yak","375","A",2,"Control","M",0.000708452676431799,1.03832977829487
"yak","375","A",5,"Control","M",0.000657302178754096,1.09511343804538
"yak","375","B",3,"Control","M",0.000650380933795347,0.738187576756512
"yak","375","B",3,"Rotenone","M",0.000616531199617363,0.961713598074608
"yak","375","B",9,"Rotenone","M",0.000685855786294535,1.48848134777377
"yak","375","B",9,"Control","M",0.000588429698644191,1.24924051451102
"yak","375","B",2,"Control","M",0.000628663202747587,0.417765496735828
"yak","375","B",2,"Rotenone","M",0.00111877273364139,0.821564380264742
"ZW133","Ore","A",9,"Control","M",0.000632332789705175,1.18840087906406
"ZW133","Ore","A",9,"Rotenone","M",0.000718708024520104,1.03420457280385
"ZW133","Ore","A",2,"Rotenone","M",0.000789553779393023,1.75911432009627
"ZW133","Ore","A",2,"Control","M",0.000637452676431801,1.5818305216211
"ZW133","Ore","B",9,"Control","M",0.000639123668863858,1.09511343804538
"ZW133","Ore","B",9,"Rotenone","M",0.000780981207477494,0.82156438026474
"ZW133","Ore","B",2,"Rotenone","M",0.000886737572208401,1.47881588447653
"ZW133","Ore","B",2,"Control","M",0.00073248425537917,1.33441600413677
"ZW09","Ore","A",3,"Control","M",0.000809574316148287,0.68140391700601
"ZW09","Ore","A",3,"Rotenone","M",0.00077984217312959,0.850560770156439
"ZW09","Ore","B",5,"Rotenone","M",0.00084544373617114,0.410782190132371
"ZW09","Ore","B",4,"Rotenone","M",0.000755964868742273,0.164312876052948
"ZW09","Ore","B",5,"Control","M",0.000745318051769968,0.653012087130761
"ZW09","Ore","B",4,"Control","M",0.000776895585810006,0.194686833430289
"ZW09","Ore","B",3,"Control","M",0.000814414267128675,0.166295003555039
"ZW09","Ore","B",3,"Rotenone","M",0.000810253421839615,0.265800240673887
"ZH42","Ore","A",4,"Rotenone","M",0.000698623843101254,1.38699398315283
"ZH42","Ore","A",4,"Control","M",0.000618315451129876,0.851754896257513
"ZH42","Ore","B",4,"Control","M",0.000804233969648384,0.665180014220154
"ZH42","Ore","B",4,"Rotenone","M",0.000769085381562785,1.20335018050542
"ZH33","Ore","A",9,"Control","M",0.00063650687770295,1.43987137224485
"ZH33","Ore","A",9,"Rotenone","M",0.000718312702882677,1.25651022864019
"ZH33","Ore","A",2,"Control","M",0.000692680746607239,1.29385624717213
"ZH33","Ore","A",2,"Rotenone","M",0.00083641489050413,1.61413237063778
"ZH33","Ore","B",9,"Control","M",0.000697060176800367,1.09105746234891
"ZH33","Ore","B",9,"Rotenone","M",0.000762609778906069,0.768404332129965
"ZH33","Ore","B",2,"Control","M",0.00065572886690799,1.36686380970848
"ZH33","Ore","B",2,"Rotenone","M",0.000530314890504126,1.63346329723225
"ZH26","Ore","A",6,"Control","M",0.000828674151688568,1.0464417296878
"ZH26","Ore","A",6,"Rotenone","M",0.000708422707200114,0.932717208182912
"ZH26","Ore","B",5,"Rotenone","M",0.000940341643819037,0.831229843561973
"ZH26","Ore","B",5,"Control","M",0.000779937099389014,0.969378191454982
"ZH23","Ore","A",6,"Rotenone","M",0.000762643097920506,0.937549939831529
"ZH23","Ore","A",6,"Control","M",0.000735785262799682,1.33847197983324
"ZH23","Ore","B",6,"Control","M",0.000746161331175747,1.07888953525952
"ZH23","Ore","B",6,"Rotenone","M",0.000773893647371046,0.758738868832731
"Ore","Ore","parental",5,"Control","M",0.000792887648839564,1.25735246590395
"Ore","Ore","parental",5,"Rotenone","M",0.000860674061401468,1.05353549939831
"Ore","Ore","parental",7,"Control","M",0.00082990826479768,0.539444767629759
"Ore","Ore","parental",4,"Rotenone","M",0.000814081108058516,0.439778580024067
"Ore","Ore","parental",7,"Rotenone","M",0.000804143388833296,0.463942238267148
"Ore","Ore","parental",4,"Control","M",0.000852278414092834,0.429933423825221
"Ore","Ore","parental",2,"Rotenone","M",0.000733131557170809,1.78811070998797
"Ore","Ore","parental",2,"Control","M",0.000667250062052712,1.8211330877125
"Ore","Ore","parental",6,"Control","M",0.000781840818355235,1.32224807704738
"Ore","Ore","parental",6,"Rotenone","M",0.000795209808987215,1.2275138387485
