"chain_id","AA_POS","MITO","highlighted","overlap"
"H",154,"yak",TRUE,FALSE
"H",170,"siI",FALSE,NA
"H",171,"yak",TRUE,FALSE
"H",174,"yak",TRUE,TRUE
"H",186,"yak",TRUE,TRUE
"H",190,"siI,yak",TRUE,TRUE
"H",191,"siI,yak",TRUE,FALSE
"H",258,"yak",TRUE,FALSE
"H",270,"siI,yak",TRUE,FALSE
"H",311,"yak",TRUE,TRUE
"N",3,"yak",TRUE,TRUE
"N",11,"yak",TRUE,FALSE
"N",65,"siI,yak",TRUE,FALSE
"N",81,"yak",TRUE,TRUE
"N",84,"siI,yak",TRUE,TRUE
"N",148,"Zim53",FALSE,NA
"N",148,"yak",TRUE,FALSE
"N",192,"siI",FALSE,NA
"N",202,"yak",TRUE,FALSE
"N",239,"yak",TRUE,TRUE
"N",268,"yak",TRUE,TRUE
"N",274,"siI,yak",TRUE,FALSE
"N",299,"yak",TRUE,FALSE
"N",309,"yak",TRUE,TRUE
"N",311,"ZW140",FALSE,NA
"N",313,"siI",FALSE,NA
"N",315,"siI,yak",TRUE,TRUE
"N",317,"siI,yak",TRUE,TRUE
"N",319,"yak",TRUE,FALSE
"N",321,"siI,yak",TRUE,TRUE
"N",333,"siI",FALSE,NA
"N",338,"yak",TRUE,TRUE
"N",341,"yak",TRUE,TRUE
"A",6,"yak",TRUE,FALSE
"A",9,"yak",TRUE,FALSE
"A",10,"yak",TRUE,FALSE
"A",17,"yak",TRUE,FALSE
"A",20,"siI",FALSE,NA
"A",29,"siI",FALSE,NA
"A",81,"siI",FALSE,NA
"A",81,"yak",TRUE,FALSE
"M",6,"yak",TRUE,TRUE
"M",12,"siI,yak",TRUE,FALSE
"M",14,"siI",FALSE,NA
"M",14,"yak",TRUE,TRUE
"M",17,"siI",FALSE,NA
"M",28,"yak",TRUE,FALSE
"M",29,"siI",FALSE,NA
"M",37,"siI",FALSE,NA
"M",62,"yak",TRUE,FALSE
"M",78,"siI,yak",TRUE,FALSE
"M",82,"siI,yak",TRUE,FALSE
"M",84,"Bei05",FALSE,NA
"M",94,"siI,yak",TRUE,FALSE
"M",101,"yak",TRUE,FALSE
"M",141,"siI,yak",TRUE,FALSE
"M",161,"ZW133, Bei04, Bei05, Bei11, Bei12, Bei23, Bei38, Bei42, Bei52, Bei59, ZH23, ZH26, ZH33, ZH42, ZW09, ZW140, ZW142, ZW144,siI,yak,Zim53",TRUE,FALSE
"M",165,"yak",TRUE,TRUE
"M",231,"siI,yak",TRUE,FALSE
"M",236,"siI",FALSE,NA
"M",236,"yak",TRUE,TRUE
"M",260,"yak",TRUE,FALSE
"M",287,"yak",TRUE,FALSE
"M",298,"siI",FALSE,NA
"M",342,"yak",TRUE,TRUE
"M",368,"ZW133, Bei04, Bei05, Bei11, Bei12, Bei23, Bei38, Bei42, Bei52, Bei54, Bei59, ZH23, ZH26, ZH33, ZH42, ZW09, ZW140, ZW142, ZW144,siI,yak,Zim53",TRUE,FALSE
"M",383,"siI,yak",TRUE,TRUE
"M",386,"siI",FALSE,NA
"M",426,"siI",FALSE,NA
"M",442,"yak",TRUE,TRUE
"M",443,"yak",TRUE,FALSE
"K",57,"siI,yak",TRUE,FALSE
"K",79,"siI",FALSE,NA
"L",7,"siI,yak",TRUE,FALSE
"L",8,"siI",FALSE,NA
"L",12,"siI,yak",TRUE,TRUE
"L",15,"yak",TRUE,FALSE
"L",23,"yak",TRUE,FALSE
"L",27,"siI,yak",TRUE,TRUE
"L",29,"yak",TRUE,TRUE
"L",36,"siI,yak",TRUE,TRUE
"L",42,"siI",FALSE,NA
"L",65,"siI,yak",TRUE,FALSE
"L",77,"yak",TRUE,FALSE
"L",77,"siI",FALSE,NA
"L",78,"yak",TRUE,FALSE
"L",80,"yak",TRUE,FALSE
"L",81,"siI,yak",TRUE,FALSE
"L",106,"yak",TRUE,FALSE
"L",149,"siI",FALSE,NA
"L",152,"siI,yak",TRUE,FALSE
"L",170,"yak",TRUE,FALSE
"L",176,"yak",TRUE,TRUE
"L",184,"siI",FALSE,NA
"L",234,"yak",TRUE,FALSE
"L",244,"siI,yak",TRUE,FALSE
"L",289,"yak",TRUE,FALSE
"L",371,"yak",TRUE,FALSE
"L",380,"yak",TRUE,TRUE
"L",416,"yak",TRUE,TRUE
"L",422,"siI,yak",TRUE,FALSE
"L",426,"yak",TRUE,FALSE
"L",450,"yak",TRUE,TRUE
"L",450,"ZH26",FALSE,NA
"L",452,"yak",TRUE,TRUE
"L",454,"yak",TRUE,TRUE
"L",462,"siI",FALSE,NA
"L",470,"siI",FALSE,NA
"L",472,"yak",TRUE,FALSE
"L",476,"siI,yak",TRUE,FALSE
"L",477,"yak",TRUE,FALSE
"L",483,"yak",TRUE,FALSE
"L",484,"yak",TRUE,TRUE
"L",486,"Bei04, Bei05, Bei11, Bei12, Bei23, Bei38, Bei52, Bei59",FALSE,NA
"L",488,"yak",TRUE,FALSE
"L",489,"yak",TRUE,FALSE
"L",516,"siI",FALSE,NA
"L",535,"yak",TRUE,FALSE
"L",539,"yak",TRUE,TRUE
"L",539,"siI",FALSE,NA
"L",551,"ZH26",FALSE,NA
"L",557,"siI,yak",TRUE,FALSE
"L",564,"yak",TRUE,FALSE
"L",567,"yak",TRUE,FALSE
"L",567,"siI",FALSE,NA
"L",569,"siI,yak",TRUE,FALSE
"J",18,"yak",TRUE,FALSE
"J",39,"siI",FALSE,NA
"J",41,"yak",TRUE,FALSE
"J",82,"siI,yak",TRUE,FALSE
"J",86,"siI",FALSE,NA
"J",89,"yak",TRUE,FALSE
"J",90,"yak",TRUE,FALSE
"J",93,"yak",TRUE,FALSE
"J",93,"siI",FALSE,NA
"J",96,"yak",TRUE,FALSE
"J",96,"siI",FALSE,NA
"J",100,"siI",FALSE,NA
"J",100,"yak",TRUE,FALSE
"J",101,"siI",FALSE,NA
"J",102,"siI",FALSE,NA
"J",102,"yak",TRUE,FALSE
"J",107,"siI",FALSE,NA
"J",107,"yak",TRUE,FALSE
"J",108,"yak",TRUE,TRUE
"J",115,"yak",TRUE,TRUE
"J",121,"yak",TRUE,FALSE
"J",127,"yak",TRUE,FALSE
"J",144,"yak",TRUE,TRUE
"J",159,"siI,yak",TRUE,FALSE
