"Mito","Nuc","Treatment","Build","Y_avg","mitoOrig"
"Bei04","375","Control","A",1.19701302430801,"Beijing"
"Bei04","375","Control","B",1.13319080208578,"Beijing"
"Bei04","375","Rotenone","A",1.30628216160228,"Beijing"
"Bei04","375","Rotenone","B",1.25637446929459,"Beijing"
"Bei04","Ore","Control","A",1.33561504451002,"Beijing"
"Bei04","Ore","Control","B",1.28102185112933,"Beijing"
"Bei04","Ore","Rotenone","A",1.47082632114645,"Beijing"
"Bei04","Ore","Rotenone","B",1.28779603754117,"Beijing"
"Bei05","375","Control","A",1.1080851077801,"Beijing"
"Bei05","375","Control","B",1.08686186435685,"Beijing"
"Bei05","375","Rotenone","A",1.07606678993691,"Beijing"
"Bei05","375","Rotenone","B",1.10215885342897,"Beijing"
"Bei05","Ore","Control","A",1.20329722899221,"Beijing"
"Bei05","Ore","Control","B",1.02911844111341,"Beijing"
"Bei05","Ore","Rotenone","A",1.28593492180505,"Beijing"
"Bei05","Ore","Rotenone","B",1.20417790104802,"Beijing"
"Bei11","375","Control","A",1.05748255138911,"Beijing"
"Bei11","375","Control","B",0.985593829584602,"Beijing"
"Bei11","375","Rotenone","A",1.16369251537419,"Beijing"
"Bei11","375","Rotenone","B",1.03873437689073,"Beijing"
"Bei11","Ore","Control","A",1.18824850496082,"Beijing"
"Bei11","Ore","Control","B",1.2207079235608,"Beijing"
"Bei11","Ore","Rotenone","A",1.17201374786719,"Beijing"
"Bei11","Ore","Rotenone","B",1.1337678507715,"Beijing"
"Bei12","375","Control","A",1.29007257309256,"Beijing"
"Bei12","375","Control","B",1.24691017993017,"Beijing"
"Bei12","375","Rotenone","A",1.23123974475987,"Beijing"
"Bei12","375","Rotenone","B",1.21199615501628,"Beijing"
"Bei12","Ore","Control","A",1.29707257309257,"Beijing"
"Bei12","Ore","Control","B",1.28376954278953,"Beijing"
"Bei12","Ore","Rotenone","A",1.23549110451123,"Beijing"
"Bei12","Ore","Rotenone","B",1.25734059946073,"Beijing"
"Bei23","375","Control","A",1.13315525198117,"Beijing"
"Bei23","375","Control","B",1.1639638634929,"Beijing"
"Bei23","375","Rotenone","A",1.02395760161922,"Beijing"
"Bei23","375","Rotenone","B",1.17346606824031,"Beijing"
"Bei23","Ore","Control","A",1.25994660465954,"Beijing"
"Bei23","Ore","Control","B",1.19641214203239,"Beijing"
"Bei23","Ore","Rotenone","A",1.18362963267725,"Beijing"
"Bei23","Ore","Rotenone","B",1.13188223885332,"Beijing"
"Bei38","375","Control","A",1.18379038491037,"Beijing"
"Bei38","375","Control","B",1.20504679516678,"Beijing"
"Bei38","375","Rotenone","A",1.07244783111796,"Beijing"
"Bei38","375","Rotenone","B",1.18776834393846,"Beijing"
"Bei38","Ore","Control","A",1.24277872989871,"Beijing"
"Bei38","Ore","Control","B",1.13629522821521,"Beijing"
"Bei38","Ore","Rotenone","A",1.15459007776021,"Beijing"
"Bei38","Ore","Rotenone","B",1.2542127883829,"Beijing"
"Bei42","375","Control","A",1.02000492890885,"Beijing"
"Bei42","375","Control","B",1.02023047238711,"Beijing"
"Bei42","375","Rotenone","A",1.11535108950675,"Beijing"
"Bei42","375","Rotenone","B",1.14849681600248,"Beijing"
"Bei42","Ore","Control","A",1.28840258777173,"Beijing"
"Bei42","Ore","Control","B",1.2474679723871,"Beijing"
"Bei42","Ore","Rotenone","A",1.34608570489137,"Beijing"
"Bei42","Ore","Rotenone","B",1.26677459378026,"Beijing"
"Bei52","375","Control","A",1.09764019460934,"Beijing"
"Bei52","375","Control","B",1.09624489546404,"Beijing"
"Bei52","375","Rotenone","A",0.995385704891354,"Beijing"
"Bei52","375","Rotenone","B",1.08102982253842,"Beijing"
"Bei52","Ore","Control","A",1.25372908349822,"Beijing"
"Bei52","Ore","Control","B",1.19423741683157,"Beijing"
"Bei52","Ore","Rotenone","A",1.24244919695486,"Beijing"
"Bei52","Ore","Rotenone","B",1.08268570489135,"Beijing"
"Bei54","375","Control","A",1.23400998461894,"Beijing"
"Bei54","375","Control","B",1.03568034367165,"Beijing"
"Bei54","375","Rotenone","A",1.1595160578087,"Beijing"
"Bei54","375","Rotenone","B",1.16713535605431,"Beijing"
"Bei54","Ore","Control","A",1.21862926008033,"Beijing"
"Bei54","Ore","Control","B",1.22279472275661,"Beijing"
"Bei54","Ore","Rotenone","A",1.31841349370614,"Beijing"
"Bei54","Ore","Rotenone","B",1.35428272447536,"Beijing"
"Bei59","375","Control","A",1.17519283617656,"Beijing"
"Bei59","375","Control","B",1.14086788187905,"Beijing"
"Bei59","375","Rotenone","A",1.06054640008596,"Beijing"
"Bei59","375","Rotenone","B",1.05645014277603,"Beijing"
"Bei59","Ore","Control","A",1.28559318705376,"Beijing"
"Bei59","Ore","Control","B",1.27257820075201,"Beijing"
"Bei59","Ore","Rotenone","A",1.27158840509849,"Beijing"
"Bei59","Ore","Rotenone","B",1.23786420710351,"Beijing"
"ZH23","375","Control","A",1.20452115414114,"Zimbabwe"
"ZH23","375","Control","B",1.19350600262599,"Zimbabwe"
"ZH23","375","Rotenone","A",0.996784216954355,"Zimbabwe"
"ZH23","375","Rotenone","B",1.20160672777685,"Zimbabwe"
"ZH23","Ore","Control","A",1.13313226525225,"Zimbabwe"
"ZH23","Ore","Control","B",1.20005145717144,"Zimbabwe"
"ZH23","Ore","Rotenone","A",1.21464982541995,"Zimbabwe"
"ZH23","Ore","Rotenone","B",1.23658315875328,"Zimbabwe"
"ZH26","375","Control","A",1.29768070107568,"Zimbabwe"
"ZH26","375","Control","B",1.37079886069384,"Zimbabwe"
"ZH26","375","Rotenone","A",1.32397446929458,"Zimbabwe"
"ZH26","375","Rotenone","B",1.35968875500889,"Zimbabwe"
"ZH26","Ore","Control","A",1.27131812383811,"Zimbabwe"
"ZH26","Ore","Control","B",1.24969080208579,"Zimbabwe"
"ZH26","Ore","Rotenone","A",1.16071278838291,"Zimbabwe"
"ZH26","Ore","Rotenone","B",1.40650780262794,"Zimbabwe"
"ZH33","375","Control","A",1.02849727127707,"Zimbabwe"
"ZH33","375","Control","B",0.999256636602142,"Zimbabwe"
"ZH33","375","Rotenone","A",1.03511638190325,"Zimbabwe"
"ZH33","375","Rotenone","B",0.900443048569923,"Zimbabwe"
"ZH33","Ore","Control","A",1.1852518371034,"Zimbabwe"
"ZH33","Ore","Control","B",1.17991572020859,"Zimbabwe"
"ZH33","Ore","Rotenone","A",1.09987717280826,"Zimbabwe"
"ZH33","Ore","Rotenone","B",1.11789073985353,"Zimbabwe"
"ZH42","375","Control","A",1.0124003258953,"Zimbabwe"
"ZH42","375","Control","B",1.10349190098689,"Zimbabwe"
"ZH42","375","Rotenone","A",0.999591265461388,"Zimbabwe"
"ZH42","375","Rotenone","B",1.03632320019332,"Zimbabwe"
"ZH42","Ore","Control","A",1.11724672394169,"Zimbabwe"
"ZH42","Ore","Control","B",1.36529116838615,"Zimbabwe"
"ZH42","Ore","Rotenone","A",1.15866072933086,"Zimbabwe"
"ZH42","Ore","Rotenone","B",1.1018103796805,"Zimbabwe"
"ZW09","375","Control","A",1.18303982112661,"Zimbabwe"
"ZW09","375","Control","B",1.28791380572044,"Zimbabwe"
"ZW09","375","Rotenone","A",1.19098570489136,"Zimbabwe"
"ZW09","375","Rotenone","B",1.17772029135752,"Zimbabwe"
"ZW09","Ore","Control","A",1.20376183203624,"Zimbabwe"
"ZW09","Ore","Control","B",1.17146369522722,"Zimbabwe"
"ZW09","Ore","Rotenone","A",1.25790590691156,"Zimbabwe"
"ZW09","Ore","Rotenone","B",1.26291972810497,"Zimbabwe"
"ZW133","375","Control","A",0.983611773219907,"Zimbabwe"
"ZW133","375","Control","B",1.02096633544819,"Zimbabwe"
"ZW133","375","Rotenone","A",1.0196572669543,"Zimbabwe"
"ZW133","375","Rotenone","B",1.00412796085063,"Zimbabwe"
"ZW133","Ore","Control","A",1.17624493517663,"Zimbabwe"
"ZW133","Ore","Control","B",1.24246008157822,"Zimbabwe"
"ZW133","Ore","Rotenone","A",1.09273271022405,"Zimbabwe"
"ZW133","Ore","Rotenone","B",1.16788096873265,"Zimbabwe"
"ZW140","375","Control","A",1.11991797238711,"Zimbabwe"
"ZW140","375","Control","B",1.33771209003417,"Zimbabwe"
"ZW140","375","Rotenone","A",1.28011427631993,"Zimbabwe"
"ZW140","375","Rotenone","B",1.25058570489137,"Zimbabwe"
"ZW140","Ore","Control","A",1.19275130572044,"Zimbabwe"
"ZW140","Ore","Control","B",1.33268781365696,"Zimbabwe"
"ZW140","Ore","Rotenone","A",1.25538570489135,"Zimbabwe"
"ZW140","Ore","Rotenone","B",1.27377544848111,"Zimbabwe"
"ZW142","375","Control","A",1.25972025202009,"Zimbabwe"
"ZW142","375","Control","B",1.02264329983571,"Zimbabwe"
"ZW142","375","Rotenone","A",1.15788483366993,"Zimbabwe"
"ZW142","375","Rotenone","B",1.07959762815614,"Zimbabwe"
"ZW142","Ore","Control","A",1.2064899330855,"Zimbabwe"
"ZW142","Ore","Control","B",1.08131172088834,"Zimbabwe"
"ZW142","Ore","Rotenone","A",1.17518911938422,"Zimbabwe"
"ZW142","Ore","Rotenone","B",1.21482040143549,"Zimbabwe"
"ZW144","375","Control","A",1.13681044127228,"Zimbabwe"
"ZW144","375","Control","B",1.26906842617738,"Zimbabwe"
"ZW144","375","Rotenone","A",1.07280000050859,"Zimbabwe"
"ZW144","375","Rotenone","B",1.35421342622976,"Zimbabwe"
"ZW144","Ore","Control","A",0.894245049553996,"Zimbabwe"
"ZW144","Ore","Control","B",1.33214504955399,"Zimbabwe"
"ZW144","Ore","Rotenone","A",1.26163986733251,"Zimbabwe"
"ZW144","Ore","Rotenone","B",1.45594939114203,"Zimbabwe"
"Zim53","375","Control","A",1.26162812864812,"Zimbabwe"
"Zim53","375","Control","B",0.953405906425886,"Zimbabwe"
"Zim53","375","Rotenone","A",1.25587649689662,"Zimbabwe"
"Zim53","375","Rotenone","B",1.11297234549247,"Zimbabwe"
"Zim53","Ore","Control","A",1.43712812864811,"Zimbabwe"
"Zim53","Ore","Control","B",1.41181616283615,"Zimbabwe"
"Zim53","Ore","Rotenone","A",1.23373857925871,"Zimbabwe"
"Zim53","Ore","Rotenone","B",1.2200382795584,"Zimbabwe"
"siI","375","Control","A",1.14193863260155,"D.simulans"
"siI","375","Control","B",1.04464787654345,"D.simulans"
"siI","375","Rotenone","A",1.09890341485829,"D.simulans"
"siI","375","Rotenone","B",1.14026298824962,"D.simulans"
"siI","Ore","Control","A",1.28534702562209,"D.simulans"
"siI","Ore","Control","B",1.25250212410892,"D.simulans"
"siI","Ore","Rotenone","A",1.27593753309725,"D.simulans"
"siI","Ore","Rotenone","B",1.22457423628473,"D.simulans"
"yak","375","Control","A",1.07688341038294,"D.yakuba"
"yak","375","Control","B",1.08953092951655,"D.yakuba"
"yak","375","Rotenone","A",1.1019706090995,"D.yakuba"
"yak","375","Rotenone","B",1.03244498794292,"D.yakuba"
"yak","Ore","Control","A",1.30044209938097,"D.yakuba"
"yak","Ore","Control","B",1.30114039618203,"D.yakuba"
"yak","Ore","Rotenone","A",1.3225829537671,"D.yakuba"
"yak","Ore","Rotenone","B",1.2798847023065,"D.yakuba"
