Stock,Vial,Treatment,Set,TSE,Build,Total,MitoNuc,Mito,Nuc
4A,1,Control,2,10.9066666666667,A,150,ZW133_Ore,ZW133,Ore
4A,3,Control,2,10.575,A,120,ZW133_Ore,ZW133,Ore
4A,5,Control,2,10.775,A,120,ZW133_Ore,ZW133,Ore
4B,1,Control,2,10.7456140350877,B,114,ZW133_Ore,ZW133,Ore
4B,3,Control,2,10.6980198019802,B,101,ZW133_Ore,ZW133,Ore
4B,5,Control,2,11.140350877193,B,114,ZW133_Ore,ZW133,Ore
7A,1,Control,2,11.0157894736842,A,95,ZH33_Ore,ZH33,Ore
7A,3,Control,2,11.1280991735537,A,121,ZH33_Ore,ZH33,Ore
7A,5,Control,2,10.6359223300971,A,103,ZH33_Ore,ZH33,Ore
7B,1,Control,2,11.0137614678899,B,109,ZH33_Ore,ZH33,Ore
7B,3,Control,2,10.936974789916,B,119,ZH33_Ore,ZH33,Ore
7B,5,Control,2,11.5183486238532,B,109,ZH33_Ore,ZH33,Ore
13A,1,Control,2,10.8595505617978,A,89,ZW133_375,ZW133,375
13A,3,Control,2,11.2798165137615,A,109,ZW133_375,ZW133,375
13A,5,Control,2,10.9193548387097,A,93,ZW133_375,ZW133,375
13B,1,Control,2,11.59375,B,128,ZW133_375,ZW133,375
13B,3,Control,2,11.8813559322034,B,118,ZW133_375,ZW133,375
13B,5,Control,2,10.8620689655172,B,116,ZW133_375,ZW133,375
16A,1,Control,2,11.6259842519685,A,127,ZH33_375,ZH33,375
16A,3,Control,2,11.2766497461929,A,197,ZH33_375,ZH33,375
16A,5,Control,2,11.7018348623853,A,109,ZH33_375,ZH33,375
16B,1,Control,2,11.7125,B,80,ZH33_375,ZH33,375
16B,3,Control,2,11.8225806451613,B,31,ZH33_375,ZH33,375
16B,5,Control,2,11.530303030303,B,99,ZH33_375,ZH33,375
24A,1,Control,2,11.1198347107438,A,121,Bei23_Ore,Bei23,Ore
24A,3,Control,2,11.1410256410256,A,117,Bei23_Ore,Bei23,Ore
24A,5,Control,2,11.0192307692308,A,104,Bei23_Ore,Bei23,Ore
24B,1,Control,2,11.0801526717557,B,131,Bei23_Ore,Bei23,Ore
24B,3,Control,2,11.2985074626866,B,134,Bei23_Ore,Bei23,Ore
24B,5,Control,2,11.3,B,130,Bei23_Ore,Bei23,Ore
26A,1,Control,2,10.5901639344262,A,122,Bei11_Ore,Bei11,Ore
26A,3,Control,2,10.6328125,A,128,Bei11_Ore,Bei11,Ore
26A,5,Control,2,11.2445255474453,A,137,Bei11_Ore,Bei11,Ore
26B,1,Control,2,11.6481481481481,B,135,Bei11_Ore,Bei11,Ore
26B,3,Control,2,11.1434108527132,B,129,Bei11_Ore,Bei11,Ore
26B,5,Control,2,11.1422018348624,B,109,Bei11_Ore,Bei11,Ore
34A,1,Control,2,11.5380952380952,A,105,Bei23_375,Bei23,375
34A,3,Control,2,11.2222222222222,A,108,Bei23_375,Bei23,375
34A,5,Control,2,11.669014084507,A,71,Bei23_375,Bei23,375
34B,1,Control,2,11.6388888888889,B,72,Bei23_375,Bei23,375
34B,3,Control,2,11.2209302325581,B,86,Bei23_375,Bei23,375
34B,5,Control,2,11.7166666666667,B,60,Bei23_375,Bei23,375
36A,1,Control,2,11.6125,A,80,Bei11_375,Bei11,375
36A,3,Control,2,11.3888888888889,A,99,Bei11_375,Bei11,375
36A,5,Control,2,11.7873563218391,A,87,Bei11_375,Bei11,375
36B,1,Control,2,12.1981132075472,B,53,Bei11_375,Bei11,375
36B,3,Control,2,11.9835164835165,B,91,Bei11_375,Bei11,375
36B,5,Control,2,11.9833333333333,B,60,Bei11_375,Bei11,375
41A,1,Control,2,10.0833333333333,A,12,siI_Ore,siI,Ore
41A,3,Control,2,10.9251968503937,A,127,siI_Ore,siI,Ore
41A,5,Control,2,11.0952380952381,A,126,siI_Ore,siI,Ore
41B,1,Control,2,11.5485436893204,B,103,siI_Ore,siI,Ore
41B,3,Control,2,9.98484848484848,B,33,siI_Ore,siI,Ore
41B,5,Control,2,11.1421052631579,B,95,siI_Ore,siI,Ore
42A,1,Control,2,10.3809523809524,A,84,yak_Ore,yak,Ore
42A,3,Control,2,9.88983050847458,A,59,yak_Ore,yak,Ore
42A,5,Control,2,10.1326530612245,A,49,yak_Ore,yak,Ore
42B,1,Control,2,10.2666666666667,B,60,yak_Ore,yak,Ore
42B,3,Control,2,10.7884615384615,B,104,yak_Ore,yak,Ore
42B,5,Control,2,10.7666666666667,B,90,yak_Ore,yak,Ore
45A,1,Control,2,10.5461538461538,A,65,siI_375,siI,375
45A,3,Control,2,11.4310344827586,A,116,siI_375,siI,375
45A,5,Control,2,11.82,A,100,siI_375,siI,375
45B,1,Control,2,12.1222222222222,B,45,siI_375,siI,375
45B,3,Control,2,11.8717948717949,B,78,siI_375,siI,375
45B,5,Control,2,11.9603174603175,B,63,siI_375,siI,375
46A,1,Control,2,11.6975308641975,A,81,yak_375,yak,375
46A,3,Control,2,11.6333333333333,A,105,yak_375,yak,375
46A,5,Control,2,12,A,70,yak_375,yak,375
46B,1,Control,2,12.2894736842105,B,38,yak_375,yak,375
46B,3,Control,2,12.1511627906977,B,43,yak_375,yak,375
46B,5,Control,2,11.5909090909091,B,22,yak_375,yak,375
Ore,1,Control,2,11.3717948717949,parental,156,Ore_Ore,Ore,Ore
Ore,3,Control,2,11.1493506493506,parental,154,Ore_Ore,Ore,Ore
Ore,5,Control,2,11.2553956834532,parental,139,Ore_Ore,Ore,Ore
375,1,Control,2,11.3108108108108,parental,37,375_375,375,375
375,3,Control,2,11.5769230769231,parental,52,375_375,375,375
375,5,Control,2,11.8285714285714,parental,70,375_375,375,375
10A,1,Control,2,11.6744186046512,A,86,ZW144_375,ZW144,375
10A,3,Control,2,11.825,A,80,ZW144_375,ZW144,375
10A,5,Control,2,11.5733944954128,A,109,ZW144_375,ZW144,375
4A,1,Rotenone,2,11.2372881355932,A,118,ZW133_Ore,ZW133,Ore
4A,3,Rotenone,2,11.3181818181818,A,121,ZW133_Ore,ZW133,Ore
4A,5,Rotenone,2,11.492,A,125,ZW133_Ore,ZW133,Ore
4B,1,Rotenone,2,11.2788461538462,B,104,ZW133_Ore,ZW133,Ore
4B,3,Rotenone,2,11.0227272727273,B,88,ZW133_Ore,ZW133,Ore
4B,5,Rotenone,2,11.1929824561404,B,114,ZW133_Ore,ZW133,Ore
7A,1,Rotenone,2,11.1446280991736,A,121,ZH33_Ore,ZH33,Ore
7A,3,Rotenone,2,11.1,A,105,ZH33_Ore,ZH33,Ore
7A,5,Rotenone,2,11.2777777777778,A,108,ZH33_Ore,ZH33,Ore
7B,1,Rotenone,2,11.2692307692308,B,104,ZH33_Ore,ZH33,Ore
7B,3,Rotenone,2,11.3545454545455,B,110,ZH33_Ore,ZH33,Ore
7B,5,Rotenone,2,11.1370967741935,B,124,ZH33_Ore,ZH33,Ore
13A,1,Rotenone,2,11.8636363636364,A,77,ZW133_375,ZW133,375
13A,3,Rotenone,2,11.6694915254237,A,59,ZW133_375,ZW133,375
13A,5,Rotenone,2,11.3543689320388,A,103,ZW133_375,ZW133,375
13B,1,Rotenone,2,11.7876712328767,B,73,ZW133_375,ZW133,375
13B,3,Rotenone,2,11.7142857142857,B,84,ZW133_375,ZW133,375
13B,5,Rotenone,2,11.6529411764706,B,85,ZW133_375,ZW133,375
16A,1,Rotenone,2,11.6315789473684,A,76,ZH33_375,ZH33,375
16A,3,Rotenone,2,11.6363636363636,A,88,ZH33_375,ZH33,375
16A,5,Rotenone,2,11.6682242990654,A,107,ZH33_375,ZH33,375
16B,1,Rotenone,2,11.6038961038961,B,77,ZH33_375,ZH33,375
16B,3,Rotenone,2,11.6204819277108,B,83,ZH33_375,ZH33,375
16B,5,Rotenone,2,12.1805555555556,B,72,ZH33_375,ZH33,375
24A,1,Rotenone,2,11.695652173913,A,92,Bei23_Ore,Bei23,Ore
24A,3,Rotenone,2,11.3363636363636,A,110,Bei23_Ore,Bei23,Ore
24A,5,Rotenone,2,11.1504854368932,A,103,Bei23_Ore,Bei23,Ore
24B,1,Rotenone,2,11.2875,B,80,Bei23_Ore,Bei23,Ore
24B,3,Rotenone,2,11.2835820895522,B,134,Bei23_Ore,Bei23,Ore
24B,5,Rotenone,2,11.2983193277311,B,119,Bei23_Ore,Bei23,Ore
26A,1,Rotenone,2,11.1491228070175,A,114,Bei11_Ore,Bei11,Ore
26A,3,Rotenone,2,11,A,64,Bei11_Ore,Bei11,Ore
26A,5,Rotenone,2,11.400826446281,A,121,Bei11_Ore,Bei11,Ore
26B,1,Rotenone,2,11.1592592592593,B,135,Bei11_Ore,Bei11,Ore
26B,3,Rotenone,2,11.0123966942149,B,121,Bei11_Ore,Bei11,Ore
26B,5,Rotenone,2,11.047619047619,B,126,Bei11_Ore,Bei11,Ore
34A,1,Rotenone,2,11.480198019802,A,101,Bei23_375,Bei23,375
34A,3,Rotenone,2,11.4555555555556,A,90,Bei23_375,Bei23,375
34A,5,Rotenone,2,11.6458333333333,A,96,Bei23_375,Bei23,375
34B,1,Rotenone,2,11.4620253164557,B,79,Bei23_375,Bei23,375
34B,3,Rotenone,2,11.45,B,80,Bei23_375,Bei23,375
34B,5,Rotenone,2,11.5606060606061,B,66,Bei23_375,Bei23,375
36A,1,Rotenone,2,11.3313253012048,A,83,Bei11_375,Bei11,375
36A,3,Rotenone,2,11.3536585365854,A,82,Bei11_375,Bei11,375
36A,5,Rotenone,2,11.5,A,101,Bei11_375,Bei11,375
36B,1,Rotenone,2,11.9432989690722,B,97,Bei11_375,Bei11,375
36B,3,Rotenone,2,11.364406779661,B,59,Bei11_375,Bei11,375
36B,5,Rotenone,2,11.6449275362319,B,69,Bei11_375,Bei11,375
41A,1,Rotenone,2,11.1666666666667,A,6,siI_Ore,siI,Ore
41A,3,Rotenone,2,11.0172413793103,A,58,siI_Ore,siI,Ore
41A,5,Rotenone,2,11.3522727272727,A,88,siI_Ore,siI,Ore
41B,1,Rotenone,2,10.8260869565217,B,46,siI_Ore,siI,Ore
41B,3,Rotenone,2,11.2076923076923,B,65,siI_Ore,siI,Ore
41B,5,Rotenone,2,10.6818181818182,B,33,siI_Ore,siI,Ore
42A,1,Rotenone,2,11.3775510204082,A,49,yak_Ore,yak,Ore
42A,3,Rotenone,2,11.4111111111111,A,45,yak_Ore,yak,Ore
42A,5,Rotenone,2,11.4444444444444,A,54,yak_Ore,yak,Ore
42B,1,Rotenone,2,10.8076923076923,B,26,yak_Ore,yak,Ore
42B,3,Rotenone,2,10.9032258064516,B,62,yak_Ore,yak,Ore
42B,5,Rotenone,2,10.8913043478261,B,46,yak_Ore,yak,Ore
45A,1,Rotenone,2,11.7291666666667,A,48,siI_375,siI,375
45A,3,Rotenone,2,12.0416666666667,A,24,siI_375,siI,375
45A,5,Rotenone,2,11.7777777777778,A,18,siI_375,siI,375
45B,1,Rotenone,2,11.5952380952381,B,63,siI_375,siI,375
45B,3,Rotenone,2,11.5340909090909,B,88,siI_375,siI,375
45B,5,Rotenone,2,11.6538461538462,B,65,siI_375,siI,375
46A,1,Rotenone,2,11.9050632911392,A,79,yak_375,yak,375
46A,3,Rotenone,2,11.5684931506849,A,73,yak_375,yak,375
46A,5,Rotenone,2,11.8125,A,32,yak_375,yak,375
46B,1,Rotenone,2,12.1086956521739,B,69,yak_375,yak,375
46B,3,Rotenone,2,12.0142857142857,B,35,yak_375,yak,375
46B,5,Rotenone,2,11.969696969697,B,66,yak_375,yak,375
Ore,1,Rotenone,2,11.1666666666667,parental,117,Ore_Ore,Ore,Ore
Ore,3,Rotenone,2,11.3050847457627,parental,118,Ore_Ore,Ore,Ore
Ore,5,Rotenone,2,11.5222222222222,parental,135,Ore_Ore,Ore,Ore
375,1,Rotenone,2,9.5,parental,2,375_375,375,375
375,3,Rotenone,2,11.5,parental,13,375_375,375,375
375,5,Rotenone,2,11.9576271186441,parental,59,375_375,375,375
10A,1,Rotenone,2,11.3059701492537,A,67,ZW144_375,ZW144,375
10A,3,Rotenone,2,11.490990990991,A,111,ZW144_375,ZW144,375
10A,5,Rotenone,2,11.5675675675676,A,74,ZW144_375,ZW144,375
3A,1,Control,3,10.1,A,5,ZW140_Ore,ZW140,Ore
3A,3,Control,3,10,A,26,ZW140_Ore,ZW140,Ore
3A,5,Control,3,10.5,A,51,ZW140_Ore,ZW140,Ore
5A,1,Control,3,10.2142857142857,A,7,ZW09_Ore,ZW09,Ore
5A,3,Control,3,10.2307692307692,A,78,ZW09_Ore,ZW09,Ore
5A,5,Control,3,10.1144578313253,A,83,ZW09_Ore,ZW09,Ore
21A,1,Control,3,10.4090909090909,A,11,Bei52_Ore,Bei52,Ore
21A,3,Control,3,10.3823529411765,A,17,Bei52_Ore,Bei52,Ore
21A,5,Control,3,11.0972222222222,A,72,Bei52_Ore,Bei52,Ore
22A,1,Control,3,11.34375,A,32,Bei42_Ore,Bei42,Ore
22A,3,Control,3,11.546875,A,64,Bei42_Ore,Bei42,Ore
22A,5,Control,3,11.0384615384615,A,26,Bei42_Ore,Bei42,Ore
41A,1,Control,3,10.6558441558442,A,77,siI_Ore,siI,Ore
41A,3,Control,3,10.2727272727273,A,44,siI_Ore,siI,Ore
41A,5,Control,3,10.4705882352941,A,68,siI_Ore,siI,Ore
42A,1,Control,3,10.5571428571429,A,35,yak_Ore,yak,Ore
42A,3,Control,3,10.4473684210526,A,38,yak_Ore,yak,Ore
42A,5,Control,3,10.1216216216216,A,37,yak_Ore,yak,Ore
12A,1,Control,3,11.7987012987013,A,77,ZW140_375,ZW140,375
12A,3,Control,3,11.210843373494,A,83,ZW140_375,ZW140,375
12A,5,Control,3,12.0806451612903,A,31,ZW140_375,ZW140,375
14A,1,Control,3,11.4156626506024,A,83,ZW09_375,ZW09,375
14A,3,Control,3,11.3765432098765,A,81,ZW09_375,ZW09,375
14A,5,Control,3,11.0176470588235,A,85,ZW09_375,ZW09,375
31A,1,Control,3,10.7033898305085,A,59,Bei52_375,Bei52,375
31A,3,Control,3,11.0882352941176,A,68,Bei52_375,Bei52,375
31A,5,Control,3,11.2142857142857,A,70,Bei52_375,Bei52,375
32A,1,Control,3,11.8839285714286,A,112,Bei42_375,Bei42,375
32A,3,Control,3,11.25,A,48,Bei42_375,Bei42,375
32A,5,Control,3,11.6,A,40,Bei42_375,Bei42,375
45A,1,Control,3,10.9615384615385,A,65,siI_375,siI,375
45A,3,Control,3,11.0569620253165,A,79,siI_375,siI,375
45A,5,Control,3,10.9927536231884,A,69,siI_375,siI,375
46A,1,Control,3,11.4047619047619,A,84,yak_375,yak,375
46A,3,Control,3,10.9358974358974,A,78,yak_375,yak,375
46A,5,Control,3,11.0614035087719,A,57,yak_375,yak,375
3B,1,Control,3,10.5520833333333,B,96,ZW140_Ore,ZW140,Ore
3B,3,Control,3,10.9666666666667,B,30,ZW140_Ore,ZW140,Ore
3B,5,Control,3,11.1,B,45,ZW140_Ore,ZW140,Ore
5B,1,Control,3,10.375,B,8,ZW09_Ore,ZW09,Ore
5B,3,Control,3,9.86363636363636,B,22,ZW09_Ore,ZW09,Ore
5B,5,Control,3,10.3181818181818,B,11,ZW09_Ore,ZW09,Ore
21B,1,Control,3,10.3846153846154,B,26,Bei52_Ore,Bei52,Ore
21B,3,Control,3,9.83333333333333,B,18,Bei52_Ore,Bei52,Ore
21B,5,Control,3,10.5,B,23,Bei52_Ore,Bei52,Ore
22B,1,Control,3,10.4142857142857,B,70,Bei42_Ore,Bei42,Ore
22B,3,Control,3,10.1666666666667,B,66,Bei42_Ore,Bei42,Ore
22B,5,Control,3,10.4375,B,80,Bei42_Ore,Bei42,Ore
41B,1,Control,3,10.4,B,80,siI_Ore,siI,Ore
41B,3,Control,3,10.3045977011494,B,87,siI_Ore,siI,Ore
41B,5,Control,3,10.4397590361446,B,83,siI_Ore,siI,Ore
42B,1,Control,3,10.2777777777778,B,27,yak_Ore,yak,Ore
42B,3,Control,3,10.75,B,40,yak_Ore,yak,Ore
42B,5,Control,3,10.1170212765957,B,47,yak_Ore,yak,Ore
12B,1,Control,3,11.4736842105263,B,76,ZW140_375,ZW140,375
12B,3,Control,3,11.2538461538462,B,65,ZW140_375,ZW140,375
12B,5,Control,3,10.6224489795918,B,49,ZW140_375,ZW140,375
14B,1,Control,3,11.0121951219512,B,41,ZW09_375,ZW09,375
14B,3,Control,3,11.04,B,50,ZW09_375,ZW09,375
14B,5,Control,3,10.9150943396226,B,53,ZW09_375,ZW09,375
31B,1,Control,3,10.7428571428571,B,70,Bei52_375,Bei52,375
31B,3,Control,3,11.0961538461538,B,52,Bei52_375,Bei52,375
31B,5,Control,3,10.9366197183099,B,71,Bei52_375,Bei52,375
32B,1,Control,3,11.3518518518519,B,54,Bei42_375,Bei42,375
32B,3,Control,3,11.1571428571429,B,35,Bei42_375,Bei42,375
32B,5,Control,3,11.4583333333333,B,48,Bei42_375,Bei42,375
45B,1,Control,3,11.5,B,46,siI_375,siI,375
45B,3,Control,3,11.5,B,34,siI_375,siI,375
45B,5,Control,3,11.5232558139535,B,43,siI_375,siI,375
46B,1,Control,3,12.4545454545455,B,44,yak_375,yak,375
46B,3,Control,3,11.387323943662,B,71,yak_375,yak,375
46B,5,Control,3,11.4402985074627,B,67,yak_375,yak,375
Ore,1,Control,3,10.7833333333333,parental,60,Ore_Ore,Ore,Ore
Ore,3,Control,3,10.6641791044776,parental,67,Ore_Ore,Ore,Ore
Ore,5,Control,3,10.9754098360656,parental,61,Ore_Ore,Ore,Ore
375,1,Control,3,11.0581395348837,parental,86,375_375,375,375
375,3,Control,3,11.1111111111111,parental,72,375_375,375,375
375,5,Control,3,11.1022727272727,parental,88,375_375,375,375
Ore,1,Rotenone,3,11.4736842105263,parental,38,Ore_Ore,Ore,Ore
Ore,3,Rotenone,3,11.4130434782609,parental,46,Ore_Ore,Ore,Ore
Ore,5,Rotenone,3,11.0147058823529,parental,68,Ore_Ore,Ore,Ore
375,1,Rotenone,3,11.3039215686275,parental,51,375_375,375,375
375,3,Rotenone,3,11.7307692307692,parental,52,375_375,375,375
375,5,Rotenone,3,11.6506849315068,parental,73,375_375,375,375
3A,1,Rotenone,3,10.8846153846154,A,26,ZW140_Ore,ZW140,Ore
3A,3,Rotenone,3,10.8448275862069,A,29,ZW140_Ore,ZW140,Ore
3A,5,Rotenone,3,10.625,A,16,ZW140_Ore,ZW140,Ore
5A,1,Rotenone,3,10.7549019607843,A,51,ZW09_Ore,ZW09,Ore
5A,3,Rotenone,3,11.14,A,50,ZW09_Ore,ZW09,Ore
5A,5,Rotenone,3,11.0066666666667,A,75,ZW09_Ore,ZW09,Ore
21A,1,Rotenone,3,11.0714285714286,A,56,Bei52_Ore,Bei52,Ore
21A,3,Rotenone,3,10.8870967741935,A,31,Bei52_Ore,Bei52,Ore
21A,5,Rotenone,3,11.5192307692308,A,52,Bei52_Ore,Bei52,Ore
22A,1,Rotenone,3,11.2142857142857,A,14,Bei42_Ore,Bei42,Ore
22A,3,Rotenone,3,11.1774193548387,A,31,Bei42_Ore,Bei42,Ore
22A,5,Rotenone,3,10.9347826086957,A,23,Bei42_Ore,Bei42,Ore
41A,1,Rotenone,3,11.4183673469388,A,49,siI_Ore,siI,Ore
41A,3,Rotenone,3,10.9915254237288,A,59,siI_Ore,siI,Ore
41A,5,Rotenone,3,11.4545454545455,A,44,siI_Ore,siI,Ore
42A,1,Rotenone,3,11.0555555555556,A,18,yak_Ore,yak,Ore
42A,3,Rotenone,3,11.1363636363636,A,33,yak_Ore,yak,Ore
42A,5,Rotenone,3,11.25,A,12,yak_Ore,yak,Ore
12A,1,Rotenone,3,11.5987654320988,A,81,ZW140_375,ZW140,375
12A,3,Rotenone,3,11.4210526315789,A,38,ZW140_375,ZW140,375
12A,5,Rotenone,3,11.6707317073171,A,41,ZW140_375,ZW140,375
14A,1,Rotenone,3,11.5625,A,64,ZW09_375,ZW09,375
14A,3,Rotenone,3,11.2678571428571,A,56,ZW09_375,ZW09,375
14A,5,Rotenone,3,11.6372549019608,A,51,ZW09_375,ZW09,375
31A,1,Rotenone,3,11.9285714285714,A,49,Bei52_375,Bei52,375
31A,3,Rotenone,3,11.6836734693878,A,49,Bei52_375,Bei52,375
31A,5,Rotenone,3,11.5851063829787,A,47,Bei52_375,Bei52,375
32A,1,Rotenone,3,11.6232876712329,A,73,Bei42_375,Bei42,375
32A,3,Rotenone,3,11.3695652173913,A,46,Bei42_375,Bei42,375
32A,5,Rotenone,3,12.0744680851064,A,47,Bei42_375,Bei42,375
45A,1,Rotenone,3,11.6509433962264,A,53,siI_375,siI,375
45A,3,Rotenone,3,11.804347826087,A,46,siI_375,siI,375
45A,5,Rotenone,3,11.8,A,50,siI_375,siI,375
46A,1,Rotenone,3,11.483606557377,A,61,yak_375,yak,375
46A,3,Rotenone,3,11.4090909090909,A,55,yak_375,yak,375
46A,5,Rotenone,3,11.8066666666667,A,75,yak_375,yak,375
3B,1,Rotenone,3,10.8529411764706,B,17,ZW140_Ore,ZW140,Ore
3B,3,Rotenone,3,10.8421052631579,B,38,ZW140_Ore,ZW140,Ore
3B,5,Rotenone,3,10.7272727272727,B,22,ZW140_Ore,ZW140,Ore
5B,1,Rotenone,3,10.9736842105263,B,19,ZW09_Ore,ZW09,Ore
5B,3,Rotenone,3,11.1875,B,16,ZW09_Ore,ZW09,Ore
5B,5,Rotenone,3,11.2,B,20,ZW09_Ore,ZW09,Ore
21B,1,Rotenone,3,11.0454545454545,B,44,Bei52_Ore,Bei52,Ore
21B,3,Rotenone,3,11.195652173913,B,46,Bei52_Ore,Bei52,Ore
21B,5,Rotenone,3,10.8493975903614,B,83,Bei52_Ore,Bei52,Ore
22B,1,Rotenone,3,10.7978723404255,B,47,Bei42_Ore,Bei42,Ore
22B,3,Rotenone,3,11.1282051282051,B,78,Bei42_Ore,Bei42,Ore
22B,5,Rotenone,3,10.9782608695652,B,46,Bei42_Ore,Bei42,Ore
41B,1,Rotenone,3,11.2209302325581,B,43,siI_Ore,siI,Ore
41B,3,Rotenone,3,11.0925925925926,B,54,siI_Ore,siI,Ore
41B,5,Rotenone,3,11.2460317460317,B,63,siI_Ore,siI,Ore
42B,1,Rotenone,3,10.8529411764706,B,17,yak_Ore,yak,Ore
42B,3,Rotenone,3,10.6111111111111,B,18,yak_Ore,yak,Ore
42B,5,Rotenone,3,11.0714285714286,B,42,yak_Ore,yak,Ore
12B,1,Rotenone,3,11.4777777777778,B,45,ZW140_375,ZW140,375
12B,3,Rotenone,3,11.3684210526316,B,38,ZW140_375,ZW140,375
12B,5,Rotenone,3,11.3372093023256,B,43,ZW140_375,ZW140,375
14B,1,Rotenone,3,11.734375,B,64,ZW09_375,ZW09,375
14B,3,Rotenone,3,11.4454545454545,B,55,ZW09_375,ZW09,375
14B,5,Rotenone,3,11.2719298245614,B,57,ZW09_375,ZW09,375
31B,1,Rotenone,3,11.4428571428571,B,70,Bei52_375,Bei52,375
31B,3,Rotenone,3,11.171875,B,64,Bei52_375,Bei52,375
31B,5,Rotenone,3,11.2884615384615,B,52,Bei52_375,Bei52,375
32B,1,Rotenone,3,11.1666666666667,B,60,Bei42_375,Bei42,375
32B,3,Rotenone,3,11.0384615384615,B,52,Bei42_375,Bei42,375
32B,5,Rotenone,3,11.25,B,44,Bei42_375,Bei42,375
45B,1,Rotenone,3,11.2234042553191,B,47,siI_375,siI,375
45B,3,Rotenone,3,11.4452054794521,B,73,siI_375,siI,375
45B,5,Rotenone,3,11.2708333333333,B,48,siI_375,siI,375
46B,1,Rotenone,3,11.8461538461538,B,52,yak_375,yak,375
46B,3,Rotenone,3,11.8623188405797,B,69,yak_375,yak,375
46B,5,Rotenone,3,12.0897435897436,B,78,yak_375,yak,375
6A,1,Control,4,10.6460674157303,A,89,ZH42_Ore,ZH42,Ore
6A,3,Control,4,11.9130434782609,A,46,ZH42_Ore,ZH42,Ore
6A,5,Control,4,10.8733333333333,A,75,ZH42_Ore,ZH42,Ore
6B,1,Control,4,10.4428571428571,B,35,ZH42_Ore,ZH42,Ore
6B,3,Control,4,10.9109589041096,B,73,ZH42_Ore,ZH42,Ore
6B,5,Control,4,10.3571428571429,B,56,ZH42_Ore,ZH42,Ore
15A,1,Control,4,11.1981132075472,A,53,ZH42_375,ZH42,375
15A,3,Control,4,11.7666666666667,A,30,ZH42_375,ZH42,375
15A,5,Control,4,11.1153846153846,A,52,ZH42_375,ZH42,375
15B,1,Control,4,10.9252873563218,B,87,ZH42_375,ZH42,375
15B,3,Control,4,10.8552631578947,B,76,ZH42_375,ZH42,375
15B,5,Control,4,10.7058823529412,B,68,ZH42_375,ZH42,375
27A,1,Control,4,10.9180327868852,A,122,Bei05_Ore,Bei05,Ore
27A,3,Control,4,11.0326086956522,A,92,Bei05_Ore,Bei05,Ore
27A,5,Control,4,11.0148514851485,A,101,Bei05_Ore,Bei05,Ore
27B,1,Control,4,10.4405940594059,B,101,Bei05_Ore,Bei05,Ore
27B,3,Control,4,11.4622641509434,B,106,Bei05_Ore,Bei05,Ore
27B,5,Control,4,11.1621621621622,B,74,Bei05_Ore,Bei05,Ore
37A,1,Control,4,11.4818181818182,A,55,Bei05_375,Bei05,375
37A,3,Control,4,11.1065573770492,A,61,Bei05_375,Bei05,375
37A,5,Control,4,11.6095890410959,A,73,Bei05_375,Bei05,375
37B,1,Control,4,10.6016949152542,B,59,Bei05_375,Bei05,375
37B,3,Control,4,10.7291666666667,B,48,Bei05_375,Bei05,375
37B,5,Control,4,11.3181818181818,B,33,Bei05_375,Bei05,375
41A,1,Control,4,10.7769230769231,A,65,siI_Ore,siI,Ore
41A,3,Control,4,11.6063829787234,A,47,siI_Ore,siI,Ore
41A,5,Control,4,10.6086956521739,A,92,siI_Ore,siI,Ore
42A,1,Control,4,11.7894736842105,A,38,yak_Ore,yak,Ore
42A,3,Control,4,12,A,46,yak_Ore,yak,Ore
42A,5,Control,4,10.9473684210526,A,76,yak_Ore,yak,Ore
45A,1,Control,4,11.219298245614,A,57,siI_375,siI,375
45A,3,Control,4,11.3076923076923,A,52,siI_375,siI,375
45A,5,Control,4,11.0272727272727,A,55,siI_375,siI,375
46A,1,Control,4,11.1266666666667,A,75,yak_375,yak,375
46A,3,Control,4,11.3219178082192,A,73,yak_375,yak,375
46A,5,Control,4,11.458904109589,A,73,yak_375,yak,375
Ore,1,Control,4,10.343137254902,parental,51,Ore_Ore,Ore,Ore
Ore,3,Control,4,9.88461538461539,parental,13,Ore_Ore,Ore,Ore
Ore,5,Control,4,10.0714285714286,parental,42,Ore_Ore,Ore,Ore
375,1,Control,4,10.66,parental,50,375_375,375,375
375,3,Control,4,10.8333333333333,parental,3,375_375,375,375
375,5,Control,4,11.0740740740741,parental,54,375_375,375,375
5B,1,Control,4,10.9375,B,32,ZW09_Ore,ZW09,Ore
5B,3,Control,4,10,B,2,ZW09_Ore,ZW09,Ore
5B,5,Control,4,10.4285714285714,B,14,ZW09_Ore,ZW09,Ore
13A,1,Control,4,11.3363636363636,A,55,ZW133_375,ZW133,375
13A,3,Control,4,11.3571428571429,A,56,ZW133_375,ZW133,375
13A,5,Control,4,11.55,A,40,ZW133_375,ZW133,375
6A,1,Rotenone,4,11.44,A,100,ZH42_Ore,ZH42,Ore
6A,3,Rotenone,4,10.9818181818182,A,110,ZH42_Ore,ZH42,Ore
6A,5,Rotenone,4,11.2532467532468,A,77,ZH42_Ore,ZH42,Ore
6B,1,Rotenone,4,10.4545454545455,B,44,ZH42_Ore,ZH42,Ore
6B,3,Rotenone,4,11.1756756756757,B,74,ZH42_Ore,ZH42,Ore
6B,5,Rotenone,4,10.6526717557252,B,131,ZH42_Ore,ZH42,Ore
15A,1,Rotenone,4,11.1086956521739,A,69,ZH42_375,ZH42,375
15A,3,Rotenone,4,11.4782608695652,A,46,ZH42_375,ZH42,375
15A,5,Rotenone,4,11.8448275862069,A,29,ZH42_375,ZH42,375
15B,1,Rotenone,4,10.8055555555556,B,72,ZH42_375,ZH42,375
15B,3,Rotenone,4,10.9871794871795,B,78,ZH42_375,ZH42,375
15B,5,Rotenone,4,11.5793650793651,B,63,ZH42_375,ZH42,375
27A,1,Rotenone,4,10.35,A,100,Bei05_Ore,Bei05,Ore
27A,3,Rotenone,4,11.2222222222222,A,36,Bei05_Ore,Bei05,Ore
27A,5,Rotenone,4,10.3928571428571,A,56,Bei05_Ore,Bei05,Ore
27B,1,Rotenone,4,10.6509433962264,B,53,Bei05_Ore,Bei05,Ore
27B,3,Rotenone,4,10.6710526315789,B,76,Bei05_Ore,Bei05,Ore
27B,5,Rotenone,4,10.4166666666667,B,84,Bei05_Ore,Bei05,Ore
37A,1,Rotenone,4,10.8962264150943,A,53,Bei05_375,Bei05,375
37A,3,Rotenone,4,11.6184210526316,A,76,Bei05_375,Bei05,375
37A,5,Rotenone,4,10.9594594594595,A,74,Bei05_375,Bei05,375
37B,1,Rotenone,4,10.6311475409836,B,61,Bei05_375,Bei05,375
37B,3,Rotenone,4,11.1274509803922,B,51,Bei05_375,Bei05,375
37B,5,Rotenone,4,10.8166666666667,B,60,Bei05_375,Bei05,375
41A,1,Rotenone,4,10.4759036144578,A,83,siI_Ore,siI,Ore
41A,3,Rotenone,4,10.6290322580645,A,93,siI_Ore,siI,Ore
41A,5,Rotenone,4,10.78125,A,64,siI_Ore,siI,Ore
42A,1,Rotenone,4,10.9747474747475,A,99,yak_Ore,yak,Ore
42A,3,Rotenone,4,11.1521739130435,A,46,yak_Ore,yak,Ore
42A,5,Rotenone,4,11.3055555555556,A,36,yak_Ore,yak,Ore
45A,1,Rotenone,4,11.2014925373134,A,67,siI_375,siI,375
45A,3,Rotenone,4,11.2313432835821,A,67,siI_375,siI,375
45A,5,Rotenone,4,11.1805555555556,A,72,siI_375,siI,375
46A,1,Rotenone,4,11.5540540540541,A,74,yak_375,yak,375
46A,3,Rotenone,4,11.5416666666667,A,72,yak_375,yak,375
46A,5,Rotenone,4,11.2567567567568,A,74,yak_375,yak,375
Ore,1,Rotenone,4,9.75,parental,24,Ore_Ore,Ore,Ore
Ore,3,Rotenone,4,10.1296296296296,parental,27,Ore_Ore,Ore,Ore
Ore,5,Rotenone,4,10.425,parental,40,Ore_Ore,Ore,Ore
375,1,Rotenone,4,12.1071428571429,parental,56,375_375,375,375
375,3,Rotenone,4,12.0217391304348,parental,46,375_375,375,375
375,5,Rotenone,4,11.2586206896552,parental,29,375_375,375,375
5B,1,Rotenone,4,10.4230769230769,B,13,ZW09_Ore,ZW09,Ore
5B,3,Rotenone,4,10.8529411764706,B,17,ZW09_Ore,ZW09,Ore
5B,5,Rotenone,4,10.75,B,4,ZW09_Ore,ZW09,Ore
13A,1,Rotenone,4,11.0769230769231,A,52,ZW133_375,ZW133,375
13A,3,Rotenone,4,11.2462686567164,A,67,ZW133_375,ZW133,375
13A,5,Rotenone,4,11.3153846153846,A,65,ZW133_375,ZW133,375
8A,1,Control,5,10.5,A,2,ZH26_Ore,ZH26,Ore
8A,3,Control,5,NA,A,0,ZH26_Ore,ZH26,Ore
8A,5,Control,5,NA,A,0,ZH26_Ore,ZH26,Ore
8B,1,Control,5,10.6868131868132,B,91,ZH26_Ore,ZH26,Ore
8B,3,Control,5,10.7222222222222,B,54,ZH26_Ore,ZH26,Ore
8B,5,Control,5,11.0106382978723,B,94,ZH26_Ore,ZH26,Ore
17A,1,Control,5,10.469696969697,A,66,ZH26_375,ZH26,375
17A,3,Control,5,10.3235294117647,A,17,ZH26_375,ZH26,375
17A,5,Control,5,10.8548387096774,A,62,ZH26_375,ZH26,375
17B,1,Control,5,10.25,B,24,ZH26_375,ZH26,375
17B,3,Control,5,10.5185185185185,B,54,ZH26_375,ZH26,375
17B,5,Control,5,10.530303030303,B,33,ZH26_375,ZH26,375
28A,1,Control,5,9.53448275862069,A,29,Bei04_Ore,Bei04,Ore
28A,3,Control,5,10.0714285714286,A,56,Bei04_Ore,Bei04,Ore
28A,5,Control,5,9.22727272727273,A,22,Bei04_Ore,Bei04,Ore
28B,1,Control,5,10.0810810810811,B,74,Bei04_Ore,Bei04,Ore
28B,3,Control,5,10.21875,B,96,Bei04_Ore,Bei04,Ore
28B,5,Control,5,10.4058823529412,B,85,Bei04_Ore,Bei04,Ore
38A,1,Control,5,11.2042253521127,A,71,Bei04_375,Bei04,375
38A,3,Control,5,11.0696202531646,A,79,Bei04_375,Bei04,375
38A,5,Control,5,11.2272727272727,A,77,Bei04_375,Bei04,375
38B,1,Control,5,11.2179487179487,B,117,Bei04_375,Bei04,375
38B,3,Control,5,10.828125,B,128,Bei04_375,Bei04,375
38B,5,Control,5,11.1931818181818,B,88,Bei04_375,Bei04,375
41A,1,Control,5,9.30851063829787,A,47,siI_Ore,siI,Ore
41A,3,Control,5,9.8125,A,48,siI_Ore,siI,Ore
41A,5,Control,5,9.975,A,80,siI_Ore,siI,Ore
42A,1,Control,5,8.7,A,5,yak_Ore,yak,Ore
42A,3,Control,5,9,A,8,yak_Ore,yak,Ore
42A,5,Control,5,9.14705882352941,A,17,yak_Ore,yak,Ore
45A,1,Control,5,10.9591836734694,A,98,siI_375,siI,375
45A,3,Control,5,10.6276595744681,A,94,siI_375,siI,375
45A,5,Control,5,10.825,A,80,siI_375,siI,375
46A,1,Control,5,11.0888888888889,A,90,yak_375,yak,375
46A,3,Control,5,10.7857142857143,A,84,yak_375,yak,375
46A,5,Control,5,10.7395833333333,A,96,yak_375,yak,375
Ore,1,Control,5,10.7921348314607,parental,89,Ore_Ore,Ore,Ore
Ore,3,Control,5,11.3454545454545,parental,110,Ore_Ore,Ore,Ore
Ore,5,Control,5,10.3558558558559,parental,111,Ore_Ore,Ore,Ore
375,1,Control,5,10.877358490566,parental,53,375_375,375,375
375,3,Control,5,11.1071428571429,parental,56,375_375,375,375
375,5,Control,5,10.9470588235294,parental,85,375_375,375,375
5B,1,Control,5,11.4850746268657,B,67,ZW09_Ore,ZW09,Ore
5B,3,Control,5,10.7666666666667,B,60,ZW09_Ore,ZW09,Ore
5B,5,Control,5,10.8529411764706,B,34,ZW09_Ore,ZW09,Ore
8A,1,Rotenone,5,NA,A,0,ZH26_Ore,ZH26,Ore
8A,3,Rotenone,5,9.25,A,12,ZH26_Ore,ZH26,Ore
8A,5,Rotenone,5,10.4473684210526,A,19,ZH26_Ore,ZH26,Ore
8B,1,Rotenone,5,10.8653846153846,B,52,ZH26_Ore,ZH26,Ore
8B,3,Rotenone,5,10.6296296296296,B,54,ZH26_Ore,ZH26,Ore
8B,5,Rotenone,5,11.1060606060606,B,66,ZH26_Ore,ZH26,Ore
17A,1,Rotenone,5,10.9444444444444,A,72,ZH26_375,ZH26,375
17A,3,Rotenone,5,11.1166666666667,A,60,ZH26_375,ZH26,375
17A,5,Rotenone,5,10.9423076923077,A,52,ZH26_375,ZH26,375
17B,1,Rotenone,5,11.2234042553191,B,47,ZH26_375,ZH26,375
17B,3,Rotenone,5,10.0652173913043,B,23,ZH26_375,ZH26,375
17B,5,Rotenone,5,10.9901960784314,B,51,ZH26_375,ZH26,375
28A,1,Rotenone,5,9.1,A,15,Bei04_Ore,Bei04,Ore
28A,3,Rotenone,5,10.6857142857143,A,70,Bei04_Ore,Bei04,Ore
28A,5,Rotenone,5,11.1304347826087,A,46,Bei04_Ore,Bei04,Ore
28B,1,Rotenone,5,10.5655737704918,B,61,Bei04_Ore,Bei04,Ore
28B,3,Rotenone,5,10.7692307692308,B,78,Bei04_Ore,Bei04,Ore
28B,5,Rotenone,5,10.7608695652174,B,92,Bei04_Ore,Bei04,Ore
38A,1,Rotenone,5,11.3253968253968,A,63,Bei04_375,Bei04,375
38A,3,Rotenone,5,10.9385964912281,A,57,Bei04_375,Bei04,375
38A,5,Rotenone,5,11.4591836734694,A,49,Bei04_375,Bei04,375
38B,1,Rotenone,5,10.9615384615385,B,65,Bei04_375,Bei04,375
38B,3,Rotenone,5,11.3333333333333,B,84,Bei04_375,Bei04,375
38B,5,Rotenone,5,11.15,B,80,Bei04_375,Bei04,375
41A,1,Rotenone,5,9.7,A,55,siI_Ore,siI,Ore
41A,3,Rotenone,5,10.8132530120482,A,83,siI_Ore,siI,Ore
41A,5,Rotenone,5,10.7058823529412,A,102,siI_Ore,siI,Ore
42A,1,Rotenone,5,9.82432432432432,A,37,yak_Ore,yak,Ore
42A,3,Rotenone,5,9.625,A,16,yak_Ore,yak,Ore
42A,5,Rotenone,5,NA,A,0,yak_Ore,yak,Ore
45A,1,Rotenone,5,11.2125,A,80,siI_375,siI,375
45A,3,Rotenone,5,11.268115942029,A,69,siI_375,siI,375
45A,5,Rotenone,5,10.8636363636364,A,66,siI_375,siI,375
46A,1,Rotenone,5,11.8695652173913,A,46,yak_375,yak,375
46A,3,Rotenone,5,11.921875,A,64,yak_375,yak,375
46A,5,Rotenone,5,12.24,A,50,yak_375,yak,375
Ore,1,Rotenone,5,10.7153846153846,parental,65,Ore_Ore,Ore,Ore
Ore,3,Rotenone,5,10.4350649350649,parental,77,Ore_Ore,Ore,Ore
Ore,5,Rotenone,5,10.3421052631579,parental,76,Ore_Ore,Ore,Ore
375,1,Rotenone,5,10.9,parental,60,375_375,375,375
375,3,Rotenone,5,11.1666666666667,parental,60,375_375,375,375
375,5,Rotenone,5,11.359649122807,parental,57,375_375,375,375
5B,1,Rotenone,5,11.8478260869565,B,23,ZW09_Ore,ZW09,Ore
5B,3,Rotenone,5,10.7758620689655,B,29,ZW09_Ore,ZW09,Ore
5B,5,Rotenone,5,11.1060606060606,B,33,ZW09_Ore,ZW09,Ore
9A,1,Control,6,11.0227272727273,A,132,ZH23_Ore,ZH23,Ore
9A,3,Control,6,11.0384615384615,A,104,ZH23_Ore,ZH23,Ore
9A,5,Control,6,11.1489361702128,A,94,ZH23_Ore,ZH23,Ore
9B,1,Control,6,11.3478260869565,B,92,ZH23_Ore,ZH23,Ore
9B,3,Control,6,11.2634408602151,B,93,ZH23_Ore,ZH23,Ore
9B,5,Control,6,11.6851851851852,B,81,ZH23_Ore,ZH23,Ore
18A,1,Control,6,10.7,A,55,ZH23_375,ZH23,375
18A,3,Control,6,11.3636363636364,A,66,ZH23_375,ZH23,375
18A,5,Control,6,11.3392857142857,A,56,ZH23_375,ZH23,375
18B,1,Control,6,11.1944444444444,B,36,ZH23_375,ZH23,375
18B,3,Control,6,11.6176470588235,B,34,ZH23_375,ZH23,375
18B,5,Control,6,11.4473684210526,B,57,ZH23_375,ZH23,375
23A,1,Control,6,11.2522123893805,A,113,Bei38_Ore,Bei38,Ore
23A,3,Control,6,11.2924528301887,A,106,Bei38_Ore,Bei38,Ore
23A,5,Control,6,11.2179487179487,A,117,Bei38_Ore,Bei38,Ore
23B,1,Control,6,11.8086419753086,B,81,Bei38_Ore,Bei38,Ore
23B,3,Control,6,11.4886363636364,B,88,Bei38_Ore,Bei38,Ore
23B,5,Control,6,11.5985915492958,B,71,Bei38_Ore,Bei38,Ore
33A,1,Control,6,11.1811594202899,A,69,Bei38_375,Bei38,375
33A,3,Control,6,11.3714285714286,A,70,Bei38_375,Bei38,375
33A,5,Control,6,11.3518518518519,A,81,Bei38_375,Bei38,375
33B,1,Control,6,11.8191489361702,B,47,Bei38_375,Bei38,375
33B,3,Control,6,11.5705882352941,B,85,Bei38_375,Bei38,375
33B,5,Control,6,11.5714285714286,B,56,Bei38_375,Bei38,375
41A,1,Control,6,10.820987654321,A,81,siI_Ore,siI,Ore
41A,3,Control,6,10.9622641509434,A,106,siI_Ore,siI,Ore
41A,5,Control,6,11.2663551401869,A,107,siI_Ore,siI,Ore
42A,1,Control,6,11.2105263157895,A,76,yak_Ore,yak,Ore
42A,3,Control,6,11.1,A,55,yak_Ore,yak,Ore
42A,5,Control,6,11.5909090909091,A,66,yak_Ore,yak,Ore
45A,1,Control,6,11.478021978022,A,91,siI_375,siI,375
45A,3,Control,6,10.8846153846154,A,65,siI_375,siI,375
45A,5,Control,6,11.09375,A,64,siI_375,siI,375
46A,1,Control,6,11.364406779661,A,59,yak_375,yak,375
46A,3,Control,6,11.6463414634146,A,41,yak_375,yak,375
46A,5,Control,6,11.6764705882353,A,51,yak_375,yak,375
Ore,1,Control,6,10.8292682926829,parental,82,Ore_Ore,Ore,Ore
Ore,3,Control,6,11.068,parental,125,Ore_Ore,Ore,Ore
Ore,5,Control,6,11.1638655462185,parental,119,Ore_Ore,Ore,Ore
375,1,Control,6,11.5833333333333,parental,96,375_375,375,375
375,3,Control,6,11.7615384615385,parental,65,375_375,375,375
375,5,Control,6,11.59375,parental,64,375_375,375,375
8A,1,Control,6,10.515625,A,64,ZH26_Ore,ZH26,Ore
8A,3,Control,6,10.925,A,80,ZH26_Ore,ZH26,Ore
8A,5,Control,6,10.8684210526316,A,114,ZH26_Ore,ZH26,Ore
28B,1,Control,6,9.96666666666667,B,105,Bei04_Ore,Bei04,Ore
28B,3,Control,6,9.96808510638298,B,94,Bei04_Ore,Bei04,Ore
28B,5,Control,6,10.0873015873016,B,126,Bei04_Ore,Bei04,Ore
9A,1,Rotenone,6,11.5526315789474,A,57,ZH23_Ore,ZH23,Ore
9A,3,Rotenone,6,11.6290322580645,A,62,ZH23_Ore,ZH23,Ore
9A,5,Rotenone,6,11.5,A,75,ZH23_Ore,ZH23,Ore
9B,1,Rotenone,6,11.3833333333333,B,60,ZH23_Ore,ZH23,Ore
9B,3,Rotenone,6,11.8653846153846,B,52,ZH23_Ore,ZH23,Ore
9B,5,Rotenone,6,12.1222222222222,B,45,ZH23_Ore,ZH23,Ore
18A,1,Rotenone,6,11.8243243243243,A,37,ZH23_375,ZH23,375
18A,3,Rotenone,6,12.0161290322581,A,31,ZH23_375,ZH23,375
18A,5,Rotenone,6,11.8181818181818,A,22,ZH23_375,ZH23,375
18B,1,Rotenone,6,11.3888888888889,B,36,ZH23_375,ZH23,375
18B,3,Rotenone,6,12.25,B,32,ZH23_375,ZH23,375
18B,5,Rotenone,6,11.9772727272727,B,44,ZH23_375,ZH23,375
23A,1,Rotenone,6,11.6014492753623,A,69,Bei38_Ore,Bei38,Ore
23A,3,Rotenone,6,11.65625,A,64,Bei38_Ore,Bei38,Ore
23A,5,Rotenone,6,11.4508196721311,A,61,Bei38_Ore,Bei38,Ore
23B,1,Rotenone,6,12.225,B,40,Bei38_Ore,Bei38,Ore
23B,3,Rotenone,6,12.3125,B,32,Bei38_Ore,Bei38,Ore
23B,5,Rotenone,6,12.0238095238095,B,63,Bei38_Ore,Bei38,Ore
33A,1,Rotenone,6,11.1888888888889,A,45,Bei38_375,Bei38,375
33A,3,Rotenone,6,12.2352941176471,A,34,Bei38_375,Bei38,375
33A,5,Rotenone,6,11.5983606557377,A,61,Bei38_375,Bei38,375
33B,1,Rotenone,6,11.0949367088608,B,79,Bei38_375,Bei38,375
33B,3,Rotenone,6,11.8880597014925,B,67,Bei38_375,Bei38,375
33B,5,Rotenone,6,11.5588235294118,B,17,Bei38_375,Bei38,375
41A,1,Rotenone,6,11.8125,A,80,siI_Ore,siI,Ore
41A,3,Rotenone,6,11.7307692307692,A,78,siI_Ore,siI,Ore
41A,5,Rotenone,6,11.6935483870968,A,62,siI_Ore,siI,Ore
42A,1,Rotenone,6,12.0208333333333,A,48,yak_Ore,yak,Ore
42A,3,Rotenone,6,12.2096774193548,A,31,yak_Ore,yak,Ore
42A,5,Rotenone,6,12.3695652173913,A,23,yak_Ore,yak,Ore
45A,1,Rotenone,6,12.1046511627907,A,43,siI_375,siI,375
45A,3,Rotenone,6,12.02,A,50,siI_375,siI,375
45A,5,Rotenone,6,12.0581395348837,A,43,siI_375,siI,375
46A,1,Rotenone,6,11.9736842105263,A,38,yak_375,yak,375
46A,3,Rotenone,6,12.1666666666667,A,36,yak_375,yak,375
46A,5,Rotenone,6,11.9565217391304,A,46,yak_375,yak,375
Ore,1,Rotenone,6,11.3586956521739,parental,92,Ore_Ore,Ore,Ore
Ore,3,Rotenone,6,11.5102040816327,parental,98,Ore_Ore,Ore,Ore
Ore,5,Rotenone,6,11.71875,parental,64,Ore_Ore,Ore,Ore
375,1,Rotenone,6,12.1578947368421,parental,38,375_375,375,375
375,3,Rotenone,6,11.296875,parental,64,375_375,375,375
375,5,Rotenone,6,12.0396825396825,parental,63,375_375,375,375
8A,1,Rotenone,6,11.5375,A,80,ZH26_Ore,ZH26,Ore
8A,3,Rotenone,6,11.3571428571429,A,49,ZH26_Ore,ZH26,Ore
8A,5,Rotenone,6,11.484375,A,64,ZH26_Ore,ZH26,Ore
28B,1,Rotenone,6,11.2727272727273,B,110,Bei04_Ore,Bei04,Ore
28B,3,Rotenone,6,10.7115384615385,B,104,Bei04_Ore,Bei04,Ore
28B,5,Rotenone,6,11.5344827586207,B,87,Bei04_Ore,Bei04,Ore
25A,1,Control,7,10.7467532467532,A,77,Bei12_Ore,Bei12,Ore
25A,2,Control,7,10.4878048780488,A,82,Bei12_Ore,Bei12,Ore
25A,3,Control,7,10.7957746478873,A,71,Bei12_Ore,Bei12,Ore
25B,1,Control,7,10.4433962264151,B,106,Bei12_Ore,Bei12,Ore
25B,2,Control,7,11.0234042553191,B,235,Bei12_Ore,Bei12,Ore
25B,3,Control,7,10.4357798165138,B,109,Bei12_Ore,Bei12,Ore
39A,1,Control,7,11.0113636363636,A,88,zim53_Ore,Zim53,Ore
39A,2,Control,7,11.3,A,80,zim53_Ore,Zim53,Ore
39A,3,Control,7,11.0681818181818,A,88,zim53_Ore,Zim53,Ore
39B,1,Control,7,10.0957446808511,B,47,zim53_Ore,Zim53,Ore
39B,2,Control,7,10.2,B,60,zim53_Ore,Zim53,Ore
39B,3,Control,7,9.72857142857143,B,35,zim53_Ore,Zim53,Ore
35A,1,Control,7,11.06,A,75,Bei12_375,Bei12,375
35A,2,Control,7,10.9761904761905,A,63,Bei12_375,Bei12,375
35A,3,Control,7,10.9736842105263,A,57,Bei12_375,Bei12,375
35B,1,Control,7,10.9,B,85,Bei12_375,Bei12,375
35B,2,Control,7,10.8376623376623,B,77,Bei12_375,Bei12,375
35B,3,Control,7,10.8392857142857,B,56,Bei12_375,Bei12,375
43A,1,Control,7,11.5963855421687,A,83,zim53_375,Zim53,375
43A,2,Control,7,11.4230769230769,A,91,zim53_375,Zim53,375
43A,3,Control,7,11.1547619047619,A,84,zim53_375,Zim53,375
43B,1,Control,7,11.8333333333333,B,51,zim53_375,Zim53,375
43B,2,Control,7,12.0263157894737,B,57,zim53_375,Zim53,375
43B,3,Control,7,11.9126984126984,B,63,zim53_375,Zim53,375
41A,1,Control,7,10.4722222222222,A,108,siI_Ore,siI,Ore
41A,2,Control,7,10.2766990291262,A,103,siI_Ore,siI,Ore
41A,3,Control,7,10.4489795918367,A,98,siI_Ore,siI,Ore
42A,1,Control,7,10.9794520547945,A,73,yak_Ore,yak,Ore
42A,2,Control,7,10.7962962962963,A,81,yak_Ore,yak,Ore
42A,3,Control,7,10.9698795180723,A,83,yak_Ore,yak,Ore
45A,1,Control,7,11.0820895522388,A,67,siI_375,siI,375
45A,2,Control,7,11.5,A,48,siI_375,siI,375
45A,3,Control,7,11.4036144578313,A,83,siI_375,siI,375
46A,1,Control,7,12.2407407407407,A,54,yak_375,yak,375
46A,2,Control,7,12.1610169491525,A,59,yak_375,yak,375
46A,3,Control,7,12.3039215686275,A,51,yak_375,yak,375
Ore,1,Control,7,10.5181818181818,parental,55,Ore_Ore,Ore,Ore
Ore,2,Control,7,10.3780487804878,parental,41,Ore_Ore,Ore,Ore
Ore,3,Control,7,10.5540540540541,parental,37,Ore_Ore,Ore,Ore
375,1,Control,7,11.9545454545455,parental,44,375_375,375,375
375,2,Control,7,11.8898305084746,parental,59,375_375,375,375
375,3,Control,7,12.0769230769231,parental,52,375_375,375,375
25A,1,Rotenone,7,10.6264367816092,A,87,Bei12_Ore,Bei12,Ore
25A,2,Rotenone,7,10.8421052631579,A,76,Bei12_Ore,Bei12,Ore
25A,3,Rotenone,7,10.7597402597403,A,77,Bei12_Ore,Bei12,Ore
25B,1,Rotenone,7,10.7474226804124,B,97,Bei12_Ore,Bei12,Ore
25B,2,Rotenone,7,10.6777777777778,B,90,Bei12_Ore,Bei12,Ore
25B,3,Rotenone,7,10.1986301369863,B,73,Bei12_Ore,Bei12,Ore
39A,1,Rotenone,7,11.4255319148936,A,94,zim53_Ore,Zim53,Ore
39A,2,Rotenone,7,11.2111111111111,A,90,zim53_Ore,Zim53,Ore
39A,3,Rotenone,7,11.0979381443299,A,97,zim53_Ore,Zim53,Ore
39B,1,Rotenone,7,10.2179487179487,B,78,zim53_Ore,Zim53,Ore
39B,2,Rotenone,7,9.95454545454546,B,22,zim53_Ore,Zim53,Ore
39B,3,Rotenone,7,10.1714285714286,B,70,zim53_Ore,Zim53,Ore
35A,1,Rotenone,7,11.3928571428571,A,56,Bei12_375,Bei12,375
35A,2,Rotenone,7,11.5645161290323,A,62,Bei12_375,Bei12,375
35A,3,Rotenone,7,11.3269230769231,A,52,Bei12_375,Bei12,375
35B,1,Rotenone,7,10.9166666666667,B,36,Bei12_375,Bei12,375
35B,2,Rotenone,7,11.2272727272727,B,55,Bei12_375,Bei12,375
35B,3,Rotenone,7,10.8714285714286,B,35,Bei12_375,Bei12,375
43A,1,Rotenone,7,11.4512195121951,A,82,zim53_375,Zim53,375
43A,2,Rotenone,7,11.4014084507042,A,71,zim53_375,Zim53,375
43A,3,Rotenone,7,11.510752688172,A,93,zim53_375,Zim53,375
43B,1,Rotenone,7,11.6707317073171,B,82,zim53_375,Zim53,375
43B,2,Rotenone,7,11.25,B,84,zim53_375,Zim53,375
43B,3,Rotenone,7,11.1086956521739,B,92,zim53_375,Zim53,375
41A,1,Rotenone,7,10.7843137254902,A,102,siI_Ore,siI,Ore
41A,2,Rotenone,7,11.0925925925926,A,108,siI_Ore,siI,Ore
41A,3,Rotenone,7,10.9347826086957,A,92,siI_Ore,siI,Ore
42A,1,Rotenone,7,11.4512195121951,A,41,yak_Ore,yak,Ore
42A,2,Rotenone,7,11,A,36,yak_Ore,yak,Ore
42A,3,Rotenone,7,10.8636363636364,A,33,yak_Ore,yak,Ore
45A,1,Rotenone,7,11.54,A,75,siI_375,siI,375
45A,2,Rotenone,7,11.4444444444444,A,72,siI_375,siI,375
45A,3,Rotenone,7,11.364406779661,A,59,siI_375,siI,375
46A,1,Rotenone,7,11.6111111111111,A,54,yak_375,yak,375
46A,2,Rotenone,7,11.7539682539683,A,63,yak_375,yak,375
46A,3,Rotenone,7,11.66,A,50,yak_375,yak,375
Ore,1,Rotenone,7,10.6304347826087,parental,23,Ore_Ore,Ore,Ore
Ore,2,Rotenone,7,10.5,parental,36,Ore_Ore,Ore,Ore
Ore,3,Rotenone,7,10.8783783783784,parental,37,Ore_Ore,Ore,Ore
375,1,Rotenone,7,11.675,parental,80,375_375,375,375
375,2,Rotenone,7,11.9025974025974,parental,77,375_375,375,375
375,3,Rotenone,7,11.8285714285714,parental,70,375_375,375,375
1A,1,Control,8,10.8529411764706,A,119,ZW144_Ore,ZW144,Ore
1A,2,Control,8,10.8129770992366,A,131,ZW144_Ore,ZW144,Ore
1A,3,Control,8,11.1408450704225,A,142,ZW144_Ore,ZW144,Ore
1B,1,Control,8,10.74,B,150,ZW144_Ore,ZW144,Ore
1B,2,Control,8,10.6328671328671,B,143,ZW144_Ore,ZW144,Ore
1B,3,Control,8,10.6515151515152,B,132,ZW144_Ore,ZW144,Ore
2A,1,Control,8,10.8015873015873,A,126,ZW142_Ore,ZW142,Ore
2A,2,Control,8,10.7846153846154,A,130,ZW142_Ore,ZW142,Ore
2A,3,Control,8,10.9895104895105,A,143,ZW142_Ore,ZW142,Ore
2B,1,Control,8,10.8636363636364,B,154,ZW142_Ore,ZW142,Ore
2B,2,Control,8,10.964,B,125,ZW142_Ore,ZW142,Ore
2B,3,Control,8,11.0294117647059,B,119,ZW142_Ore,ZW142,Ore
10A,1,Control,8,11.3510638297872,A,94,ZW144_375,ZW144,375
10A,2,Control,8,10.8118279569892,A,93,ZW144_375,ZW144,375
10A,3,Control,8,11.510989010989,A,91,ZW144_375,ZW144,375
10B,1,Control,8,11.1197183098592,B,71,ZW144_375,ZW144,375
10B,2,Control,8,10.94,B,100,ZW144_375,ZW144,375
10B,3,Control,8,11.2840909090909,B,88,ZW144_375,ZW144,375
11A,1,Control,8,10.8711340206186,A,97,ZW142_375,ZW142,375
11A,2,Control,8,10.5520833333333,A,96,ZW142_375,ZW142,375
11A,3,Control,8,10.6612903225806,A,93,ZW142_375,ZW142,375
11B,1,Control,8,11.1614173228346,B,127,ZW142_375,ZW142,375
11B,2,Control,8,10.9532374100719,B,139,ZW142_375,ZW142,375
11B,3,Control,8,10.7822580645161,B,124,ZW142_375,ZW142,375
19A,1,Control,8,10.8333333333333,A,93,Bei59_Ore,Bei59,Ore
19A,2,Control,8,10.82,A,125,Bei59_Ore,Bei59,Ore
19A,3,Control,8,11.0213675213675,A,117,Bei59_Ore,Bei59,Ore
19B,1,Control,8,11.1826923076923,B,104,Bei59_Ore,Bei59,Ore
19B,2,Control,8,10.8687943262411,B,141,Bei59_Ore,Bei59,Ore
19B,3,Control,8,10.9014598540146,B,137,Bei59_Ore,Bei59,Ore
20A,1,Control,8,10.8023255813953,A,129,Bei54_Ore,Bei54,Ore
20A,2,Control,8,10.6031746031746,A,126,Bei54_Ore,Bei54,Ore
20A,3,Control,8,10.9326241134752,A,141,Bei54_Ore,Bei54,Ore
20B,1,Control,8,11.1864406779661,B,118,Bei54_Ore,Bei54,Ore
20B,2,Control,8,10.9736842105263,B,95,Bei54_Ore,Bei54,Ore
20B,3,Control,8,11.1111111111111,B,126,Bei54_Ore,Bei54,Ore
29A,1,Control,8,10.3791208791209,A,91,Bei59_375,Bei59,375
29A,2,Control,8,10.5588235294118,A,85,Bei59_375,Bei59,375
29A,3,Control,8,10.5655737704918,A,61,Bei59_375,Bei59,375
29B,1,Control,8,10.7222222222222,B,90,Bei59_375,Bei59,375
29B,2,Control,8,10.8606557377049,B,61,Bei59_375,Bei59,375
29B,3,Control,8,10.9923076923077,B,65,Bei59_375,Bei59,375
30A,1,Control,8,10.7258064516129,A,62,Bei54_375,Bei54,375
30A,2,Control,8,11.3055555555556,A,108,Bei54_375,Bei54,375
30A,3,Control,8,10.8333333333333,A,57,Bei54_375,Bei54,375
30B,1,Control,8,11.2719298245614,B,114,Bei54_375,Bei54,375
30B,2,Control,8,11.1129032258065,B,93,Bei54_375,Bei54,375
30B,3,Control,8,11.3584905660377,B,106,Bei54_375,Bei54,375
1A,1,Rotenone,8,11.0961538461538,A,104,ZW144_Ore,ZW144,Ore
1A,2,Rotenone,8,11.2163120567376,A,141,ZW144_Ore,ZW144,Ore
1A,3,Rotenone,8,11.375,A,136,ZW144_Ore,ZW144,Ore
1B,1,Rotenone,8,10.6860465116279,B,86,ZW144_Ore,ZW144,Ore
1B,2,Rotenone,8,10.8586956521739,B,92,ZW144_Ore,ZW144,Ore
1B,3,Rotenone,8,10.9210526315789,B,95,ZW144_Ore,ZW144,Ore
2A,1,Rotenone,8,11.09,A,100,ZW142_Ore,ZW142,Ore
2A,2,Rotenone,8,10.9727272727273,A,55,ZW142_Ore,ZW142,Ore
2A,3,Rotenone,8,10.8544303797468,A,79,ZW142_Ore,ZW142,Ore
2B,1,Rotenone,8,11.0596330275229,B,109,ZW142_Ore,ZW142,Ore
2B,2,Rotenone,8,11.239837398374,B,123,ZW142_Ore,ZW142,Ore
2B,3,Rotenone,8,11.3064516129032,B,124,ZW142_Ore,ZW142,Ore
10A,1,Rotenone,8,10.75,A,76,ZW144_375,ZW144,375
10A,2,Rotenone,8,10.7073170731707,A,82,ZW144_375,ZW144,375
10A,3,Rotenone,8,11.0373134328358,A,67,ZW144_375,ZW144,375
10B,1,Rotenone,8,11.5428571428571,B,70,ZW144_375,ZW144,375
10B,2,Rotenone,8,11.4454545454545,B,55,ZW144_375,ZW144,375
10B,3,Rotenone,8,11.1363636363636,B,55,ZW144_375,ZW144,375
11A,1,Rotenone,8,10.5240963855422,A,83,ZW142_375,ZW142,375
11A,2,Rotenone,8,10.8802816901408,A,71,ZW142_375,ZW142,375
11A,3,Rotenone,8,10.5531914893617,A,94,ZW142_375,ZW142,375
11B,1,Rotenone,8,11.2142857142857,B,77,ZW142_375,ZW142,375
11B,2,Rotenone,8,10.7150537634409,B,93,ZW142_375,ZW142,375
11B,3,Rotenone,8,11.5390625,B,128,ZW142_375,ZW142,375
19A,1,Rotenone,8,11.4916666666667,A,120,Bei59_Ore,Bei59,Ore
19A,2,Rotenone,8,11.1261682242991,A,107,Bei59_Ore,Bei59,Ore
19A,3,Rotenone,8,11.2882352941176,A,85,Bei59_Ore,Bei59,Ore
19B,1,Rotenone,8,11.4133858267717,B,127,Bei59_Ore,Bei59,Ore
19B,2,Rotenone,8,11.3813559322034,B,118,Bei59_Ore,Bei59,Ore
19B,3,Rotenone,8,11.1946564885496,B,131,Bei59_Ore,Bei59,Ore
20A,1,Rotenone,8,11.1491228070175,A,57,Bei54_Ore,Bei54,Ore
20A,2,Rotenone,8,11.1140350877193,A,57,Bei54_Ore,Bei54,Ore
20A,3,Rotenone,8,10.530303030303,A,33,Bei54_Ore,Bei54,Ore
20B,1,Rotenone,8,11.2522123893805,B,113,Bei54_Ore,Bei54,Ore
20B,2,Rotenone,8,11.3503937007874,B,127,Bei54_Ore,Bei54,Ore
20B,3,Rotenone,8,11.3823529411765,B,119,Bei54_Ore,Bei54,Ore
29A,1,Rotenone,8,10.9430379746835,A,79,Bei59_375,Bei59,375
29A,2,Rotenone,8,10.7857142857143,A,56,Bei59_375,Bei59,375
29A,3,Rotenone,8,11.258064516129,A,62,Bei59_375,Bei59,375
29B,1,Rotenone,8,11.1666666666667,B,60,Bei59_375,Bei59,375
29B,2,Rotenone,8,11.3478260869565,B,46,Bei59_375,Bei59,375
29B,3,Rotenone,8,11.0384615384615,B,39,Bei59_375,Bei59,375
30A,1,Rotenone,8,10.8387096774194,A,62,Bei54_375,Bei54,375
30A,2,Rotenone,8,11.4266055045872,A,109,Bei54_375,Bei54,375
30A,3,Rotenone,8,11.1875,A,64,Bei54_375,Bei54,375
30B,1,Rotenone,8,11.3924731182796,B,93,Bei54_375,Bei54,375
30B,2,Rotenone,8,11.8166666666667,B,60,Bei54_375,Bei54,375
30B,3,Rotenone,8,11.6063829787234,B,94,Bei54_375,Bei54,375
41A,1,Rotenone,8,11.4487179487179,A,117,siI_Ore,siI,Ore
41A,2,Rotenone,8,11.6047619047619,A,105,siI_Ore,siI,Ore
41A,3,Rotenone,8,11.2049180327869,A,122,siI_Ore,siI,Ore
42A,1,Rotenone,8,11.4186046511628,A,86,yak_Ore,yak,Ore
42A,2,Rotenone,8,11.3631578947368,A,95,yak_Ore,yak,Ore
42A,3,Rotenone,8,11.1309523809524,A,84,yak_Ore,yak,Ore
45A,1,Rotenone,8,11.6413043478261,A,92,siI_375,siI,375
45A,2,Rotenone,8,11.5240963855422,A,83,siI_375,siI,375
45A,3,Rotenone,8,11.7673267326733,A,101,siI_375,siI,375
46A,1,Rotenone,8,11.8505154639175,A,97,yak_375,yak,375
46A,2,Rotenone,8,11.6428571428571,A,84,yak_375,yak,375
46A,3,Rotenone,8,11.8783783783784,A,111,yak_375,yak,375
Ore,1,Rotenone,8,9.9,parental,10,Ore_Ore,Ore,Ore
Ore,2,Rotenone,8,10.8333333333333,parental,3,Ore_Ore,Ore,Ore
Ore,3,Rotenone,8,9.875,parental,8,Ore_Ore,Ore,Ore
375,1,Rotenone,8,10.844262295082,parental,61,375_375,375,375
375,2,Rotenone,8,10.8809523809524,parental,63,375_375,375,375
375,3,Rotenone,8,11.2592592592593,parental,54,375_375,375,375
41A,1,Control,8,11.1981132075472,A,106,siI_Ore,siI,Ore
41A,2,Control,8,10.9397163120567,A,141,siI_Ore,siI,Ore
41A,3,Control,8,10.8783783783784,A,74,siI_Ore,siI,Ore
42A,1,Control,8,10.7828282828283,A,99,yak_Ore,yak,Ore
42A,2,Control,8,10.9949494949495,A,99,yak_Ore,yak,Ore
42A,3,Control,8,10.8956043956044,A,91,yak_Ore,yak,Ore
45A,1,Control,8,11.1875,A,96,siI_375,siI,375
45A,2,Control,8,11.3461538461538,A,130,siI_375,siI,375
45A,3,Control,8,11.2734375,A,128,siI_375,siI,375
46A,1,Control,8,10.8962264150943,A,106,yak_375,yak,375
46A,2,Control,8,10.6505376344086,A,93,yak_375,yak,375
46A,3,Control,8,10.948275862069,A,87,yak_375,yak,375
Ore,1,Control,8,10.5388349514563,parental,103,Ore_Ore,Ore,Ore
Ore,2,Control,8,10.36,parental,50,Ore_Ore,Ore,Ore
Ore,3,Control,8,10.6111111111111,parental,63,Ore_Ore,Ore,Ore
375,1,Control,8,11.484126984127,parental,63,375_375,375,375
375,2,Control,8,10.952380952381,parental,42,375_375,375,375
375,3,Control,8,11.0591397849462,parental,93,375_375,375,375
2A,1,Control,9,10.6949152542373,A,118,ZW142_Ore,ZW142,Ore
2A,2,Control,9,10.3203125,A,128,ZW142_Ore,ZW142,Ore
2A,3,Control,9,10.0625,A,112,ZW142_Ore,ZW142,Ore
4A,1,Control,9,10.0247524752475,A,101,ZW133_Ore,ZW133,Ore
4A,2,Control,9,10.537037037037,A,108,ZW133_Ore,ZW133,Ore
4A,3,Control,9,10.2261904761905,A,84,ZW133_Ore,ZW133,Ore
7A,1,Control,9,10.3833333333333,A,120,ZH33_Ore,ZH33,Ore
7A,2,Control,9,10.4173553719008,A,121,ZH33_Ore,ZH33,Ore
7A,3,Control,9,10.2017543859649,A,114,ZH33_Ore,ZH33,Ore
11A,1,Control,9,10.0591397849462,A,93,ZW142_375,ZW142,375
11A,2,Control,9,10.7045454545455,A,88,ZW142_375,ZW142,375
11A,3,Control,9,10.3235294117647,A,68,ZW142_375,ZW142,375
13A,1,Control,9,10.5657894736842,A,76,ZW133_375,ZW133,375
13A,2,Control,9,10.6326530612245,A,98,ZW133_375,ZW133,375
13A,3,Control,9,10.7613636363636,A,88,ZW133_375,ZW133,375
16A,1,Control,9,10.554347826087,A,92,ZH33_375,ZH33,375
16A,2,Control,9,10.48,A,100,ZH33_375,ZH33,375
16A,3,Control,9,10.3988764044944,A,89,ZH33_375,ZH33,375
19A,1,Control,9,10.87,A,100,Bei59_Ore,Bei59,Ore
19A,2,Control,9,10.5693069306931,A,101,Bei59_Ore,Bei59,Ore
19A,3,Control,9,10.4175257731959,A,97,Bei59_Ore,Bei59,Ore
24A,1,Control,9,10.4252336448598,A,107,Bei23_Ore,Bei23,Ore
24A,2,Control,9,10.675,A,120,Bei23_Ore,Bei23,Ore
24A,3,Control,9,10.5549450549451,A,91,Bei23_Ore,Bei23,Ore
26A,1,Control,9,10.1019417475728,A,103,Bei11_Ore,Bei11,Ore
26A,2,Control,9,9.52970297029703,A,101,Bei11_Ore,Bei11,Ore
26A,3,Control,9,10.3369565217391,A,92,Bei11_Ore,Bei11,Ore
29A,1,Control,9,10.8108108108108,A,74,Bei59_375,Bei59,375
29A,2,Control,9,10.6756756756757,A,74,Bei59_375,Bei59,375
29A,3,Control,9,10.8188405797101,A,69,Bei59_375,Bei59,375
34A,1,Control,9,10.3088235294118,A,68,Bei23_375,Bei23,375
34A,2,Control,9,10.6829268292683,A,82,Bei23_375,Bei23,375
34A,3,Control,9,11,A,70,Bei23_375,Bei23,375
36A,1,Control,9,10.6458333333333,A,96,Bei11_375,Bei11,375
36A,2,Control,9,10.7111111111111,A,90,Bei11_375,Bei11,375
36A,3,Control,9,10.3720930232558,A,86,Bei11_375,Bei11,375
41A,1,Control,9,10.3225806451613,A,124,siI_Ore,siI,Ore
41A,2,Control,9,10.5775862068966,A,116,siI_Ore,siI,Ore
41A,3,Control,9,10.8047619047619,A,105,siI_Ore,siI,Ore
42A,1,Control,9,10.9122807017544,A,114,yak_Ore,yak,Ore
42A,2,Control,9,10.4263157894737,A,95,yak_Ore,yak,Ore
42A,3,Control,9,10.9205607476636,A,107,yak_Ore,yak,Ore
45A,1,Control,9,10.5505050505051,A,99,siI_375,siI,375
45A,2,Control,9,10.4772727272727,A,88,siI_375,siI,375
45A,3,Control,9,10.5,A,94,siI_375,siI,375
46A,1,Control,9,10.7121212121212,A,99,yak_375,yak,375
46A,2,Control,9,11.0747126436782,A,87,yak_375,yak,375
46A,3,Control,9,10.7289156626506,A,83,yak_375,yak,375
2A,1,Rotenone,9,11.0909090909091,A,110,ZW142_Ore,ZW142,Ore
2A,2,Rotenone,9,11.1283185840708,A,113,ZW142_Ore,ZW142,Ore
2A,3,Rotenone,9,11.1635514018692,A,107,ZW142_Ore,ZW142,Ore
4A,1,Rotenone,9,11.472602739726,A,73,ZW133_Ore,ZW133,Ore
4A,2,Rotenone,9,11.0797101449275,A,69,ZW133_Ore,ZW133,Ore
4A,3,Rotenone,9,11.2916666666667,A,72,ZW133_Ore,ZW133,Ore
7A,1,Rotenone,9,10.8023255813953,A,86,ZH33_Ore,ZH33,Ore
7A,2,Rotenone,9,10.9536082474227,A,97,ZH33_Ore,ZH33,Ore
7A,3,Rotenone,9,11.2142857142857,A,77,ZH33_Ore,ZH33,Ore
11A,1,Rotenone,9,10.3529411764706,A,68,ZW142_375,ZW142,375
11A,2,Rotenone,9,10.64,A,50,ZW142_375,ZW142,375
11A,3,Rotenone,9,10.2543859649123,A,57,ZW142_375,ZW142,375
13A,1,Rotenone,9,11.0373134328358,A,67,ZW133_375,ZW133,375
13A,2,Rotenone,9,11.2362637362637,A,91,ZW133_375,ZW133,375
13A,3,Rotenone,9,11.2215189873418,A,79,ZW133_375,ZW133,375
16A,1,Rotenone,9,11.7784810126582,A,79,ZH33_375,ZH33,375
16A,2,Rotenone,9,11.4516129032258,A,62,ZH33_375,ZH33,375
16A,3,Rotenone,9,11.7833333333333,A,60,ZH33_375,ZH33,375
19A,1,Rotenone,9,11.1315789473684,A,76,Bei59_Ore,Bei59,Ore
19A,2,Rotenone,9,11.2887323943662,A,71,Bei59_Ore,Bei59,Ore
19A,3,Rotenone,9,11.2882352941176,A,85,Bei59_Ore,Bei59,Ore
24A,1,Rotenone,9,10.952380952381,A,84,Bei23_Ore,Bei23,Ore
24A,2,Rotenone,9,10.953488372093,A,86,Bei23_Ore,Bei23,Ore
24A,3,Rotenone,9,11.0375,A,80,Bei23_Ore,Bei23,Ore
26A,1,Rotenone,9,11.1417910447761,A,67,Bei11_Ore,Bei11,Ore
26A,2,Rotenone,9,10.3666666666667,A,105,Bei11_Ore,Bei11,Ore
26A,3,Rotenone,9,11.025641025641,A,78,Bei11_Ore,Bei11,Ore
29A,1,Rotenone,9,11.3387096774194,A,62,Bei59_375,Bei59,375
29A,2,Rotenone,9,11.3076923076923,A,52,Bei59_375,Bei59,375
29A,3,Rotenone,9,11.2368421052632,A,57,Bei59_375,Bei59,375
34A,1,Rotenone,9,11.3507462686567,A,67,Bei23_375,Bei23,375
34A,2,Rotenone,9,10.7777777777778,A,54,Bei23_375,Bei23,375
34A,3,Rotenone,9,11.0238095238095,A,63,Bei23_375,Bei23,375
36A,1,Rotenone,9,10.9,A,95,Bei11_375,Bei11,375
36A,2,Rotenone,9,10.8924050632911,A,79,Bei11_375,Bei11,375
36A,3,Rotenone,9,10.6388888888889,A,72,Bei11_375,Bei11,375
41A,1,Rotenone,9,11.1037735849057,A,106,siI_Ore,siI,Ore
41A,2,Rotenone,9,11.2358490566038,A,106,siI_Ore,siI,Ore
41A,3,Rotenone,9,10.9761904761905,A,105,siI_Ore,siI,Ore
42A,1,Rotenone,9,11.0588235294118,A,68,yak_Ore,yak,Ore
42A,2,Rotenone,9,11.0873015873016,A,63,yak_Ore,yak,Ore
42A,3,Rotenone,9,11.325,A,40,yak_Ore,yak,Ore
45A,1,Rotenone,9,11.1551724137931,A,58,siI_375,siI,375
45A,2,Rotenone,9,11.1666666666667,A,60,siI_375,siI,375
45A,3,Rotenone,9,10.9615384615385,A,65,siI_375,siI,375
46A,1,Rotenone,9,11.4444444444444,A,72,yak_375,yak,375
46A,2,Rotenone,9,11.3988764044944,A,89,yak_375,yak,375
46A,3,Rotenone,9,11.75,A,84,yak_375,yak,375
2B,1,Control,9,10.58,B,125,ZW142_Ore,ZW142,Ore
2B,2,Control,9,10.8688524590164,B,122,ZW142_Ore,ZW142,Ore
2B,3,Control,9,10.5983606557377,B,122,ZW142_Ore,ZW142,Ore
4B,1,Control,9,10.6150442477876,B,113,ZW133_Ore,ZW133,Ore
4B,2,Control,9,10.05,B,80,ZW133_Ore,ZW133,Ore
4B,3,Control,9,10.1493506493506,B,77,ZW133_Ore,ZW133,Ore
7B,1,Control,9,10.534188034188,B,117,ZH33_Ore,ZH33,Ore
7B,2,Control,9,10.1486486486486,B,74,ZH33_Ore,ZH33,Ore
7B,3,Control,9,10.3717948717949,B,78,ZH33_Ore,ZH33,Ore
11B,1,Control,9,10.0394736842105,B,76,ZW142_375,ZW142,375
11B,2,Control,9,11.3409090909091,B,88,ZW142_375,ZW142,375
11B,3,Control,9,11.3981481481481,B,108,ZW142_375,ZW142,375
13B,1,Control,9,10.5689655172414,B,116,ZW133_375,ZW133,375
13B,2,Control,9,10.9766355140187,B,107,ZW133_375,ZW133,375
13B,3,Control,9,11.3267716535433,B,127,ZW133_375,ZW133,375
16B,1,Control,9,10.5952380952381,B,84,ZH33_375,ZH33,375
16B,2,Control,9,10.3701298701299,B,77,ZH33_375,ZH33,375
16B,3,Control,9,10.6123595505618,B,89,ZH33_375,ZH33,375
19B,1,Control,9,9.87142857142857,B,105,Bei59_Ore,Bei59,Ore
19B,2,Control,9,10.386524822695,B,141,Bei59_Ore,Bei59,Ore
19B,3,Control,9,10.1111111111111,B,108,Bei59_Ore,Bei59,Ore
24B,1,Control,9,9.64606741573034,B,89,Bei23_Ore,Bei23,Ore
24B,2,Control,9,9.97252747252747,B,91,Bei23_Ore,Bei23,Ore
24B,3,Control,9,9.95283018867925,B,106,Bei23_Ore,Bei23,Ore
26B,1,Control,9,10.0068493150685,B,73,Bei11_Ore,Bei11,Ore
26B,2,Control,9,10.1578947368421,B,114,Bei11_Ore,Bei11,Ore
26B,3,Control,9,10.054347826087,B,92,Bei11_Ore,Bei11,Ore
29B,1,Control,9,10.8642857142857,B,140,Bei59_375,Bei59,375
29B,2,Control,9,10.7432432432432,B,111,Bei59_375,Bei59,375
29B,3,Control,9,10.9036697247706,B,109,Bei59_375,Bei59,375
34B,1,Control,9,10.3068181818182,B,88,Bei23_375,Bei23,375
34B,2,Control,9,10.1867469879518,B,83,Bei23_375,Bei23,375
34B,3,Control,9,10.7,B,85,Bei23_375,Bei23,375
36B,1,Control,9,10.2909090909091,B,110,Bei11_375,Bei11,375
36B,2,Control,9,10.3857142857143,B,105,Bei11_375,Bei11,375
36B,3,Control,9,10.1336633663366,B,101,Bei11_375,Bei11,375
41B,1,Control,9,10.7096774193548,B,124,siI_Ore,siI,Ore
41B,2,Control,9,10.7290076335878,B,131,siI_Ore,siI,Ore
41B,3,Control,9,10.5347826086957,B,115,siI_Ore,siI,Ore
42B,1,Control,9,10.728813559322,B,118,yak_Ore,yak,Ore
42B,2,Control,9,10.4795918367347,B,98,yak_Ore,yak,Ore
42B,3,Control,9,10.6030927835052,B,97,yak_Ore,yak,Ore
45B,1,Control,9,10.7608695652174,B,92,siI_375,siI,375
45B,2,Control,9,11.06,B,100,siI_375,siI,375
45B,3,Control,9,10.9615384615385,B,130,siI_375,siI,375
46B,1,Control,9,10.8461538461538,B,104,yak_375,yak,375
46B,2,Control,9,10.7178217821782,B,101,yak_375,yak,375
46B,3,Control,9,10.2864077669903,B,103,yak_375,yak,375
2B,1,Rotenone,9,10.4795918367347,B,49,ZW142_Ore,ZW142,Ore
2B,2,Rotenone,9,10.867816091954,B,87,ZW142_Ore,ZW142,Ore
2B,3,Rotenone,9,10.5,B,72,ZW142_Ore,ZW142,Ore
4B,1,Rotenone,9,10.42,B,50,ZW133_Ore,ZW133,Ore
4B,2,Rotenone,9,10.3958333333333,B,48,ZW133_Ore,ZW133,Ore
4B,3,Rotenone,9,10.4305555555556,B,72,ZW133_Ore,ZW133,Ore
7B,1,Rotenone,9,10.5,B,35,ZH33_Ore,ZH33,Ore
7B,2,Rotenone,9,10.7173913043478,B,69,ZH33_Ore,ZH33,Ore
7B,3,Rotenone,9,10.5181818181818,B,55,ZH33_Ore,ZH33,Ore
11B,1,Rotenone,9,10.7753623188406,B,69,ZW142_375,ZW142,375
11B,2,Rotenone,9,11.6951219512195,B,82,ZW142_375,ZW142,375
11B,3,Rotenone,9,10.8030303030303,B,66,ZW142_375,ZW142,375
13B,1,Rotenone,9,11.1666666666667,B,87,ZW133_375,ZW133,375
13B,2,Rotenone,9,11.4078947368421,B,76,ZW133_375,ZW133,375
13B,3,Rotenone,9,11.6927710843374,B,83,ZW133_375,ZW133,375
16B,1,Rotenone,9,10.675,B,40,ZH33_375,ZH33,375
16B,2,Rotenone,9,10.7641509433962,B,53,ZH33_375,ZH33,375
16B,3,Rotenone,9,11.031914893617,B,47,ZH33_375,ZH33,375
19B,1,Rotenone,9,10.9230769230769,B,104,Bei59_Ore,Bei59,Ore
19B,2,Rotenone,9,11.0169491525424,B,118,Bei59_Ore,Bei59,Ore
19B,3,Rotenone,9,11.3965517241379,B,87,Bei59_Ore,Bei59,Ore
24B,1,Rotenone,9,10.3876404494382,B,89,Bei23_Ore,Bei23,Ore
24B,2,Rotenone,9,10.1923076923077,B,65,Bei23_Ore,Bei23,Ore
24B,3,Rotenone,9,9.81481481481481,B,54,Bei23_Ore,Bei23,Ore
26B,1,Rotenone,9,10.0068493150685,B,73,Bei11_Ore,Bei11,Ore
26B,2,Rotenone,9,10.1578947368421,B,114,Bei11_Ore,Bei11,Ore
26B,3,Rotenone,9,10.0824175824176,B,91,Bei11_Ore,Bei11,Ore
29B,1,Rotenone,9,10.8884892086331,B,139,Bei59_375,Bei59,375
29B,2,Rotenone,9,10.7432432432432,B,111,Bei59_375,Bei59,375
29B,3,Rotenone,9,10.9036697247706,B,109,Bei59_375,Bei59,375
34B,1,Rotenone,9,10.3390804597701,B,87,Bei23_375,Bei23,375
34B,2,Rotenone,9,10.219512195122,B,82,Bei23_375,Bei23,375
34B,3,Rotenone,9,10.7380952380952,B,84,Bei23_375,Bei23,375
36B,1,Rotenone,9,10.2909090909091,B,110,Bei11_375,Bei11,375
36B,2,Rotenone,9,10.3857142857143,B,105,Bei11_375,Bei11,375
36B,3,Rotenone,9,10.1336633663366,B,101,Bei11_375,Bei11,375
41B,1,Rotenone,9,10.7357723577236,B,123,siI_Ore,siI,Ore
41B,2,Rotenone,9,10.7290076335878,B,131,siI_Ore,siI,Ore
41B,3,Rotenone,9,10.5347826086957,B,115,siI_Ore,siI,Ore
42B,1,Rotenone,9,10.7564102564103,B,117,yak_Ore,yak,Ore
42B,2,Rotenone,9,10.4795918367347,B,98,yak_Ore,yak,Ore
42B,3,Rotenone,9,10.6030927835052,B,97,yak_Ore,yak,Ore
45B,1,Rotenone,9,10.7608695652174,B,92,siI_375,siI,375
45B,2,Rotenone,9,11.06,B,100,siI_375,siI,375
45B,3,Rotenone,9,10.9615384615385,B,130,siI_375,siI,375
46B,1,Rotenone,9,10.8461538461538,B,104,yak_375,yak,375
46B,2,Rotenone,9,10.7178217821782,B,101,yak_375,yak,375
46B,3,Rotenone,9,10.2864077669903,B,103,yak_375,yak,375
