Mito,Nuc,Sex,Day,rep,vial_ID,first_frame,last_frame,slope,intercept,r_value,p_value,std_err,treatment,build,vial
375,375,F,012424Parental,1,Parental_375C_F_012424Parental__1,64,114,3.2679,14.7795,0.9811,0,0.0512,C,parental,1
375,375,F,012424Parental,1,Parental_375C_F_012424Parental__2,16,66,2.2653,32.7982,0.9885,0,0.0275,C,parental,2
375,375,F,012424Parental,1,Parental_375C_F_012424Parental__3,34,84,3.8288,71.2643,0.9905,0,0.0422,C,parental,3
375,375,F,012424Parental,1,Parental_375C_F_012424Parental__4,92,142,2.0819,90.4095,0.9903,0,0.0232,C,parental,4
375,375,F,012424Parental,1,Parental_375C_F_012424Parental__5,50,100,2.6213,-0.3262,0.9876,0,0.0331,C,parental,5
375,375,F,012424Parental,1,Parental_375C_F_012424Parental__6,75,125,3.28,30.4069,0.9876,0,0.0413,C,parental,6
375,375,F,012424Parental,1,Parental_375R_F_012424Parental__1,4,54,3.3305,42.0576,0.9906,0,0.0364,R,parental,1
375,375,F,012424Parental,1,Parental_375R_F_012424Parental__2,18,68,3.5341,38.5719,0.9783,0,0.0594,R,parental,2
375,375,F,012424Parental,1,Parental_375R_F_012424Parental__3,0,50,2.3782,69.6122,0.948,0,0.0634,R,parental,3
375,375,F,012424Parental,1,Parental_375R_F_012424Parental__4,55,105,2.4118,14.2217,0.9787,0,0.0401,R,parental,4
375,375,F,012424Parental,1,Parental_375R_F_012424Parental__5,63,113,2.3193,49.8919,0.9938,0,0.0205,R,parental,5
375,375,F,012424Parental,1,Parental_375R_F_012424Parental__6,42,92,3.737,0.9959,0.9809,0,0.0589,R,parental,6
375,375,F,012424Parental,2,Parental_375C_F_012424Parental__1,14,64,2.6132,35.8857,0.9874,0,0.0333,C,parental,1
375,375,F,012424Parental,2,Parental_375C_F_012424Parental__2,55,105,2.2336,54.5291,0.9803,0,0.0357,C,parental,2
375,375,F,012424Parental,2,Parental_375C_F_012424Parental__3,61,111,2.3828,108.8697,0.9456,0,0.0651,C,parental,3
375,375,F,012424Parental,2,Parental_375C_F_012424Parental__4,64,114,2.5423,70.5771,0.9833,0,0.0373,C,parental,4
375,375,F,012424Parental,2,Parental_375C_F_012424Parental__5,31,81,2.4973,38.4968,0.9516,0,0.064,C,parental,5
375,375,F,012424Parental,2,Parental_375C_F_012424Parental__6,33,83,2.6453,80.7725,0.9837,0,0.0383,C,parental,6
375,375,F,012424Parental,2,Parental_375R_F_012424Parental__1,26,76,3.6459,38.264,0.9919,0,0.037,R,parental,1
375,375,F,012424Parental,2,Parental_375R_F_012424Parental__2,4,54,3.1048,39.0358,0.9805,0,0.0494,R,parental,2
375,375,F,012424Parental,2,Parental_375R_F_012424Parental__3,29,79,2.9507,16.4963,0.9926,0,0.0286,R,parental,3
375,375,F,012424Parental,2,Parental_375R_F_012424Parental__4,4,54,3.3442,67.1425,0.9908,0,0.0363,R,parental,4
375,375,F,012424Parental,2,Parental_375R_F_012424Parental__5,31,81,2.9736,34.4452,0.9896,0,0.0343,R,parental,5
375,375,F,012424Parental,2,Parental_375R_F_012424Parental__6,22,72,2.6375,31.6614,0.9925,0,0.0258,R,parental,6
375,375,F,012424Parental,3,Parental_375C_F_012424Parental__1,71,121,3.3228,4.7987,0.9838,0,0.0481,C,parental,1
375,375,F,012424Parental,3,Parental_375C_F_012424Parental__2,0,50,2.5828,40.7181,0.9871,0,0.0332,C,parental,2
375,375,F,012424Parental,3,Parental_375C_F_012424Parental__3,23,73,4.0979,56.9223,0.9923,0,0.0406,C,parental,3
375,375,F,012424Parental,3,Parental_375C_F_012424Parental__4,45,95,3.0188,65.4729,0.9977,0,0.0162,C,parental,4
375,375,F,012424Parental,3,Parental_375C_F_012424Parental__5,60,110,2.8957,3.6856,0.9885,0,0.0352,C,parental,5
375,375,F,012424Parental,3,Parental_375C_F_012424Parental__6,60,110,3.0334,56.4386,0.9743,0,0.0556,C,parental,6
375,375,F,012424Parental,3,Parental_375R_F_012424Parental__1,52,102,3.3469,50.849,0.9959,0,0.0241,R,parental,1
375,375,F,012424Parental,3,Parental_375R_F_012424Parental__2,9,59,2.5738,32.8214,0.9874,0,0.0328,R,parental,2
375,375,F,012424Parental,3,Parental_375R_F_012424Parental__3,31,81,2.8348,25.5009,0.991,0,0.0304,R,parental,3
375,375,F,012424Parental,3,Parental_375R_F_012424Parental__4,47,97,2.7938,41.0222,0.9867,0,0.0365,R,parental,4
375,375,F,012424Parental,3,Parental_375R_F_012424Parental__5,66,116,3.1853,24.774,0.9903,0,0.0354,R,parental,5
375,375,F,012424Parental,3,Parental_375R_F_012424Parental__6,45,95,3.1921,11.9049,0.9945,0,0.0268,R,parental,6
375,375,M,012424Parental,1,Parental_375C_M_012424Parental__1,59,109,4.4982,14.5989,0.9519,0,0.1149,C,parental,1
375,375,M,012424Parental,1,Parental_375C_M_012424Parental__2,0,50,3.798,110.1472,0.9764,0,0.0667,C,parental,2
375,375,M,012424Parental,1,Parental_375C_M_012424Parental__3,12,62,3.3311,68.7378,0.9797,0,0.0541,C,parental,3
375,375,M,012424Parental,1,Parental_375C_M_012424Parental__4,50,100,3.2873,119.1913,0.9813,0,0.0512,C,parental,4
375,375,M,012424Parental,1,Parental_375C_M_012424Parental__5,51,101,2.3548,37.4044,0.9752,0,0.0424,C,parental,5
375,375,M,012424Parental,1,Parental_375C_M_012424Parental__6,54,104,3.037,70.1848,0.9812,0,0.0474,C,parental,6
375,375,M,012424Parental,1,Parental_375R_M_012424Parental__1,26,76,3.5791,31.6706,0.9829,0,0.0532,R,parental,1
375,375,M,012424Parental,1,Parental_375R_M_012424Parental__2,81,131,2.6782,48.3831,0.9699,0,0.0534,R,parental,2
375,375,M,012424Parental,1,Parental_375R_M_012424Parental__3,67,117,2.3143,99.8278,0.9607,0,0.0531,R,parental,3
375,375,M,012424Parental,1,Parental_375R_M_012424Parental__4,3,53,3.3743,68.8472,0.9899,0,0.0384,R,parental,4
375,375,M,012424Parental,1,Parental_375R_M_012424Parental__5,5,55,3.6767,88.0048,0.9759,0,0.0653,R,parental,5
375,375,M,012424Parental,1,Parental_375R_M_012424Parental__6,88,138,2.3647,57.9942,0.9737,0,0.0439,R,parental,6
375,375,M,012424Parental,2,Parental_375C_M_012424Parental__1,13,63,2.9963,81.276,0.9494,0,0.0786,C,parental,1
375,375,M,012424Parental,2,Parental_375C_M_012424Parental__2,0,50,3.9929,89.403,0.9893,0,0.0467,C,parental,2
375,375,M,012424Parental,2,Parental_375C_M_012424Parental__3,3,53,3.6715,104.3578,0.9689,0,0.0744,C,parental,3
375,375,M,012424Parental,2,Parental_375C_M_012424Parental__4,88,138,2.1443,118.4304,0.8543,0,0.1035,C,parental,4
375,375,M,012424Parental,2,Parental_375C_M_012424Parental__5,13,63,3.5969,54.28,0.9277,0,0.1149,C,parental,5
375,375,M,012424Parental,2,Parental_375C_M_012424Parental__6,0,50,3.299,108.8334,0.9512,0,0.085,C,parental,6
375,375,M,012424Parental,2,Parental_375R_M_012424Parental__1,0,50,2.3803,77.7438,0.9584,0,0.0563,R,parental,1
375,375,M,012424Parental,2,Parental_375R_M_012424Parental__2,5,55,3.6394,71.7421,0.9932,0,0.034,R,parental,2
375,375,M,012424Parental,2,Parental_375R_M_012424Parental__3,19,69,2.2709,91.4891,0.9789,0,0.0376,R,parental,3
375,375,M,012424Parental,2,Parental_375R_M_012424Parental__4,16,66,2.8055,46.081,0.9866,0,0.0368,R,parental,4
375,375,M,012424Parental,2,Parental_375R_M_012424Parental__5,7,57,3.7908,84.2611,0.979,0,0.0627,R,parental,5
375,375,M,012424Parental,2,Parental_375R_M_012424Parental__6,44,94,3.0177,74.6459,0.9844,0,0.0428,R,parental,6
375,375,M,012424Parental,3,Parental_375C_M_012424Parental__1,4,54,3.3145,111.6428,0.9658,0,0.0706,C,parental,1
375,375,M,012424Parental,3,Parental_375C_M_012424Parental__2,34,84,3.1954,88.9732,0.983,0,0.0474,C,parental,2
375,375,M,012424Parental,3,Parental_375C_M_012424Parental__3,3,53,4.4518,69.8273,0.985,0,0.0619,C,parental,3
375,375,M,012424Parental,3,Parental_375C_M_012424Parental__4,68,118,4.0306,-3.3779,0.9302,0,0.1263,C,parental,4
375,375,M,012424Parental,3,Parental_375C_M_012424Parental__5,48,98,3.3611,21.0052,0.9124,0,0.1197,C,parental,5
375,375,M,012424Parental,3,Parental_375C_M_012424Parental__6,0,50,2.9635,85.6397,0.9652,0,0.0637,C,parental,6
375,375,M,012424Parental,3,Parental_375R_M_012424Parental__1,42,92,3.4259,21.6247,0.9851,0,0.0474,R,parental,1
375,375,M,012424Parental,3,Parental_375R_M_012424Parental__2,52,102,2.1586,74.0622,0.9407,0,0.0618,R,parental,2
375,375,M,012424Parental,3,Parental_375R_M_012424Parental__3,2,52,2.9758,75.6506,0.9733,0,0.0557,R,parental,3
375,375,M,012424Parental,3,Parental_375R_M_012424Parental__4,1,51,3.2029,76.5487,0.9873,0,0.041,R,parental,4
375,375,M,012424Parental,3,Parental_375R_M_012424Parental__5,4,54,3.0836,82.9289,0.9839,0,0.0445,R,parental,5
375,375,M,012424Parental,3,Parental_375R_M_012424Parental__6,38,88,3.625,80.7463,0.9896,0,0.0418,R,parental,6
Bei12,375,F,012424B,1,Bei12_375BC_F_012424B__1,14,64,2.8454,44.0255,0.9735,0,0.0531,C,B,1
Bei12,375,F,012424B,1,Bei12_375BC_F_012424B__2,10,60,1.9436,42.0119,0.9653,0,0.0418,C,B,2
Bei12,375,F,012424B,1,Bei12_375BC_F_012424B__3,18,68,1.4708,28.7512,0.958,0,0.0349,C,B,3
Bei12,375,F,012424B,1,Bei12_375BC_F_012424B__4,19,69,2.1641,42.176,0.9459,0,0.0589,C,B,4
Bei12,375,F,012424B,1,Bei12_375BC_F_012424B__5,19,69,0.9238,44.7792,0.9077,0,0.0339,C,B,5
Bei12,375,F,012424B,1,Bei12_375BC_F_012424B__6,65,115,2.0536,6.614,0.9544,0,0.051,C,B,6
Bei12,375,F,012424B,1,Bei12_375BR_F_012424B__1,75,125,3.4308,-21.197,0.9801,0,0.0552,R,B,1
Bei12,375,F,012424B,1,Bei12_375BR_F_012424B__2,47,97,3.8927,-4.5631,0.9894,0,0.0454,R,B,2
Bei12,375,F,012424B,1,Bei12_375BR_F_012424B__3,58,108,3.7714,-23.2762,0.9736,0,0.0702,R,B,3
Bei12,375,F,012424B,1,Bei12_375BR_F_012424B__4,59,109,3.3637,-17.6658,0.9867,0,0.044,R,B,4
Bei12,375,F,012424B,1,Bei12_375BR_F_012424B__5,29,79,3.9301,4.5825,0.9899,0,0.0447,R,B,5
Bei12,375,F,012424B,1,Bei12_375BR_F_012424B__6,34,84,2.2707,20.6407,0.9811,0,0.0355,R,B,6
Bei12,375,F,012424B,2,Bei12_375BC_F_012424B__1,92,142,2.5742,37.2972,0.997,0,0.0158,C,B,1
Bei12,375,F,012424B,2,Bei12_375BC_F_012424B__2,36,86,2.837,21.7116,0.985,0,0.0395,C,B,2
Bei12,375,F,012424B,2,Bei12_375BC_F_012424B__3,5,55,1.6385,42.7495,0.9669,0,0.0343,C,B,3
Bei12,375,F,012424B,2,Bei12_375BC_F_012424B__4,67,117,2.3969,47.5345,0.9975,0,0.0133,C,B,4
Bei12,375,F,012424B,2,Bei12_375BC_F_012424B__5,3,53,1.503,45.2103,0.9471,0,0.0404,C,B,5
Bei12,375,F,012424B,2,Bei12_375BC_F_012424B__6,60,110,1.9301,19.3828,0.9706,0,0.038,C,B,6
Bei12,375,F,012424B,2,Bei12_375BR_F_012424B__1,92,142,2.5124,102.4784,0.9944,0,0.0211,R,B,1
Bei12,375,F,012424B,2,Bei12_375BR_F_012424B__2,54,104,3.5021,13.4985,0.9893,0,0.041,R,B,2
Bei12,375,F,012424B,2,Bei12_375BR_F_012424B__3,53,103,3.1754,7.2602,0.9901,0,0.0356,R,B,3
Bei12,375,F,012424B,2,Bei12_375BR_F_012424B__4,52,102,3.0863,50.5177,0.9818,0,0.0473,R,B,4
Bei12,375,F,012424B,2,Bei12_375BR_F_012424B__5,49,99,4.1465,1.6355,0.9856,0,0.0565,R,B,5
Bei12,375,F,012424B,2,Bei12_375BR_F_012424B__6,38,88,2.8831,13.1167,0.9935,0,0.0263,R,B,6
Bei12,375,F,012424B,3,Bei12_375BC_F_012424B__1,43,93,3.148,26.9283,0.9851,0,0.0436,C,B,1
Bei12,375,F,012424B,3,Bei12_375BC_F_012424B__2,15,65,2.32,23.5389,0.982,0,0.0354,C,B,2
Bei12,375,F,012424B,3,Bei12_375BC_F_012424B__3,11,61,2.2082,44.1819,0.9659,0,0.047,C,B,3
Bei12,375,F,012424B,3,Bei12_375BC_F_012424B__4,44,94,3.37,27.5341,0.9941,0,0.0293,C,B,4
Bei12,375,F,012424B,3,Bei12_375BC_F_012424B__5,67,117,3.0785,3.2254,0.9861,0,0.0412,C,B,5
Bei12,375,F,012424B,3,Bei12_375BC_F_012424B__6,63,113,3.8858,-30.7126,0.9921,0,0.0391,C,B,6
Bei12,375,F,012424B,3,Bei12_375BR_F_012424B__1,26,76,2.7792,58.6846,0.9888,0,0.0332,R,B,1
Bei12,375,F,012424B,3,Bei12_375BR_F_012424B__2,66,116,3.8392,-14.7989,0.9926,0,0.0372,R,B,2
Bei12,375,F,012424B,3,Bei12_375BR_F_012424B__3,57,107,3.7967,-10.7972,0.9808,0,0.0599,R,B,3
Bei12,375,F,012424B,3,Bei12_375BR_F_012424B__4,11,61,2.6894,26.2314,0.9913,0,0.0283,R,B,4
Bei12,375,F,012424B,3,Bei12_375BR_F_012424B__5,19,69,3.5455,15.6922,0.985,0,0.0494,R,B,5
Bei12,375,F,012424B,3,Bei12_375BR_F_012424B__6,69,119,3.4528,-23.2427,0.9854,0,0.0473,R,B,6
Bei12,375,F,12424,1,Bei12_375AC_F_012424__1,27,77,4.3373,22.5072,0.9765,0,0.076,C,A,1
Bei12,375,F,12424,1,Bei12_375AC_F_012424__2,84,134,2.4629,15.1027,0.9582,0,0.0584,C,A,2
Bei12,375,F,12424,1,Bei12_375AC_F_012424__3,41,91,2.1838,33.7446,0.9413,0,0.0622,C,A,3
Bei12,375,F,12424,1,Bei12_375AC_F_012424__4,1,51,3.3728,37.7136,0.9555,0,0.0827,C,A,4
Bei12,375,F,12424,1,Bei12_375AC_F_012424__5,4,54,2.7569,38.8074,0.9678,0,0.0569,C,A,5
Bei12,375,F,12424,1,Bei12_375AC_F_012424__6,19,69,1.7608,21.9481,0.914,0,0.062,C,A,6
Bei12,375,F,12424,1,Bei12_375AR_F_012424__1,50,100,1.9073,27.8202,0.9632,0,0.0422,R,A,1
Bei12,375,F,12424,1,Bei12_375AR_F_012424__2,35,85,1.8074,25.0183,0.9742,0,0.0332,R,A,2
Bei12,375,F,12424,1,Bei12_375AR_F_012424__3,35,85,2.3402,35.8301,0.9761,0,0.0413,R,A,3
Bei12,375,F,12424,1,Bei12_375AR_F_012424__4,10,60,2.9871,33.2194,0.985,0,0.0416,R,A,4
Bei12,375,F,12424,1,Bei12_375AR_F_012424__5,0,50,4.097,29.9171,0.9877,0,0.0515,R,A,5
Bei12,375,F,12424,1,Bei12_375AR_F_012424__6,6,56,0.8887,40.5432,0.9381,0,0.026,R,A,6
Bei12,375,F,12424,2,Bei12_375AC_F_012424__1,63,113,3.1361,38.724,0.9848,0,0.044,C,A,1
Bei12,375,F,12424,2,Bei12_375AC_F_012424__2,10,60,1.5703,42.2075,0.9604,0,0.0362,C,A,2
Bei12,375,F,12424,2,Bei12_375AC_F_012424__3,46,96,2.6136,30.38,0.9743,0,0.048,C,A,3
Bei12,375,F,12424,2,Bei12_375AC_F_012424__4,0,50,2.1326,55.035,0.9836,0,0.031,C,A,4
Bei12,375,F,12424,2,Bei12_375AC_F_012424__5,46,96,2.6595,26.6152,0.9866,0,0.0349,C,A,5
Bei12,375,F,12424,2,Bei12_375AC_F_012424__6,10,60,1.782,42.7294,0.9467,0,0.0481,C,A,6
Bei12,375,F,12424,2,Bei12_375AR_F_012424__1,56,106,2.4309,-22.5113,0.9835,0,0.0355,R,A,1
Bei12,375,F,12424,2,Bei12_375AR_F_012424__2,60,110,1.9768,18.6534,0.9553,0,0.0485,R,A,2
Bei12,375,F,12424,2,Bei12_375AR_F_012424__3,84,134,2.1798,61.2941,0.97,0,0.0434,R,A,3
Bei12,375,F,12424,2,Bei12_375AR_F_012424__4,53,103,2.8121,31.5872,0.9815,0,0.0435,R,A,4
Bei12,375,F,12424,2,Bei12_375AR_F_012424__5,29,79,3.4189,39.22,0.9721,0,0.0655,R,A,5
Bei12,375,F,12424,2,Bei12_375AR_F_012424__6,63,113,1.5307,6.9649,0.941,0,0.0437,R,A,6
Bei12,375,F,12424,3,Bei12_375AC_F_012424__1,4,54,2.3258,38.403,0.9647,0,0.0504,C,A,1
Bei12,375,F,12424,3,Bei12_375AC_F_012424__2,23,73,2.255,23.8478,0.9733,0,0.0422,C,A,2
Bei12,375,F,12424,3,Bei12_375AC_F_012424__3,41,91,1.834,52.1321,0.9694,0,0.0369,C,A,3
Bei12,375,F,12424,3,Bei12_375AC_F_012424__4,0,50,3.7831,60.0489,0.987,0,0.0488,C,A,4
Bei12,375,F,12424,3,Bei12_375AC_F_012424__5,29,79,2.5177,32.9841,0.9837,0,0.0365,C,A,5
Bei12,375,F,12424,3,Bei12_375AC_F_012424__6,33,83,2.6627,13.9008,0.9727,0,0.0504,C,A,6
Bei12,375,F,12424,3,Bei12_375AR_F_012424__1,34,84,2.3924,31.4963,0.9708,0,0.0469,R,A,1
Bei12,375,F,12424,3,Bei12_375AR_F_012424__2,34,84,1.3405,47.2362,0.9368,0,0.0397,R,A,2
Bei12,375,F,12424,3,Bei12_375AR_F_012424__3,50,100,3.272,22.8137,0.952,0,0.0835,R,A,3
Bei12,375,F,12424,3,Bei12_375AR_F_012424__4,22,72,3.4488,31.8206,0.9833,0,0.0507,R,A,4
Bei12,375,F,12424,3,Bei12_375AR_F_012424__5,50,100,3.2816,53.7816,0.9798,0,0.0531,R,A,5
Bei12,375,F,12424,3,Bei12_375AR_F_012424__6,0,50,1.255,55.4804,0.8928,0,0.0503,R,A,6
Bei12,375,M,012424B,1,Bei12_375BC_M_012424B__1,4,54,4.8391,37.0899,0.9828,0,0.0722,C,B,1
Bei12,375,M,012424B,1,Bei12_375BC_M_012424B__2,90,140,3.4144,13.8222,0.9935,0,0.031,C,B,2
Bei12,375,M,012424B,1,Bei12_375BC_M_012424B__3,48,98,3.805,3.1891,0.9823,0,0.0575,C,B,3
Bei12,375,M,012424B,1,Bei12_375BC_M_012424B__4,37,87,2.7203,104.3256,0.9833,0,0.0399,C,B,4
Bei12,375,M,012424B,1,Bei12_375BC_M_012424B__5,40,90,3.3149,49.2692,0.9888,0,0.0397,C,B,5
Bei12,375,M,012424B,1,Bei12_375BC_M_012424B__6,16,66,4.2979,34.8545,0.9943,0,0.0367,C,B,6
Bei12,375,M,012424B,1,Bei12_375BR_M_012424B__1,35,85,4.2887,61.8662,0.9721,0,0.0821,R,B,1
Bei12,375,M,012424B,1,Bei12_375BR_M_012424B__2,61,111,3.2531,65.2506,0.9823,0,0.0492,R,B,2
Bei12,375,M,012424B,1,Bei12_375BR_M_012424B__3,42,92,2.8753,50.8747,0.958,0,0.0683,R,B,3
Bei12,375,M,012424B,1,Bei12_375BR_M_012424B__4,32,82,3.0186,95.8593,0.9823,0,0.0457,R,B,4
Bei12,375,M,012424B,1,Bei12_375BR_M_012424B__5,10,60,4.16,47.0659,0.9822,0,0.063,R,B,5
Bei12,375,M,012424B,1,Bei12_375BR_M_012424B__6,65,115,3.3548,51.1628,0.9812,0,0.0523,R,B,6
Bei12,375,M,012424B,2,Bei12_375BC_M_012424B__1,2,52,3.5518,46.7648,0.9782,0,0.0599,C,B,1
Bei12,375,M,012424B,2,Bei12_375BC_M_012424B__2,51,101,3.2279,59.8581,0.9949,0,0.026,C,B,2
Bei12,375,M,012424B,2,Bei12_375BC_M_012424B__3,52,102,3.0233,57.4652,0.9456,0,0.0826,C,B,3
Bei12,375,M,012424B,2,Bei12_375BC_M_012424B__4,52,102,3.4913,40.4869,0.9799,0,0.0564,C,B,4
Bei12,375,M,012424B,2,Bei12_375BC_M_012424B__5,2,52,3.2204,60.3224,0.9575,0,0.077,C,B,5
Bei12,375,M,012424B,2,Bei12_375BC_M_012424B__6,42,92,4.3256,-0.1337,0.9868,0,0.0564,C,B,6
Bei12,375,M,012424B,2,Bei12_375BR_M_012424B__1,21,71,4.4165,31.7207,0.9849,0,0.0615,R,B,1
Bei12,375,M,012424B,2,Bei12_375BR_M_012424B__2,6,56,3.7206,71.8933,0.9731,0,0.07,R,B,2
Bei12,375,M,012424B,2,Bei12_375BR_M_012424B__3,85,135,2.3222,80.8057,0.9599,0,0.0538,R,B,3
Bei12,375,M,012424B,2,Bei12_375BR_M_012424B__4,35,85,4.2565,7.4911,0.987,0,0.0551,R,B,4
Bei12,375,M,012424B,2,Bei12_375BR_M_012424B__5,43,93,5.0497,3.4073,0.9913,0,0.0531,R,B,5
Bei12,375,M,012424B,2,Bei12_375BR_M_012424B__6,54,104,3.4639,47.3952,0.9811,0,0.0543,R,B,6
Bei12,375,M,012424B,3,Bei12_375BC_M_012424B__1,0,50,3.5532,78.4389,0.9237,0,0.1169,C,B,1
Bei12,375,M,012424B,3,Bei12_375BC_M_012424B__2,3,53,3.7676,70.2934,0.9901,0,0.0424,C,B,2
Bei12,375,M,012424B,3,Bei12_375BC_M_012424B__3,3,53,2.801,53.5337,0.9859,0,0.0378,C,B,3
Bei12,375,M,012424B,3,Bei12_375BC_M_012424B__4,5,55,3.8556,68.0701,0.9922,0,0.0384,C,B,4
Bei12,375,M,012424B,3,Bei12_375BC_M_012424B__5,35,85,3.0053,78.7239,0.9756,0,0.0536,C,B,5
Bei12,375,M,012424B,3,Bei12_375BC_M_012424B__6,1,51,4.0927,63.0074,0.9854,0,0.0561,C,B,6
Bei12,375,M,012424B,3,Bei12_375BR_M_012424B__1,4,54,3.5986,42.2669,0.9853,0,0.0495,R,B,1
Bei12,375,M,012424B,3,Bei12_375BR_M_012424B__2,21,71,3.2006,89.0085,0.9804,0,0.051,R,B,2
Bei12,375,M,012424B,3,Bei12_375BR_M_012424B__3,84,134,2.7772,79.9994,0.9893,0,0.0325,R,B,3
Bei12,375,M,012424B,3,Bei12_375BR_M_012424B__4,5,55,3.7714,51.9906,0.99,0,0.0426,R,B,4
Bei12,375,M,012424B,3,Bei12_375BR_M_012424B__5,38,88,4.8393,-18.6209,0.99,0,0.0548,R,B,5
Bei12,375,M,012424B,3,Bei12_375BR_M_012424B__6,0,50,4.3321,56.4382,0.9904,0,0.048,R,B,6
Bei12,375,M,12424,1,Bei12_375AC_M_012424__1,11,61,3.2222,34.5208,0.9789,0,0.0534,C,A,1
Bei12,375,M,12424,1,Bei12_375AC_M_012424__2,0,50,3.06,58.0082,0.9783,0,0.0514,C,A,2
Bei12,375,M,12424,1,Bei12_375AC_M_012424__3,11,61,2.3611,53.6883,0.9443,0,0.0653,C,A,3
Bei12,375,M,12424,1,Bei12_375AC_M_012424__4,0,50,2.7911,70.6044,0.9729,0,0.0526,C,A,4
Bei12,375,M,12424,1,Bei12_375AC_M_012424__5,54,104,3.2015,16.7432,0.9809,0,0.0504,C,A,5
Bei12,375,M,12424,1,Bei12_375AC_M_012424__6,45,95,2.9074,8.668,0.9736,0,0.0541,C,A,6
Bei12,375,M,12424,1,Bei12_375AR_M_012424__1,33,83,2.6804,52.9444,0.9616,0,0.0607,R,A,1
Bei12,375,M,12424,1,Bei12_375AR_M_012424__2,35,85,4.1328,52.2554,0.9931,0,0.0386,R,A,2
Bei12,375,M,12424,1,Bei12_375AR_M_012424__3,19,69,3.7555,53.9349,0.9884,0,0.0458,R,A,3
Bei12,375,M,12424,1,Bei12_375AR_M_012424__4,23,73,2.8701,57.8632,0.9851,0,0.0398,R,A,4
Bei12,375,M,12424,1,Bei12_375AR_M_012424__5,58,108,3.2431,37.1923,0.9602,0,0.0749,R,A,5
Bei12,375,M,12424,1,Bei12_375AR_M_012424__6,32,82,5.2119,20.6037,0.9908,0,0.0566,R,A,6
Bei12,375,M,12424,2,Bei12_375AC_M_012424__1,18,68,2.9858,53.6836,0.9831,0,0.0441,C,A,1
Bei12,375,M,12424,2,Bei12_375AC_M_012424__2,33,83,3.9047,7.5265,0.9913,0,0.0412,C,A,2
Bei12,375,M,12424,2,Bei12_375AC_M_012424__3,11,61,3.6468,56.7254,0.988,0,0.0452,C,A,3
Bei12,375,M,12424,2,Bei12_375AC_M_012424__4,37,87,3.4475,47.8852,0.9873,0,0.0441,C,A,4
Bei12,375,M,12424,2,Bei12_375AC_M_012424__5,28,78,3.3327,34.7844,0.974,0,0.0615,C,A,5
Bei12,375,M,12424,2,Bei12_375AC_M_012424__6,51,101,3.2089,-9.3815,0.9881,0,0.0397,C,A,6
Bei12,375,M,12424,2,Bei12_375AR_M_012424__1,12,62,3.1257,74.4878,0.9399,0,0.0901,R,A,1
Bei12,375,M,12424,2,Bei12_375AR_M_012424__2,6,56,2.304,67.3106,0.975,0,0.0416,R,A,2
Bei12,375,M,12424,2,Bei12_375AR_M_012424__3,33,83,3.5179,72.5651,0.9896,0,0.0406,R,A,3
Bei12,375,M,12424,2,Bei12_375AR_M_012424__4,5,55,2.1681,72.6677,0.954,0,0.0541,R,A,4
Bei12,375,M,12424,2,Bei12_375AR_M_012424__5,61,111,3.9258,-2.4422,0.9794,0,0.0642,R,A,5
Bei12,375,M,12424,2,Bei12_375AR_M_012424__6,1,51,3.0382,63.1404,0.976,0,0.0538,R,A,6
Bei12,375,M,12424,3,Bei12_375AC_M_012424__1,19,69,2.6597,30.7813,0.9694,0,0.0534,C,A,1
Bei12,375,M,12424,3,Bei12_375AC_M_012424__2,66,116,2.7862,43.9183,0.983,0,0.0413,C,A,2
Bei12,375,M,12424,3,Bei12_375AC_M_012424__3,55,105,2.974,46.9383,0.9697,0,0.0595,C,A,3
Bei12,375,M,12424,3,Bei12_375AC_M_012424__4,9,59,2.5414,53.872,0.9747,0,0.0463,C,A,4
Bei12,375,M,12424,3,Bei12_375AC_M_012424__5,25,75,3.6193,18.2293,0.973,0,0.0682,C,A,5
Bei12,375,M,12424,3,Bei12_375AC_M_012424__6,2,52,2.7558,53.3031,0.9867,0,0.036,C,A,6
Bei12,375,M,12424,4,Bei12_375AR_M_012424__1,11,61,3.0643,36.8682,0.9805,0,0.0487,R,A,1
Bei12,375,M,12424,4,Bei12_375AR_M_012424__2,68,118,3.2436,50.9179,0.9893,0,0.038,R,A,2
Bei12,375,M,12424,4,Bei12_375AR_M_012424__3,55,105,3.2524,31.0171,0.984,0,0.0468,R,A,3
Bei12,375,M,12424,4,Bei12_375AR_M_012424__4,27,77,3.0001,48.6981,0.9904,0,0.0333,R,A,4
Bei12,375,M,12424,4,Bei12_375AR_M_012424__5,0,50,2.3648,77.6634,0.9476,0,0.0633,R,A,5
Bei12,375,M,12424,4,Bei12_375AR_M_012424__6,31,81,4.6033,23.9945,0.9742,0,0.0847,R,A,6
Bei12,Ore,F,012424B,1,Bei12_OreBC_F_012424B__1,25,75,2.0711,28.8049,0.955,0,0.051,C,B,1
Bei12,Ore,F,012424B,1,Bei12_OreBC_F_012424B__2,13,63,1.3194,68.2651,0.9586,0,0.0311,C,B,2
Bei12,Ore,F,012424B,1,Bei12_OreBC_F_012424B__3,38,88,1.0312,33.8479,0.9125,0,0.0367,C,B,3
Bei12,Ore,F,012424B,1,Bei12_OreBC_F_012424B__4,7,57,0.7126,36.6982,0.9593,0,0.0167,C,B,4
Bei12,Ore,F,012424B,1,Bei12_OreBC_F_012424B__5,58,108,1.1038,36.4304,0.7698,0,0.0726,C,B,5
Bei12,Ore,F,012424B,1,Bei12_OreBC_F_012424B__6,37,87,1.0105,16.0823,0.9673,0,0.021,C,B,6
Bei12,Ore,F,012424B,1,Bei12_OreBR_F_012424B__1,65,115,2.3564,33.8912,0.9835,0,0.0344,R,B,1
Bei12,Ore,F,012424B,1,Bei12_OreBR_F_012424B__2,84,134,1.5966,17.8257,0.9747,0,0.0291,R,B,2
Bei12,Ore,F,012424B,1,Bei12_OreBR_F_012424B__3,74,124,2.6415,-17.4039,0.9801,0,0.0424,R,B,3
Bei12,Ore,F,012424B,1,Bei12_OreBR_F_012424B__4,86,136,2.2693,35.7505,0.9824,0,0.0343,R,B,4
Bei12,Ore,F,012424B,1,Bei12_OreBR_F_012424B__5,83,133,2.1317,19.0646,0.9824,0,0.0322,R,B,5
Bei12,Ore,F,012424B,1,Bei12_OreBR_F_012424B__6,82,132,1.8104,27.491,0.976,0,0.032,R,B,6
Bei12,Ore,F,012424B,2,Bei12_OreBC_F_012424B__1,41,91,2.0711,8.6671,0.9495,0,0.0543,C,B,1
Bei12,Ore,F,012424B,2,Bei12_OreBC_F_012424B__2,25,75,2.4127,26.1475,0.9804,0,0.0385,C,B,2
Bei12,Ore,F,012424B,2,Bei12_OreBC_F_012424B__3,77,127,1.204,24.6318,0.9597,0,0.028,C,B,3
Bei12,Ore,F,012424B,2,Bei12_OreBC_F_012424B__4,29,79,2.1992,16.843,0.9569,0,0.0529,C,B,4
Bei12,Ore,F,012424B,2,Bei12_OreBC_F_012424B__5,75,125,1.2731,3.3522,0.9651,0,0.0274,C,B,5
Bei12,Ore,F,012424B,2,Bei12_OreBC_F_012424B__6,53,103,1.7179,-3.4557,0.9508,0,0.0444,C,B,6
Bei12,Ore,F,012424B,2,Bei12_OreBR_F_012424B__1,23,73,1.5527,23.8403,0.9875,0,0.0197,R,B,1
Bei12,Ore,F,012424B,2,Bei12_OreBR_F_012424B__2,90,140,1.9055,23.2253,0.9951,0,0.015,R,B,2
Bei12,Ore,F,012424B,2,Bei12_OreBR_F_012424B__3,81,131,2.0815,0.2383,0.963,0,0.0462,R,B,3
Bei12,Ore,F,012424B,2,Bei12_OreBR_F_012424B__4,51,101,2.0381,3.9169,0.9868,0,0.0265,R,B,4
Bei12,Ore,F,012424B,2,Bei12_OreBR_F_012424B__5,89,139,1.906,6.7361,0.9642,0,0.0416,R,B,5
Bei12,Ore,F,012424B,2,Bei12_OreBR_F_012424B__6,28,78,1.4512,13.8562,0.9777,0,0.0247,R,B,6
Bei12,Ore,F,012424B,3,Bei12_OreBC_F_012424B__1,50,100,1.6488,3.5428,0.9569,0,0.0397,C,B,1
Bei12,Ore,F,012424B,3,Bei12_OreBC_F_012424B__2,79,129,1.5673,24.7881,0.9748,0,0.0285,C,B,2
Bei12,Ore,F,012424B,3,Bei12_OreBC_F_012424B__3,19,69,0.9128,47.4497,0.8948,0,0.0361,C,B,3
Bei12,Ore,F,012424B,3,Bei12_OreBC_F_012424B__4,25,75,1.3217,60.0624,0.9107,0,0.0476,C,B,4
Bei12,Ore,F,012424B,3,Bei12_OreBC_F_012424B__5,22,72,0.7756,28.6207,0.964,0,0.017,C,B,5
Bei12,Ore,F,012424B,3,Bei12_OreBC_F_012424B__6,12,62,1.087,28.3216,0.9735,0,0.0203,C,B,6
Bei12,Ore,F,012424B,3,Bei12_OreBR_F_012424B__1,75,125,2.4512,-12.5382,0.9791,0,0.0404,R,B,1
Bei12,Ore,F,012424B,3,Bei12_OreBR_F_012424B__2,47,97,1.7478,15.0271,0.973,0,0.0329,R,B,2
Bei12,Ore,F,012424B,3,Bei12_OreBR_F_012424B__3,87,137,2.4129,3.2195,0.9931,0,0.0226,R,B,3
Bei12,Ore,F,012424B,3,Bei12_OreBR_F_012424B__4,37,87,1.723,12.1923,0.9822,0,0.0261,R,B,4
Bei12,Ore,F,012424B,3,Bei12_OreBR_F_012424B__5,17,67,1.6857,15.7983,0.9919,0,0.0171,R,B,5
Bei12,Ore,F,012424B,3,Bei12_OreBR_F_012424B__6,28,78,1.6774,21.167,0.9811,0,0.0262,R,B,6
Bei12,Ore,F,12424,1,Bei12_OreAC_F_012424__1,44,94,0.4417,63.241,0.8287,0,0.0237,C,A,1
Bei12,Ore,F,12424,1,Bei12_OreAC_F_012424__2,65,115,1.1729,42.3597,0.9237,0,0.0386,C,A,2
Bei12,Ore,F,12424,1,Bei12_OreAC_F_012424__3,65,115,0.8735,26.3313,0.921,0,0.0293,C,A,3
Bei12,Ore,F,12424,1,Bei12_OreAC_F_012424__4,33,83,0.7918,61.3222,0.8233,0,0.0433,C,A,4
Bei12,Ore,F,12424,1,Bei12_OreAC_F_012424__5,38,88,1.2051,31.2509,0.9633,0,0.0266,C,A,5
Bei12,Ore,F,12424,1,Bei12_OreAC_F_012424__6,57,107,1.0291,33.1172,0.949,0,0.0271,C,A,6
Bei12,Ore,F,12424,1,Bei12_OreAR_F_012424__1,22,72,2.0871,25.7745,0.9883,0,0.0256,R,A,1
Bei12,Ore,F,12424,1,Bei12_OreAR_F_012424__2,46,96,1.4546,52.4251,0.9311,0,0.0452,R,A,2
Bei12,Ore,F,12424,1,Bei12_OreAR_F_012424__3,17,67,1.8797,34.3549,0.9791,0,0.031,R,A,3
Bei12,Ore,F,12424,1,Bei12_OreAR_F_012424__4,57,107,1.0912,23.6939,0.9576,0,0.0261,R,A,4
Bei12,Ore,F,12424,1,Bei12_OreAR_F_012424__5,23,73,1.6385,41.3494,0.9597,0,0.0381,R,A,5
Bei12,Ore,F,12424,1,Bei12_OreAR_F_012424__6,15,65,2.1269,18.6642,0.9676,0,0.0441,R,A,6
Bei12,Ore,F,12424,2,Bei12_OreAC_F_012424__1,18,68,0.4583,35.817,0.8881,0,0.0188,C,A,1
Bei12,Ore,F,12424,2,Bei12_OreAC_F_012424__2,32,82,1.1338,18.5343,0.932,0,0.035,C,A,2
Bei12,Ore,F,12424,2,Bei12_OreAC_F_012424__3,69,119,0.6566,22.384,0.8962,0,0.0258,C,A,3
Bei12,Ore,F,12424,2,Bei12_OreAC_F_012424__4,47,97,1.3806,26.9637,0.9494,0,0.0363,C,A,4
Bei12,Ore,F,12424,2,Bei12_OreAC_F_012424__5,35,85,1.4305,26.12,0.9571,0,0.0344,C,A,5
Bei12,Ore,F,12424,2,Bei12_OreAC_F_012424__6,57,107,2.1557,-6.7468,0.9563,0,0.0523,C,A,6
Bei12,Ore,F,12424,2,Bei12_OreAR_F_012424__1,52,102,1.6391,27.2115,0.9635,0,0.0361,R,A,1
Bei12,Ore,F,12424,2,Bei12_OreAR_F_012424__2,81,131,1.359,29.5955,0.9571,0,0.0326,R,A,2
Bei12,Ore,F,12424,2,Bei12_OreAR_F_012424__3,13,63,0.9221,37.2058,0.9586,0,0.0217,R,A,3
Bei12,Ore,F,12424,2,Bei12_OreAR_F_012424__4,11,61,0.5036,67.4189,0.802,0,0.0298,R,A,4
Bei12,Ore,F,12424,2,Bei12_OreAR_F_012424__5,84,134,0.3818,42.1639,0.8096,0,0.022,R,A,5
Bei12,Ore,F,12424,2,Bei12_OreAR_F_012424__6,1,51,0.8019,37.5695,0.9463,0,0.0217,R,A,6
Bei12,Ore,F,12424,3,Bei12_OreAC_F_012424__1,13,63,0.5746,40.0026,0.8757,0,0.0251,C,A,1
Bei12,Ore,F,12424,3,Bei12_OreAC_F_012424__2,89,139,0.9779,20.8015,0.9222,0,0.0326,C,A,2
Bei12,Ore,F,12424,3,Bei12_OreAC_F_012424__3,4,54,0.8352,32.227,0.9646,0,0.0181,C,A,3
Bei12,Ore,F,12424,3,Bei12_OreAC_F_012424__4,19,69,1.1327,30.7153,0.9371,0,0.0335,C,A,4
Bei12,Ore,F,12424,3,Bei12_OreAC_F_012424__5,58,108,1.276,23.2369,0.8797,0,0.0547,C,A,5
Bei12,Ore,F,12424,3,Bei12_OreAC_F_012424__6,52,102,1.0863,4.6655,0.9828,0,0.0162,C,A,6
Bei12,Ore,F,12424,3,Bei12_OreAR_F_012424__1,1,51,1.6402,47.1721,0.9906,0,0.0179,R,A,1
Bei12,Ore,F,12424,3,Bei12_OreAR_F_012424__2,92,142,1.5961,40.0322,0.9491,0,0.0421,R,A,2
Bei12,Ore,F,12424,3,Bei12_OreAR_F_012424__3,31,81,1.3813,55.1943,0.8625,0,0.0643,R,A,3
Bei12,Ore,F,12424,3,Bei12_OreAR_F_012424__4,30,80,0.7623,36.1093,0.9778,0,0.013,R,A,4
Bei12,Ore,F,12424,3,Bei12_OreAR_F_012424__5,13,63,0.8111,43.469,0.919,0,0.0276,R,A,5
Bei12,Ore,F,12424,3,Bei12_OreAR_F_012424__6,0,50,0.9796,39.9219,0.9616,0,0.0222,R,A,6
Bei12,Ore,M,012424B,1,Bei12_OreBC_M_012424B__1,9,59,1.6146,39.4411,0.9826,0,0.0242,C,B,1
Bei12,Ore,M,012424B,1,Bei12_OreBC_M_012424B__2,39,89,3.0586,4.1729,0.9685,0,0.0624,C,B,2
Bei12,Ore,M,012424B,1,Bei12_OreBC_M_012424B__3,51,101,1.2841,48.1077,0.9124,0,0.0457,C,B,3
Bei12,Ore,M,012424B,1,Bei12_OreBC_M_012424B__4,56,106,2.0137,84.6131,0.9971,0,0.0123,C,B,4
Bei12,Ore,M,012424B,1,Bei12_OreBC_M_012424B__5,30,80,2.9808,12.8706,0.9838,0,0.0431,C,B,5
Bei12,Ore,M,012424B,1,Bei12_OreBC_M_012424B__6,84,134,2.335,3.8908,0.9691,0,0.0472,C,B,6
Bei12,Ore,M,012424B,1,Bei12_OreBR_M_012424B__1,16,66,2.2064,44.8442,0.9818,0,0.0338,R,B,1
Bei12,Ore,M,012424B,1,Bei12_OreBR_M_012424B__2,33,83,2.7139,34.6053,0.9731,0,0.051,R,B,2
Bei12,Ore,M,012424B,1,Bei12_OreBR_M_012424B__3,70,120,1.9982,31.4363,0.9725,0,0.0379,R,B,3
Bei12,Ore,M,012424B,1,Bei12_OreBR_M_012424B__4,33,83,1.3271,54.0028,0.9818,0,0.0204,R,B,4
Bei12,Ore,M,012424B,1,Bei12_OreBR_M_012424B__5,67,117,1.8508,57.9559,0.9943,0,0.0157,R,B,5
Bei12,Ore,M,012424B,1,Bei12_OreBR_M_012424B__6,30,80,3.1201,18.3115,0.9913,0,0.0328,R,B,6
Bei12,Ore,M,012424B,2,Bei12_OreBC_M_012424B__1,4,54,1.8239,30.9182,0.9791,0,0.0301,C,B,1
Bei12,Ore,M,012424B,2,Bei12_OreBC_M_012424B__2,51,101,2.0408,13.8701,0.9669,0,0.0428,C,B,2
Bei12,Ore,M,012424B,2,Bei12_OreBC_M_012424B__3,13,63,2.0693,37.9925,0.9799,0,0.0335,C,B,3
Bei12,Ore,M,012424B,2,Bei12_OreBC_M_012424B__4,47,97,3.0557,22.1187,0.9965,0,0.0204,C,B,4
Bei12,Ore,M,012424B,2,Bei12_OreBC_M_012424B__5,40,90,2.6386,1.6486,0.9877,0,0.0331,C,B,5
Bei12,Ore,M,012424B,2,Bei12_OreBC_M_012424B__6,28,78,2.3735,31.0458,0.9922,0,0.0236,C,B,6
Bei12,Ore,M,012424B,2,Bei12_OreBR_M_012424B__1,28,78,1.9674,16.671,0.9828,0,0.0293,R,B,1
Bei12,Ore,M,012424B,2,Bei12_OreBR_M_012424B__2,15,65,2.4003,26.0827,0.9902,0,0.0269,R,B,2
Bei12,Ore,M,012424B,2,Bei12_OreBR_M_012424B__3,32,82,3.6049,3.735,0.9928,0,0.0346,R,B,3
Bei12,Ore,M,012424B,2,Bei12_OreBR_M_012424B__4,36,86,1.5489,45.7674,0.9337,0,0.0472,R,B,4
Bei12,Ore,M,012424B,2,Bei12_OreBR_M_012424B__5,1,51,1.2514,31.8451,0.9792,0,0.0206,R,B,5
Bei12,Ore,M,012424B,2,Bei12_OreBR_M_012424B__6,59,109,2.2003,35.2781,0.9868,0,0.0287,R,B,6
Bei12,Ore,M,012424B,3,Bei12_OreBC_M_012424B__1,15,65,2.1906,21.5653,0.9727,0,0.0414,C,B,1
Bei12,Ore,M,012424B,3,Bei12_OreBC_M_012424B__2,0,50,2.0509,32.0797,0.9822,0,0.0311,C,B,2
Bei12,Ore,M,012424B,3,Bei12_OreBC_M_012424B__3,12,62,1.5248,50.5372,0.9226,0,0.0506,C,B,3
Bei12,Ore,M,012424B,3,Bei12_OreBC_M_012424B__4,12,62,2.8562,46.1492,0.997,0,0.0175,C,B,4
Bei12,Ore,M,012424B,3,Bei12_OreBC_M_012424B__5,64,114,1.715,37.8751,0.9846,0,0.0242,C,B,5
Bei12,Ore,M,012424B,3,Bei12_OreBC_M_012424B__6,22,72,2.0707,28.6095,0.9884,0,0.0252,C,B,6
Bei12,Ore,M,012424B,3,Bei12_OreBR_M_012424B__1,42,92,1.7993,31.0102,0.9854,0,0.0247,R,B,1
Bei12,Ore,M,012424B,3,Bei12_OreBR_M_012424B__2,65,115,2.8969,17.8007,0.992,0,0.0292,R,B,2
Bei12,Ore,M,012424B,3,Bei12_OreBR_M_012424B__3,35,85,3.1093,21.3728,0.9805,0,0.0495,R,B,3
Bei12,Ore,M,012424B,3,Bei12_OreBR_M_012424B__4,8,58,2.2183,58.1869,0.9858,0,0.03,R,B,4
Bei12,Ore,M,012424B,3,Bei12_OreBR_M_012424B__5,23,73,2.2563,50.9554,0.9798,0,0.0365,R,B,5
Bei12,Ore,M,012424B,3,Bei12_OreBR_M_012424B__6,39,89,2.5538,43.4425,0.9876,0,0.0322,R,B,6
Bei12,Ore,M,12424,1,Bei12_OreAC_M_012424__1,51,101,1.7062,32.8048,0.9549,0,0.0421,C,A,1
Bei12,Ore,M,12424,1,Bei12_OreAC_M_012424__2,50,100,1.8488,51.9878,0.9625,0,0.0413,C,A,2
Bei12,Ore,M,12424,1,Bei12_OreAC_M_012424__3,68,118,2.5951,3.2643,0.9894,0,0.0302,C,A,3
Bei12,Ore,M,12424,1,Bei12_OreAC_M_012424__4,33,83,2.2066,41.86,0.9817,0,0.0339,C,A,4
Bei12,Ore,M,12424,1,Bei12_OreAC_M_012424__5,9,59,1.3329,51.815,0.9784,0,0.0224,C,A,5
Bei12,Ore,M,12424,1,Bei12_OreAC_M_012424__6,7,57,1.3954,49.8218,0.9639,0,0.0306,C,A,6
Bei12,Ore,M,12424,2,Bei12_OreAC_M_012424__1,16,66,1.0091,32.8736,0.9537,0,0.0253,C,A,1
Bei12,Ore,M,12424,2,Bei12_OreAC_M_012424__2,10,60,1.8452,46.4669,0.9627,0,0.0412,C,A,2
Bei12,Ore,M,12424,2,Bei12_OreAC_M_012424__3,47,97,2.1404,5.884,0.9772,0,0.0369,C,A,3
Bei12,Ore,M,12424,2,Bei12_OreAC_M_012424__4,20,70,0.8563,27.1542,0.9474,0,0.023,C,A,4
Bei12,Ore,M,12424,2,Bei12_OreAC_M_012424__5,4,54,1.1405,38.7416,0.9742,0,0.021,C,A,5
Bei12,Ore,M,12424,2,Bei12_OreAC_M_012424__6,12,62,1.755,21.591,0.9639,0,0.0385,C,A,6
Bei12,Ore,M,12424,2,Bei12_OreAR_M_012424__1,47,97,1.0771,23.6685,0.9317,0,0.0333,R,A,1
Bei12,Ore,M,12424,2,Bei12_OreAR_M_012424__2,25,75,1.4375,34.4109,0.9566,0,0.0347,R,A,2
Bei12,Ore,M,12424,2,Bei12_OreAR_M_012424__3,66,116,1.5259,45.7134,0.9772,0,0.0263,R,A,3
Bei12,Ore,M,12424,2,Bei12_OreAR_M_012424__4,16,66,1.4899,27.4066,0.9836,0,0.0217,R,A,4
Bei12,Ore,M,12424,2,Bei12_OreAR_M_012424__5,27,77,2.48,20.1543,0.9921,0,0.025,R,A,5
Bei12,Ore,M,12424,2,Bei12_OreAR_M_012424__6,12,62,2.1202,26.5501,0.989,0,0.0252,R,A,6
Bei12,Ore,M,12424,3,Bei12_OreAC_M_012424__1,7,57,1.1587,40.4418,0.95,0,0.0302,C,A,1
Bei12,Ore,M,12424,3,Bei12_OreAC_M_012424__2,13,63,1.4958,26.9678,0.9747,0,0.0272,C,A,2
Bei12,Ore,M,12424,3,Bei12_OreAC_M_012424__3,22,72,1.3048,29.8756,0.949,0,0.0344,C,A,3
Bei12,Ore,M,12424,3,Bei12_OreAC_M_012424__4,12,62,0.9407,43.8246,0.9208,0,0.0316,C,A,4
Bei12,Ore,M,12424,3,Bei12_OreAC_M_012424__5,26,76,1.9537,15.6047,0.9802,0,0.0314,C,A,5
Bei12,Ore,M,12424,3,Bei12_OreAC_M_012424__6,92,142,1.5379,-2.0824,0.9815,0,0.0238,C,A,6
Bei12,Ore,M,12424,3,Bei12_OreAR_M_012424__1,16,66,1.2346,45.8277,0.9529,0,0.0312,R,A,1
Bei12,Ore,M,12424,3,Bei12_OreAR_M_012424__2,22,72,1.6348,44.4727,0.9629,0,0.0364,R,A,2
Bei12,Ore,M,12424,3,Bei12_OreAR_M_012424__3,69,119,1.4004,44.4158,0.9621,0,0.0315,R,A,3
Bei12,Ore,M,12424,3,Bei12_OreAR_M_012424__4,32,82,1.206,32.8375,0.9662,0,0.0255,R,A,4
Bei12,Ore,M,12424,3,Bei12_OreAR_M_012424__5,90,140,2.0939,42.9511,0.9893,0,0.0245,R,A,5
Bei12,Ore,M,12424,3,Bei12_OreAR_M_012424__6,45,95,2.2126,16.6685,0.9477,0,0.0592,R,A,6
Bei12,Ore,M,12424,4,Bei12_OreAR_M_012424__1,61,111,1.8617,36.7731,0.9427,0,0.0523,R,A,1
Bei12,Ore,M,12424,4,Bei12_OreAR_M_012424__2,7,57,1.2906,68.8633,0.9759,0,0.0229,R,A,2
Bei12,Ore,M,12424,4,Bei12_OreAR_M_012424__3,66,116,1.1174,82.8884,0.9766,0,0.0195,R,A,3
Bei12,Ore,M,12424,4,Bei12_OreAR_M_012424__4,23,73,1.741,58.5177,0.9651,0,0.0375,R,A,4
Bei12,Ore,M,12424,4,Bei12_OreAR_M_012424__5,60,110,2.0227,74.3425,0.9956,0,0.0151,R,A,5
Bei12,Ore,M,12424,4,Bei12_OreAR_M_012424__6,4,54,1.066,67.9654,0.9767,0,0.0186,R,A,6
Ore,Ore,F,012424Parental,1,Parental_OreC_F_012424Parental__1,73,123,2.2207,-24.503,0.9895,0,0.0257,C,parental,1
Ore,Ore,F,012424Parental,1,Parental_OreC_F_012424Parental__2,69,119,1.7705,-13.3873,0.9859,0,0.0238,C,parental,2
Ore,Ore,F,012424Parental,1,Parental_OreC_F_012424Parental__3,43,93,1.6299,9.0519,0.9684,0,0.0333,C,parental,3
Ore,Ore,F,012424Parental,1,Parental_OreC_F_012424Parental__4,71,121,1.084,21.4786,0.8988,0,0.0419,C,parental,4
Ore,Ore,F,012424Parental,1,Parental_OreC_F_012424Parental__5,59,109,0.8815,19.9215,0.9484,0,0.0234,C,parental,5
Ore,Ore,F,012424Parental,1,Parental_OreC_F_012424Parental__6,37,87,0.5573,11.4181,0.9016,0,0.0212,C,parental,6
Ore,Ore,F,012424Parental,1,Parental_OreR_F_012424Parental__1,74,124,1.8122,42.7686,0.9047,0,0.0677,R,parental,1
Ore,Ore,F,012424Parental,1,Parental_OreR_F_012424Parental__2,89,139,0.9459,16.5748,0.9517,0,0.0242,R,parental,2
Ore,Ore,F,012424Parental,1,Parental_OreR_F_012424Parental__3,5,55,1.0773,48.0469,0.9322,0,0.0332,R,parental,3
Ore,Ore,F,012424Parental,1,Parental_OreR_F_012424Parental__4,32,82,3.1662,-13.9228,0.965,0,0.0683,R,parental,4
Ore,Ore,F,012424Parental,1,Parental_OreR_F_012424Parental__5,55,105,0.2596,22.8647,0.8866,0,0.0107,R,parental,5
Ore,Ore,F,012424Parental,1,Parental_OreR_F_012424Parental__6,44,94,1.6609,7.583,0.9061,0,0.0615,R,parental,6
Ore,Ore,F,012424Parental,2,Parental_OreC_F_012424Parental__1,54,104,1.6945,24.3032,0.97,0,0.0337,C,parental,1
Ore,Ore,F,012424Parental,2,Parental_OreC_F_012424Parental__2,25,75,1.7534,7.5855,0.9903,0,0.0195,C,parental,2
Ore,Ore,F,012424Parental,2,Parental_OreC_F_012424Parental__3,40,90,1.6193,14.0963,0.9867,0,0.0211,C,parental,3
Ore,Ore,F,012424Parental,2,Parental_OreC_F_012424Parental__4,90,140,1.2708,2.2854,0.922,0,0.0424,C,parental,4
Ore,Ore,F,012424Parental,2,Parental_OreC_F_012424Parental__5,26,76,1.5415,27.071,0.9736,0,0.0287,C,parental,5
Ore,Ore,F,012424Parental,2,Parental_OreC_F_012424Parental__6,22,72,0.7286,7.4973,0.9034,0,0.0275,C,parental,6
Ore,Ore,F,012424Parental,2,Parental_OreR_F_012424Parental__1,33,83,0.9104,32.4303,0.9795,0,0.0149,R,parental,1
Ore,Ore,F,012424Parental,2,Parental_OreR_F_012424Parental__2,39,89,1.4969,34.3158,0.9588,0,0.0352,R,parental,2
Ore,Ore,F,012424Parental,2,Parental_OreR_F_012424Parental__3,81,131,0.7715,41.8687,0.9193,0,0.0262,R,parental,3
Ore,Ore,F,012424Parental,2,Parental_OreR_F_012424Parental__4,76,126,0.5945,42.8453,0.9228,0,0.0197,R,parental,4
Ore,Ore,F,012424Parental,2,Parental_OreR_F_012424Parental__5,39,89,1.0156,34.3773,0.9586,0,0.024,R,parental,5
Ore,Ore,F,012424Parental,2,Parental_OreR_F_012424Parental__6,0,50,0.6624,53.8211,0.9221,0,0.0221,R,parental,6
Ore,Ore,F,012424Parental,3,Parental_OreC_F_012424Parental__1,55,105,2.2799,13.708,0.973,0,0.0429,C,parental,1
Ore,Ore,F,012424Parental,3,Parental_OreC_F_012424Parental__2,50,100,1.6931,12.2119,0.9889,0,0.0202,C,parental,2
Ore,Ore,F,012424Parental,3,Parental_OreC_F_012424Parental__3,25,75,1.346,70.1267,0.9756,0,0.024,C,parental,3
Ore,Ore,F,012424Parental,3,Parental_OreC_F_012424Parental__4,47,97,0.8874,52.7404,0.9549,0,0.0219,C,parental,4
Ore,Ore,F,012424Parental,3,Parental_OreC_F_012424Parental__5,9,59,1.5266,48.3151,0.9809,0,0.024,C,parental,5
Ore,Ore,F,012424Parental,3,Parental_OreC_F_012424Parental__6,67,117,0.9947,7.1886,0.8064,0,0.0579,C,parental,6
Ore,Ore,F,012424Parental,3,Parental_OreR_F_012424Parental__1,57,107,1.2487,12.2574,0.9471,0,0.0336,R,parental,1
Ore,Ore,F,012424Parental,3,Parental_OreR_F_012424Parental__2,75,125,0.9949,28.4355,0.9443,0,0.0275,R,parental,2
Ore,Ore,F,012424Parental,3,Parental_OreR_F_012424Parental__3,36,86,0.9095,33.1587,0.9367,0,0.027,R,parental,3
Ore,Ore,F,012424Parental,3,Parental_OreR_F_012424Parental__4,30,80,1.5448,22.6603,0.9789,0,0.0256,R,parental,4
Ore,Ore,F,012424Parental,3,Parental_OreR_F_012424Parental__5,50,100,1.3963,-3.9795,0.9147,0,0.049,R,parental,5
Ore,Ore,F,012424Parental,3,Parental_OreR_F_012424Parental__6,37,87,0.7364,28.3281,0.8767,0,0.0321,R,parental,6
Ore,Ore,M,012424Parental,1,Parental_OreC_M_012424Parental__1,92,142,3.3406,-97.2292,0.9804,0,0.0533,C,parental,1
Ore,Ore,M,012424Parental,1,Parental_OreC_M_012424Parental__2,33,83,2.4048,20.8701,0.9904,0,0.0267,C,parental,2
Ore,Ore,M,012424Parental,1,Parental_OreC_M_012424Parental__3,33,83,1.4762,22.2916,0.976,0,0.0262,C,parental,3
Ore,Ore,M,012424Parental,1,Parental_OreC_M_012424Parental__4,40,90,1.9145,13.216,0.93,0,0.06,C,parental,4
Ore,Ore,M,012424Parental,1,Parental_OreC_M_012424Parental__5,39,89,1.5606,18.5947,0.9789,0,0.0259,C,parental,5
Ore,Ore,M,012424Parental,1,Parental_OreC_M_012424Parental__6,16,66,1.3,25.1501,0.9781,0,0.0219,C,parental,6
Ore,Ore,M,012424Parental,1,Parental_OreR_M_012424Parental__1,43,93,2.4111,13.6938,0.9827,0,0.0361,R,parental,1
Ore,Ore,M,012424Parental,1,Parental_OreR_M_012424Parental__2,80,130,1.886,23.5084,0.9915,0,0.0196,R,parental,2
Ore,Ore,M,012424Parental,1,Parental_OreR_M_012424Parental__3,19,69,2.3067,56.5319,0.8979,0,0.0898,R,parental,3
Ore,Ore,M,012424Parental,1,Parental_OreR_M_012424Parental__4,20,70,1.4243,45.2776,0.9523,0,0.0362,R,parental,4
Ore,Ore,M,012424Parental,1,Parental_OreR_M_012424Parental__5,28,78,1.8113,53.305,0.9566,0,0.0438,R,parental,5
Ore,Ore,M,012424Parental,1,Parental_OreR_M_012424Parental__6,12,62,1.8787,26.2665,0.9914,0,0.0197,R,parental,6
Ore,Ore,M,012424Parental,2,Parental_OreC_M_012424Parental__1,87,137,2.345,-24.3957,0.9882,0,0.0289,C,parental,1
Ore,Ore,M,012424Parental,2,Parental_OreC_M_012424Parental__2,32,82,1.7005,17.6484,0.9831,0,0.0251,C,parental,2
Ore,Ore,M,012424Parental,2,Parental_OreC_M_012424Parental__3,27,77,1.4312,29.6274,0.9876,0,0.0181,C,parental,3
Ore,Ore,M,012424Parental,2,Parental_OreC_M_012424Parental__4,35,85,1.6202,19.7831,0.9392,0,0.047,C,parental,4
Ore,Ore,M,012424Parental,2,Parental_OreC_M_012424Parental__5,16,66,1.7341,22.335,0.9749,0,0.0314,C,parental,5
Ore,Ore,M,012424Parental,2,Parental_OreC_M_012424Parental__6,49,99,2.0799,-2.2068,0.9843,0,0.0296,C,parental,6
Ore,Ore,M,012424Parental,2,Parental_OreR_M_012424Parental__1,26,76,1.7885,24.1664,0.975,0,0.0324,R,parental,1
Ore,Ore,M,012424Parental,2,Parental_OreR_M_012424Parental__2,54,104,1.9609,23.4931,0.985,0,0.0273,R,parental,2
Ore,Ore,M,012424Parental,2,Parental_OreR_M_012424Parental__3,68,118,1.0181,23.6263,0.937,0,0.0301,R,parental,3
Ore,Ore,M,012424Parental,2,Parental_OreR_M_012424Parental__4,16,66,1.987,37.6785,0.9743,0,0.0365,R,parental,4
Ore,Ore,M,012424Parental,2,Parental_OreR_M_012424Parental__5,29,79,2.8955,27.6529,0.9481,0,0.0771,R,parental,5
Ore,Ore,M,012424Parental,2,Parental_OreR_M_012424Parental__6,66,116,1.4121,15.3716,0.9734,0,0.0264,R,parental,6
Ore,Ore,M,012424Parental,3,Parental_OreC_M_012424Parental__1,61,111,2.1503,-12.2447,0.9606,0,0.0494,C,parental,1
Ore,Ore,M,012424Parental,3,Parental_OreC_M_012424Parental__2,90,140,2.2109,-16.6899,0.9767,0,0.0385,C,parental,2
Ore,Ore,M,012424Parental,3,Parental_OreC_M_012424Parental__3,33,83,1.0274,27.7169,0.9586,0,0.0242,C,parental,3
Ore,Ore,M,012424Parental,3,Parental_OreC_M_012424Parental__4,37,87,1.0055,45.6222,0.8544,0,0.0485,C,parental,4
Ore,Ore,M,012424Parental,3,Parental_OreC_M_012424Parental__5,59,109,1.2515,20.8931,0.9389,0,0.0364,C,parental,5
Ore,Ore,M,012424Parental,3,Parental_OreC_M_012424Parental__6,64,114,1.33,11.6917,0.9751,0,0.024,C,parental,6
Ore,Ore,M,012424Parental,3,Parental_OreR_M_012424Parental__1,47,97,2.2469,41.9519,0.9745,0,0.0411,R,parental,1
Ore,Ore,M,012424Parental,3,Parental_OreR_M_012424Parental__2,47,97,1.9085,43.3196,0.9782,0,0.0322,R,parental,2
Ore,Ore,M,012424Parental,3,Parental_OreR_M_012424Parental__3,13,63,0.9634,57.3771,0.9269,0,0.031,R,parental,3
Ore,Ore,M,012424Parental,3,Parental_OreR_M_012424Parental__4,92,142,0.9544,62.43,0.8287,0,0.0512,R,parental,4
Ore,Ore,M,012424Parental,3,Parental_OreR_M_012424Parental__5,17,67,1.6918,54.3872,0.9761,0,0.0299,R,parental,5
Ore,Ore,M,012424Parental,3,Parental_OreR_M_012424Parental__6,5,55,0.8541,63.04,0.9639,0,0.0187,R,parental,6
sm21,375,F,12424,1,sm21_375AR_F_012424__1,51,101,3.4583,-0.7825,0.9923,0,0.0342,R,A,1
sm21,375,F,12424,1,sm21_375AR_F_012424__2,17,67,3.2924,28.4442,0.9828,0,0.0491,R,A,2
sm21,375,F,12424,1,sm21_375AR_F_012424__3,26,76,2.5704,49.4066,0.9796,0,0.0419,R,A,3
sm21,375,F,12424,1,sm21_375AR_F_012424__4,28,78,3.3943,5.9201,0.993,0,0.0319,R,A,4
sm21,375,F,12424,1,sm21_375AR_F_012424__5,45,95,3.2234,29.4745,0.9926,0,0.0313,R,A,5
sm21,375,F,12424,1,sm21_375AR_F_012424__6,33,83,2.8755,36.9224,0.97,0,0.0572,R,A,6
sm21,375,F,12424,2,sm21_375AR_F_012424__1,40,90,3.1936,27.2319,0.9934,0,0.0293,R,A,1
sm21,375,F,12424,2,sm21_375AR_F_012424__2,48,98,3.3194,53.4559,0.992,0,0.0335,R,A,2
sm21,375,F,12424,2,sm21_375AR_F_012424__3,15,65,3.5644,51.166,0.986,0,0.0479,R,A,3
sm21,375,F,12424,2,sm21_375AR_F_012424__4,3,53,2.2367,73.8695,0.988,0,0.0278,R,A,4
sm21,375,F,12424,2,sm21_375AR_F_012424__5,19,69,2.9225,94.5396,0.9766,0,0.0511,R,A,5
sm21,375,F,12424,2,sm21_375AR_F_012424__6,17,67,3.0886,57.2707,0.9665,0,0.0651,R,A,6
sm21,375,F,12424,3,sm21_375AR_F_012424__1,75,125,2.7968,24.5246,0.9949,0,0.0225,R,A,1
sm21,375,F,12424,3,sm21_375AR_F_012424__2,23,73,4.1976,-5.0193,0.9933,0,0.0387,R,A,2
sm21,375,F,12424,3,sm21_375AR_F_012424__3,25,75,3.6709,25.9164,0.9922,0,0.0366,R,A,3
sm21,375,F,12424,3,sm21_375AR_F_012424__4,53,103,2.4221,60.5168,0.9627,0,0.054,R,A,4
sm21,375,F,12424,3,sm21_375AR_F_012424__5,20,70,4.4735,20.0352,0.9951,0,0.0352,R,A,5
sm21,375,F,12424,3,sm21_375AR_F_012424__6,33,83,2.6892,45.5378,0.9921,0,0.0269,R,A,6
sm21,375,M,12424,1,sm21_375AR_M_012424__1,7,57,3.4105,66.6976,0.9718,0,0.0657,R,A,1
sm21,375,M,12424,1,sm21_375AR_M_012424__2,10,60,3.8934,127.1973,0.9657,0,0.0831,R,A,2
sm21,375,M,12424,1,sm21_375AR_M_012424__3,23,73,3.8018,62.1901,0.9809,0,0.0598,R,A,3
sm21,375,M,12424,1,sm21_375AR_M_012424__4,1,51,2.5862,83.8975,0.9879,0,0.0322,R,A,4
sm21,375,M,12424,1,sm21_375AR_M_012424__5,50,100,3.3428,23.6103,0.9424,0,0.0942,R,A,5
sm21,375,M,12424,1,sm21_375AR_M_012424__6,0,50,2.6096,94.2702,0.9779,0,0.0443,R,A,6
sm21,375,M,12424,2,sm21_375AR_M_012424__1,4,54,3.7656,65.8962,0.9824,0,0.0568,R,A,1
sm21,375,M,12424,2,sm21_375AR_M_012424__2,32,82,3.3066,59.9287,0.973,0,0.0623,R,A,2
sm21,375,M,12424,2,sm21_375AR_M_012424__3,36,86,3.1657,73.7479,0.9938,0,0.028,R,A,3
sm21,375,M,12424,2,sm21_375AR_M_012424__4,44,94,3.1567,64.0355,0.9864,0,0.0417,R,A,4
sm21,375,M,12424,2,sm21_375AR_M_012424__5,22,72,3.746,40.0116,0.979,0,0.0618,R,A,5
sm21,375,M,12424,2,sm21_375AR_M_012424__6,10,60,3.5239,59.278,0.9856,0,0.048,R,A,6
sm21,375,M,12424,3,sm21_375AR_M_012424__1,57,107,4.3488,5.9453,0.9924,0,0.0429,R,A,1
sm21,375,M,12424,3,sm21_375AR_M_012424__2,1,51,4.2655,70.1346,0.9905,0,0.0471,R,A,2
sm21,375,M,12424,3,sm21_375AR_M_012424__3,89,139,3.1417,35.9513,0.9955,0,0.0238,R,A,3
sm21,375,M,12424,3,sm21_375AR_M_012424__4,16,66,2.4046,91.7112,0.9287,0,0.0762,R,A,4
sm21,375,M,12424,3,sm21_375AR_M_012424__5,38,88,3.1482,77.7412,0.9597,0,0.0732,R,A,5
sm21,375,M,12424,3,sm21_375AR_M_012424__6,7,57,2.8483,62.2066,0.9918,0,0.0291,R,A,6
sm21,Ore,F,12424,1,sm21_OreAC_F_012424__1,36,86,1.2697,19.1678,0.9675,0,0.0263,C,A,1
sm21,Ore,F,12424,1,sm21_OreAC_F_012424__2,50,100,1.7262,-1.2657,0.9641,0,0.0377,C,A,2
sm21,Ore,F,12424,1,sm21_OreAC_F_012424__3,68,118,1.7021,4.4049,0.9879,0,0.0212,C,A,3
sm21,Ore,F,12424,1,sm21_OreAC_F_012424__4,39,89,1.3068,22.9318,0.9614,0,0.0297,C,A,4
sm21,Ore,F,12424,1,sm21_OreAC_F_012424__5,32,82,2.3535,13.7406,0.9809,0,0.037,C,A,5
sm21,Ore,F,12424,1,sm21_OreAC_F_012424__6,74,124,1.798,-27.8365,0.9676,0,0.0373,C,A,6
sm21,Ore,F,12424,1,sm21_OreAR_F_012424__1,71,121,2.1834,29.1287,0.9677,0,0.0452,R,A,1
sm21,Ore,F,12424,1,sm21_OreAR_F_012424__2,35,85,2.3306,36.8071,0.9792,0,0.0384,R,A,2
sm21,Ore,F,12424,1,sm21_OreAR_F_012424__3,80,130,1.9964,45.8237,0.9684,0,0.0408,R,A,3
sm21,Ore,F,12424,1,sm21_OreAR_F_012424__4,30,80,1.3725,65.2215,0.9082,0,0.0502,R,A,4
sm21,Ore,F,12424,1,sm21_OreAR_F_012424__5,34,84,1.8457,53.0484,0.9781,0,0.0312,R,A,5
sm21,Ore,F,12424,1,sm21_OreAR_F_012424__6,5,55,1.6412,51.9554,0.9731,0,0.0308,R,A,6
sm21,Ore,F,12424,2,sm21_OreAC_F_012424__1,11,61,0.9221,30.5034,0.9669,0,0.0193,C,A,1
sm21,Ore,F,12424,2,sm21_OreAC_F_012424__2,69,119,1.8862,10.8992,0.9845,0,0.0267,C,A,2
sm21,Ore,F,12424,2,sm21_OreAC_F_012424__3,7,57,0.7139,39.7889,0.971,0,0.0139,C,A,3
sm21,Ore,F,12424,2,sm21_OreAC_F_012424__4,9,59,1.0688,40.5981,0.9671,0,0.0223,C,A,4
sm21,Ore,F,12424,2,sm21_OreAC_F_012424__5,4,54,2.4577,32.6807,0.9882,0,0.0303,C,A,5
sm21,Ore,F,12424,2,sm21_OreAC_F_012424__6,0,50,0.8381,35.1094,0.9656,0,0.0179,C,A,6
sm21,Ore,F,12424,2,sm21_OreAR_F_012424__1,39,89,2.2666,29.4787,0.9717,0,0.0437,R,A,1
sm21,Ore,F,12424,2,sm21_OreAR_F_012424__2,28,78,1.1376,49.7035,0.9829,0,0.0169,R,A,2
sm21,Ore,F,12424,2,sm21_OreAR_F_012424__3,43,93,1.8688,34.5843,0.9702,0,0.037,R,A,3
sm21,Ore,F,12424,2,sm21_OreAR_F_012424__4,30,80,1.3037,41.8088,0.9609,0,0.0298,R,A,4
sm21,Ore,F,12424,2,sm21_OreAR_F_012424__5,91,141,1.5613,30.582,0.9768,0,0.0272,R,A,5
sm21,Ore,F,12424,2,sm21_OreAR_F_012424__6,64,114,2.0443,30.0603,0.977,0,0.0354,R,A,6
sm21,Ore,F,12424,3,sm21_OreAC_F_012424__1,33,83,1.4654,17.427,0.9737,0,0.0272,C,A,1
sm21,Ore,F,12424,3,sm21_OreAC_F_012424__2,51,101,1.3253,17.1895,0.9738,0,0.0246,C,A,2
sm21,Ore,F,12424,3,sm21_OreAC_F_012424__3,21,71,0.9601,35.6063,0.9273,0,0.0308,C,A,3
sm21,Ore,F,12424,3,sm21_OreAC_F_012424__4,11,61,1.3867,24.125,0.9809,0,0.0218,C,A,4
sm21,Ore,F,12424,3,sm21_OreAC_F_012424__5,40,90,2.635,17.7396,0.9715,0,0.051,C,A,5
sm21,Ore,F,12424,3,sm21_OreAC_F_012424__6,3,53,1.3779,25.0323,0.9717,0,0.0266,C,A,6
sm21,Ore,F,12424,3,sm21_OreAR_F_012424__1,22,72,1.7554,32.7578,0.9792,0,0.0289,R,A,1
sm21,Ore,F,12424,3,sm21_OreAR_F_012424__2,0,50,0.9119,41.9899,0.964,0,0.02,R,A,2
sm21,Ore,F,12424,3,sm21_OreAR_F_012424__3,7,57,1.3781,46.6445,0.9576,0,0.0329,R,A,3
sm21,Ore,F,12424,3,sm21_OreAR_F_012424__4,56,106,1.107,12.9352,0.9668,0,0.0232,R,A,4
sm21,Ore,F,12424,3,sm21_OreAR_F_012424__5,38,88,1.5676,5.883,0.976,0,0.0278,R,A,5
sm21,Ore,F,12424,3,sm21_OreAR_F_012424__6,56,106,2.0394,20.4379,0.9843,0,0.029,R,A,6
sm21,Ore,M,12424,1,sm21_OreAR_M_012424__1,48,98,2.8251,13.1439,0.9918,0,0.0288,R,A,1
sm21,Ore,M,12424,1,sm21_OreAR_M_012424__2,38,88,1.273,27.4555,0.9415,0,0.0362,R,A,2
sm21,Ore,M,12424,1,sm21_OreAR_M_012424__3,39,89,1.8279,20.0107,0.9682,0,0.0375,R,A,3
sm21,Ore,M,12424,1,sm21_OreAR_M_012424__4,0,50,1.0314,53.385,0.8844,0,0.0432,R,A,4
sm21,Ore,M,12424,1,sm21_OreAR_M_012424__5,2,52,1.4441,35.5699,0.9568,0,0.0348,R,A,5
sm21,Ore,M,12424,1,sm21_OreAR_M_012424__6,0,50,1.2649,39.6763,0.9585,0,0.0298,R,A,6
sm21,Ore,M,12424,2,sm21_OreAC_M_012424__1,6,56,1.0318,30.2851,0.9611,0,0.0235,C,A,1
sm21,Ore,M,12424,2,sm21_OreAC_M_012424__2,23,73,1.4929,39.7334,0.9659,0,0.0318,C,A,2
sm21,Ore,M,12424,2,sm21_OreAC_M_012424__3,40,90,1.8128,38.0579,0.9727,0,0.0343,C,A,3
sm21,Ore,M,12424,2,sm21_OreAC_M_012424__4,3,53,1.2686,33.7188,0.9823,0,0.0192,C,A,4
sm21,Ore,M,12424,2,sm21_OreAC_M_012424__5,14,64,1.4409,27.4717,0.9405,0,0.0413,C,A,5
sm21,Ore,M,12424,2,sm21_OreAC_M_012424__6,0,50,0.6959,36.5878,0.8971,0,0.0272,C,A,6
sm21,Ore,M,12424,2,sm21_OreAR_M_012424__1,26,76,1.5232,37.018,0.9043,0,0.0571,R,A,1
sm21,Ore,M,12424,2,sm21_OreAR_M_012424__2,30,80,1.1833,25.9122,0.98,0,0.0191,R,A,2
sm21,Ore,M,12424,2,sm21_OreAR_M_012424__3,18,68,1.3223,38.7365,0.9669,0,0.0277,R,A,3
sm21,Ore,M,12424,2,sm21_OreAR_M_012424__4,2,52,1.0692,47.0758,0.9177,0,0.0367,R,A,4
sm21,Ore,M,12424,2,sm21_OreAR_M_012424__5,0,50,0.907,33.5726,0.941,0,0.0259,R,A,5
sm21,Ore,M,12424,2,sm21_OreAR_M_012424__6,0,50,1.6034,33.0502,0.9602,0,0.037,R,A,6
sm21,Ore,M,12424,3,sm21_OreAC_M_012424__1,17,67,0.5276,64.6007,0.8249,0,0.0287,C,A,1
sm21,Ore,M,12424,3,sm21_OreAC_M_012424__2,8,58,1.0046,77.9861,0.9502,0,0.0261,C,A,2
sm21,Ore,M,12424,3,sm21_OreAC_M_012424__3,16,66,1.7973,56.1445,0.9808,0,0.0283,C,A,3
sm21,Ore,M,12424,3,sm21_OreAC_M_012424__4,3,53,1.2935,62.405,0.9654,0,0.0277,C,A,4
sm21,Ore,M,12424,3,sm21_OreAC_M_012424__5,14,64,1.2145,57.81,0.967,0,0.0254,C,A,5
sm21,Ore,M,12424,3,sm21_OreAC_M_012424__6,52,102,1.0039,39.0975,0.9016,0,0.0382,C,A,6
sm21,Ore,M,12424,3,sm21_OreAR_M_012424__1,0,50,1.7464,36.0383,0.984,0,0.0251,R,A,1
sm21,Ore,M,12424,3,sm21_OreAR_M_012424__2,45,95,1.1369,15.7663,0.9647,0,0.0246,R,A,2
sm21,Ore,M,12424,3,sm21_OreAR_M_012424__3,2,52,1.8272,42.62,0.965,0,0.0394,R,A,3
sm21,Ore,M,12424,3,sm21_OreAR_M_012424__4,15,65,1.5467,35.9051,0.986,0,0.0208,R,A,4
sm21,Ore,M,12424,3,sm21_OreAR_M_012424__5,77,127,1.2503,12.2442,0.9534,0,0.0314,R,A,5
sm21,Ore,M,12424,3,sm21_OreAR_M_012424__6,18,68,1.5966,47.3953,0.9573,0,0.0383,R,A,6
sm21,Ore,M,12424,4,sm21_OreAC_M_012424__1,52,102,1.1396,11.3302,0.9585,0,0.0269,C,A,1
sm21,Ore,M,12424,4,sm21_OreAC_M_012424__2,39,89,1.705,14.1887,0.9336,0,0.0519,C,A,2
sm21,Ore,M,12424,4,sm21_OreAC_M_012424__3,9,59,1.8157,35.8001,0.9196,0,0.0616,C,A,3
sm21,Ore,M,12424,4,sm21_OreAC_M_012424__4,39,89,1.6661,12.9925,0.9876,0,0.021,C,A,4
sm21,Ore,M,12424,4,sm21_OreAC_M_012424__5,12,62,0.8546,31.9275,0.9374,0,0.0252,C,A,5
sm21,Ore,M,12424,4,sm21_OreAC_M_012424__6,2,52,0.9268,44.1447,0.8672,0,0.0422,C,A,6
yak,375,F,12424,1,yak_375AC_F_012424__1,1,51,2.9407,72.0423,0.9758,0,0.0523,C,A,1
yak,375,F,12424,1,yak_375AC_F_012424__2,45,95,3.2758,47.2128,0.9878,0,0.0409,C,A,2
yak,375,F,12424,1,yak_375AC_F_012424__3,9,59,4.4248,48.2803,0.9714,0,0.0858,C,A,3
yak,375,F,12424,1,yak_375AC_F_012424__4,1,51,3.6074,62.253,0.988,0,0.0447,C,A,4
yak,375,F,12424,1,yak_375AC_F_012424__5,65,115,3.541,-12.749,0.9917,0,0.0365,C,A,5
yak,375,F,12424,1,yak_375AC_F_012424__6,1,51,3.1972,57.5183,0.9816,0,0.0494,C,A,6
yak,375,F,12424,1,yak_375AR_F_012424__1,2,52,3.1532,29.1707,0.9947,0,0.0259,R,A,1
yak,375,F,12424,1,yak_375AR_F_012424__2,57,107,3.544,26.067,0.9913,0,0.0373,R,A,2
yak,375,F,12424,1,yak_375AR_F_012424__3,61,111,2.545,34.7203,0.9747,0,0.0463,R,A,3
yak,375,F,12424,1,yak_375AR_F_012424__4,10,60,3.2787,27.4152,0.9796,0,0.0534,R,A,4
yak,375,F,12424,1,yak_375AR_F_012424__5,12,62,2.3593,45.4156,0.9897,0,0.0271,R,A,5
yak,375,F,12424,1,yak_375AR_F_012424__6,22,72,3.1293,18.4415,0.993,0,0.0296,R,A,6
yak,375,F,12424,2,yak_375AC_F_012424__1,3,53,3.5177,71.8478,0.9917,0,0.0363,C,A,1
yak,375,F,12424,2,yak_375AC_F_012424__2,89,139,3.2261,-4.5924,0.9915,0,0.0335,C,A,2
yak,375,F,12424,2,yak_375AC_F_012424__3,26,76,4.2557,25.8455,0.9795,0,0.0694,C,A,3
yak,375,F,12424,2,yak_375AC_F_012424__4,9,59,3.2998,59.8439,0.9918,0,0.0338,C,A,4
yak,375,F,12424,2,yak_375AC_F_012424__5,10,60,3.6893,35.1035,0.9876,0,0.0465,C,A,5
yak,375,F,12424,2,yak_375AC_F_012424__6,44,94,3.1037,34.1035,0.9942,0,0.0267,C,A,6
yak,375,F,12424,2,yak_375AR_F_012424__1,0,50,2.277,40.1145,0.9841,0,0.0326,R,A,1
yak,375,F,12424,2,yak_375AR_F_012424__2,90,140,2.338,71.823,0.9802,0,0.0375,R,A,2
yak,375,F,12424,2,yak_375AR_F_012424__3,6,56,3.0739,53.5344,0.9842,0,0.0439,R,A,3
yak,375,F,12424,2,yak_375AR_F_012424__4,0,50,2.5663,60.4917,0.9854,0,0.0352,R,A,4
yak,375,F,12424,2,yak_375AR_F_012424__5,15,65,3.0416,53.6714,0.965,0,0.0656,R,A,5
yak,375,F,12424,2,yak_375AR_F_012424__6,0,50,2.6159,53.8896,0.9744,0,0.0479,R,A,6
yak,375,F,12424,3,yak_375AC_F_012424__1,59,109,2.9673,33.8984,0.9824,0,0.0448,C,A,1
yak,375,F,12424,3,yak_375AC_F_012424__2,69,119,3.3444,8.6342,0.9937,0,0.03,C,A,2
yak,375,F,12424,3,yak_375AC_F_012424__3,41,91,3.2596,64.052,0.9755,0,0.0584,C,A,3
yak,375,F,12424,3,yak_375AC_F_012424__4,59,109,3.1286,62.2281,0.9828,0,0.0467,C,A,4
yak,375,F,12424,3,yak_375AC_F_012424__5,12,62,3.2177,35.7695,0.9897,0,0.037,C,A,5
yak,375,F,12424,3,yak_375AC_F_012424__6,18,68,3.3691,34.1779,0.9756,0,0.0602,C,A,6
yak,375,F,12424,3,yak_375AR_F_012424__1,9,59,2.6188,40.7808,0.9872,0,0.0336,R,A,1
yak,375,F,12424,3,yak_375AR_F_012424__2,28,78,2.8147,39.2417,0.9813,0,0.0438,R,A,2
yak,375,F,12424,3,yak_375AR_F_012424__3,10,60,3.0359,63.6308,0.9789,0,0.0503,R,A,3
yak,375,F,12424,3,yak_375AR_F_012424__4,21,71,2.8924,57.8958,0.9575,0,0.0692,R,A,4
yak,375,F,12424,3,yak_375AR_F_012424__5,37,87,2.5979,47.7675,0.9904,0,0.0288,R,A,5
yak,375,F,12424,3,yak_375AR_F_012424__6,58,108,2.8541,9.7724,0.9645,0,0.062,R,A,6
yak,375,M,12424,1,yak_375AC_M_012424__1,71,121,3.2639,99.5714,0.9752,0,0.0588,C,A,1
yak,375,M,12424,1,yak_375AC_M_012424__2,2,52,4.1665,70.7665,0.9931,0,0.039,C,A,2
yak,375,M,12424,1,yak_375AC_M_012424__3,33,83,3.4864,76.043,0.9606,0,0.0801,C,A,3
yak,375,M,12424,1,yak_375AC_M_012424__4,6,56,3.1478,104.6492,0.9864,0,0.0416,C,A,4
yak,375,M,12424,1,yak_375AC_M_012424__5,27,77,3.8768,83.1862,0.9823,0,0.0586,C,A,5
yak,375,M,12424,1,yak_375AC_M_012424__6,77,127,2.7713,114.974,0.985,0,0.0386,C,A,6
yak,375,M,12424,1,yak_375AR_M_012424__1,22,72,2.61,79.0689,0.9876,0,0.0329,R,A,1
yak,375,M,12424,1,yak_375AR_M_012424__2,0,50,2.6028,81.636,0.9629,0,0.0579,R,A,2
yak,375,M,12424,1,yak_375AR_M_012424__3,15,65,3.4578,62.5854,0.9834,0,0.0506,R,A,3
yak,375,M,12424,1,yak_375AR_M_012424__4,35,85,3.1059,82.1002,0.9896,0,0.0359,R,A,4
yak,375,M,12424,1,yak_375AR_M_012424__5,11,61,2.4712,99.8505,0.9647,0,0.0535,R,A,5
yak,375,M,12424,1,yak_375AR_M_012424__6,2,52,4.2233,66.7541,0.9748,0,0.0768,R,A,6
yak,375,M,12424,2,yak_375AC_M_012424__1,0,50,3.487,77.0231,0.9667,0,0.0733,C,A,1
yak,375,M,12424,2,yak_375AC_M_012424__2,13,63,4.3198,60.6649,0.9903,0,0.0482,C,A,2
yak,375,M,12424,2,yak_375AC_M_012424__3,1,51,3.8371,105.7786,0.9658,0,0.0818,C,A,3
yak,375,M,12424,2,yak_375AC_M_012424__4,0,50,2.4511,97.2758,0.9689,0,0.0497,C,A,4
yak,375,M,12424,2,yak_375AC_M_012424__5,76,126,2.6221,108.7737,0.9497,0,0.0686,C,A,5
yak,375,M,12424,2,yak_375AC_M_012424__6,4,54,2.7918,80.3798,0.9569,0,0.0672,C,A,6
yak,375,M,12424,2,yak_375AR_M_012424__1,37,87,3.2782,43.1697,0.9862,0,0.0437,R,A,1
yak,375,M,12424,2,yak_375AR_M_012424__2,10,60,3.9098,63.9512,0.9827,0,0.0585,R,A,2
yak,375,M,12424,2,yak_375AR_M_012424__3,11,61,3.3539,74.3352,0.9765,0,0.0588,R,A,3
yak,375,M,12424,2,yak_375AR_M_012424__4,71,121,3.2657,55.7896,0.9862,0,0.0435,R,A,4
yak,375,M,12424,2,yak_375AR_M_012424__5,36,86,3.076,79.0888,0.9858,0,0.0415,R,A,5
yak,375,M,12424,2,yak_375AR_M_012424__6,4,54,4.2527,52.5925,0.9833,0,0.0624,R,A,6
yak,375,M,12424,3,yak_375AC_M_012424__1,20,70,3.1635,87.434,0.9552,0,0.0778,C,A,1
yak,375,M,12424,3,yak_375AC_M_012424__2,0,50,3.2148,82.0845,0.9716,0,0.0621,C,A,2
yak,375,M,12424,3,yak_375AC_M_012424__3,21,71,3.4261,62.4616,0.9942,0,0.0293,C,A,3
yak,375,M,12424,3,yak_375AC_M_012424__4,12,62,2.8528,63.2306,0.9698,0,0.057,C,A,4
yak,375,M,12424,3,yak_375AC_M_012424__5,52,102,2.9975,89.0264,0.9851,0,0.0415,C,A,5
yak,375,M,12424,3,yak_375AC_M_012424__6,66,116,3.0807,58.7315,0.9669,0,0.0645,C,A,6
yak,375,M,12424,3,yak_375AR_M_012424__1,18,68,2.3647,97.7124,0.9858,0,0.0319,R,A,1
yak,375,M,12424,3,yak_375AR_M_012424__2,6,56,3.1822,65.284,0.9901,0,0.0358,R,A,2
yak,375,M,12424,3,yak_375AR_M_012424__3,1,51,2.7173,68.4791,0.9756,0,0.0486,R,A,3
yak,375,M,12424,3,yak_375AR_M_012424__4,30,80,3.7993,46.2178,0.9883,0,0.0465,R,A,4
yak,375,M,12424,3,yak_375AR_M_012424__5,1,51,3.0089,101.5769,0.9823,0,0.0456,R,A,5
yak,375,M,12424,3,yak_375AR_M_012424__6,59,109,3.6886,-13.3359,0.9868,0,0.048,R,A,6
yak,Ore,F,12424,1,yak_OreAC_F_012424__1,19,69,1.1513,40.662,0.9585,0,0.0272,C,A,1
yak,Ore,F,12424,1,yak_OreAC_F_012424__2,88,138,1.6747,-1.9382,0.9764,0,0.0294,C,A,2
yak,Ore,F,12424,1,yak_OreAC_F_012424__3,59,109,2.3398,-8.9328,0.9858,0,0.0316,C,A,3
yak,Ore,F,12424,1,yak_OreAC_F_012424__4,24,74,1.0523,36.639,0.9726,0,0.02,C,A,4
yak,Ore,F,12424,1,yak_OreAC_F_012424__5,83,133,1.2247,28.6075,0.9553,0,0.0301,C,A,5
yak,Ore,F,12424,1,yak_OreAC_F_012424__6,65,115,2.0686,3.2611,0.9381,0,0.0606,C,A,6
yak,Ore,F,12424,1,yak_OreAR_F_012424__1,49,99,2.2165,-20.6856,0.9667,0,0.0466,R,A,1
yak,Ore,F,12424,1,yak_OreAR_F_012424__2,50,100,1.6754,20.0857,0.9744,0,0.0307,R,A,2
yak,Ore,F,12424,1,yak_OreAR_F_012424__3,17,67,1.1704,29.2386,0.9718,0,0.0225,R,A,3
yak,Ore,F,12424,1,yak_OreAR_F_012424__4,61,111,1.7212,3.6903,0.9833,0,0.0253,R,A,4
yak,Ore,F,12424,1,yak_OreAR_F_012424__5,24,74,3.1293,-19.8225,0.9705,0,0.0617,R,A,5
yak,Ore,F,12424,1,yak_OreAR_F_012424__6,51,101,2.2473,-18.2541,0.9786,0,0.0375,R,A,6
yak,Ore,F,12424,2,yak_OreAC_F_012424__1,66,116,2.0119,16.3302,0.9866,0,0.0264,C,A,1
yak,Ore,F,12424,2,yak_OreAC_F_012424__2,12,62,1.1164,53.863,0.9825,0,0.0168,C,A,2
yak,Ore,F,12424,2,yak_OreAC_F_012424__3,51,101,1.9798,40.2256,0.9719,0,0.0381,C,A,3
yak,Ore,F,12424,2,yak_OreAC_F_012424__4,11,61,0.9535,53.7441,0.979,0,0.0157,C,A,4
yak,Ore,F,12424,2,yak_OreAC_F_012424__5,28,78,0.9434,53.4145,0.9308,0,0.0294,C,A,5
yak,Ore,F,12424,2,yak_OreAC_F_012424__6,29,79,1.8844,30.9644,0.987,0,0.0244,C,A,6
yak,Ore,F,12424,2,yak_OreAR_F_012424__1,91,141,2.4791,-41.0195,0.9641,0,0.0542,R,A,1
yak,Ore,F,12424,2,yak_OreAR_F_012424__2,42,92,1.2523,19.3615,0.9564,0,0.0304,R,A,2
yak,Ore,F,12424,2,yak_OreAR_F_012424__3,43,93,1.6695,19.5655,0.986,0,0.0224,R,A,3
yak,Ore,F,12424,2,yak_OreAR_F_012424__4,30,80,1.4981,44.1942,0.9654,0,0.0321,R,A,4
yak,Ore,F,12424,2,yak_OreAR_F_012424__5,74,124,3.2184,-49.633,0.9581,0,0.0764,R,A,5
yak,Ore,F,12424,2,yak_OreAR_F_012424__6,21,71,1.9098,13.108,0.9575,0,0.0457,R,A,6
yak,Ore,F,12424,3,yak_OreAC_F_012424__1,8,58,1.3734,29.4753,0.9854,0,0.0188,C,A,1
yak,Ore,F,12424,3,yak_OreAC_F_012424__2,78,128,1.7348,-9.125,0.9818,0,0.0266,C,A,2
yak,Ore,F,12424,3,yak_OreAC_F_012424__3,57,107,1.6056,9.3557,0.9782,0,0.0271,C,A,3
yak,Ore,F,12424,3,yak_OreAC_F_012424__4,30,80,1.1936,32.1587,0.9791,0,0.0197,C,A,4
yak,Ore,F,12424,3,yak_OreAC_F_012424__5,81,131,1.2319,15.4566,0.9751,0,0.0222,C,A,5
yak,Ore,F,12424,3,yak_OreAC_F_012424__6,44,94,1.9816,2.9443,0.958,0,0.0471,C,A,6
yak,Ore,F,12424,3,yak_OreAR_F_012424__1,90,140,1.5685,30.7549,0.9805,0,0.025,R,A,1
yak,Ore,F,12424,3,yak_OreAR_F_012424__2,41,91,2.0628,10.6722,0.9502,0,0.0537,R,A,2
yak,Ore,F,12424,3,yak_OreAR_F_012424__3,65,115,1.7321,15.2723,0.9806,0,0.0274,R,A,3
yak,Ore,F,12424,3,yak_OreAR_F_012424__4,27,77,1.8439,22.9081,0.9784,0,0.0309,R,A,4
yak,Ore,F,12424,3,yak_OreAR_F_012424__5,0,50,1.2913,31.8804,0.9525,0,0.0328,R,A,5
yak,Ore,F,12424,3,yak_OreAR_F_012424__6,9,59,2.3915,22.2943,0.9779,0,0.0406,R,A,6
yak,Ore,M,12424,1,yak_OreAC_M_012424__1,21,71,1.8941,66.6113,0.9221,0,0.0631,C,A,1
yak,Ore,M,12424,1,yak_OreAC_M_012424__2,21,71,1.4445,45.4485,0.9405,0,0.0414,C,A,2
yak,Ore,M,12424,1,yak_OreAC_M_012424__3,59,109,1.2136,35.2189,0.9384,0,0.0355,C,A,3
yak,Ore,M,12424,1,yak_OreAC_M_012424__4,11,61,0.8843,52.9791,0.898,0,0.0344,C,A,4
yak,Ore,M,12424,1,yak_OreAC_M_012424__5,54,104,2.2817,9.1792,0.9577,0,0.0544,C,A,5
yak,Ore,M,12424,1,yak_OreAC_M_012424__6,92,142,1.9015,27.5129,0.9553,0,0.0467,C,A,6
yak,Ore,M,12424,1,yak_OreAR_M_012424__1,56,106,1.8014,11.1248,0.9637,0,0.0396,R,A,1
yak,Ore,M,12424,1,yak_OreAR_M_012424__2,45,95,1.8976,29.5118,0.967,0,0.0397,R,A,2
yak,Ore,M,12424,1,yak_OreAR_M_012424__3,2,52,1.1974,54.8883,0.8946,0,0.0475,R,A,3
yak,Ore,M,12424,1,yak_OreAR_M_012424__4,49,99,2.0732,12.7816,0.9785,0,0.0347,R,A,4
yak,Ore,M,12424,1,yak_OreAR_M_012424__5,1,51,2.6588,70.1157,0.9636,0,0.0585,R,A,5
yak,Ore,M,12424,1,yak_OreAR_M_012424__6,60,110,2.4584,3.6823,0.963,0,0.0546,R,A,6
yak,Ore,M,12424,2,yak_OreAC_M_012424__1,47,97,2.6415,11.6752,0.9729,0,0.0498,C,A,1
yak,Ore,M,12424,2,yak_OreAC_M_012424__2,60,110,1.7573,22.4545,0.9723,0,0.0336,C,A,2
yak,Ore,M,12424,2,yak_OreAC_M_012424__3,2,52,1.3531,57.7113,0.9521,0,0.0345,C,A,3
yak,Ore,M,12424,2,yak_OreAC_M_012424__4,1,51,1.6042,63.8845,0.9337,0,0.0488,C,A,4
yak,Ore,M,12424,2,yak_OreAC_M_012424__5,16,66,1.8518,26.8173,0.9858,0,0.025,C,A,5
yak,Ore,M,12424,2,yak_OreAC_M_012424__6,79,129,1.5271,58.1909,0.9883,0,0.0187,C,A,6
yak,Ore,M,12424,2,yak_OreAR_M_012424__1,66,116,2.1353,-20.6157,0.9607,0,0.0489,R,A,1
yak,Ore,M,12424,2,yak_OreAR_M_012424__2,4,54,0.8606,32.8724,0.9686,0,0.0175,R,A,2
yak,Ore,M,12424,2,yak_OreAR_M_012424__3,25,75,1.256,18.9647,0.9611,0,0.0287,R,A,3
yak,Ore,M,12424,2,yak_OreAR_M_012424__4,62,112,2.209,15.9729,0.9748,0,0.0401,R,A,4
yak,Ore,M,12424,2,yak_OreAR_M_012424__5,67,117,1.9728,19.4577,0.9539,0,0.0493,R,A,5
yak,Ore,M,12424,2,yak_OreAR_M_012424__6,45,95,2.7677,-26.068,0.994,0,0.0242,R,A,6
yak,Ore,M,12424,3,yak_OreAC_M_012424__1,26,76,2.6438,20.0488,0.9929,0,0.0251,C,A,1
yak,Ore,M,12424,3,yak_OreAC_M_012424__2,60,110,1.5836,36.2179,0.9588,0,0.0372,C,A,2
yak,Ore,M,12424,3,yak_OreAC_M_012424__3,15,65,1.0076,51.5902,0.9631,0,0.0223,C,A,3
yak,Ore,M,12424,3,yak_OreAC_M_012424__4,0,50,0.6674,66.9753,0.8824,0,0.0282,C,A,4
yak,Ore,M,12424,3,yak_OreAC_M_012424__5,3,53,1.2024,53.4188,0.9279,0,0.0383,C,A,5
yak,Ore,M,12424,3,yak_OreAC_M_012424__6,25,75,2.4797,16.4215,0.9901,0,0.0278,C,A,6
yak,Ore,M,12424,3,yak_OreAR_M_012424__1,66,116,0.9432,20.5276,0.9816,0,0.0146,R,A,1
yak,Ore,M,12424,3,yak_OreAR_M_012424__2,26,76,1.7618,38.9646,0.9653,0,0.0378,R,A,2
yak,Ore,M,12424,3,yak_OreAR_M_012424__3,17,67,1.5188,39.2329,0.9717,0,0.0293,R,A,3
yak,Ore,M,12424,3,yak_OreAR_M_012424__4,73,123,2.1913,7.6613,0.9961,0,0.0154,R,A,4
yak,Ore,M,12424,3,yak_OreAR_M_012424__5,23,73,2.0101,21.6583,0.9642,0,0.0439,R,A,5
yak,Ore,M,12424,3,yak_OreAR_M_012424__6,64,114,1.6722,6.6208,0.9648,0,0.0361,R,A,6
Zim53,375,F,012424B,1,Zim53_375BC_F_012424B__1,19,69,3.0064,46.3318,0.9898,0,0.0343,C,B,1
Zim53,375,F,012424B,1,Zim53_375BC_F_012424B__2,15,65,5.2006,19.7186,0.9931,0,0.0488,C,B,2
Zim53,375,F,012424B,1,Zim53_375BC_F_012424B__3,61,111,3.6121,33.6504,0.989,0,0.0429,C,B,3
Zim53,375,F,012424B,1,Zim53_375BC_F_012424B__4,17,67,2.2993,57.2812,0.9923,0,0.0228,C,B,4
Zim53,375,F,012424B,1,Zim53_375BC_F_012424B__5,25,75,3.9848,31.2309,0.9896,0,0.0459,C,B,5
Zim53,375,F,012424B,1,Zim53_375BC_F_012424B__6,2,52,3.4119,43.6467,0.9878,0,0.0427,C,B,6
Zim53,375,F,012424B,1,Zim53_375BR_F_012424B__1,32,82,3.845,54.053,0.9894,0,0.0448,R,B,1
Zim53,375,F,012424B,1,Zim53_375BR_F_012424B__2,12,62,4.183,25.3154,0.9899,0,0.0475,R,B,2
Zim53,375,F,012424B,1,Zim53_375BR_F_012424B__3,22,72,3.753,5.4877,0.9958,0,0.0274,R,B,3
Zim53,375,F,012424B,1,Zim53_375BR_F_012424B__4,44,94,2.6208,6.1379,0.9818,0,0.0402,R,B,4
Zim53,375,F,012424B,1,Zim53_375BR_F_012424B__5,15,65,2.5043,54.9483,0.9828,0,0.0374,R,B,5
Zim53,375,F,012424B,1,Zim53_375BR_F_012424B__6,22,72,1.9724,33.3208,0.9695,0,0.0396,R,B,6
Zim53,375,F,012424B,2,Zim53_375BC_F_012424B__1,30,80,4.1083,33.9241,0.9879,0,0.0511,C,B,1
Zim53,375,F,012424B,2,Zim53_375BC_F_012424B__2,43,93,3.6637,49.1932,0.9917,0,0.0378,C,B,2
Zim53,375,F,012424B,2,Zim53_375BC_F_012424B__3,0,50,3.5923,55.6751,0.9881,0,0.0443,C,B,3
Zim53,375,F,012424B,2,Zim53_375BC_F_012424B__4,7,57,2.8256,61.7987,0.9769,0,0.0491,C,B,4
Zim53,375,F,012424B,2,Zim53_375BC_F_012424B__5,16,66,3.7975,26.4217,0.9842,0,0.0543,C,B,5
Zim53,375,F,012424B,2,Zim53_375BC_F_012424B__6,2,52,3.5734,58.5542,0.9894,0,0.0416,C,B,6
Zim53,375,F,012424B,2,Zim53_375BR_F_012424B__1,37,87,4.9464,-2.0085,0.9947,0,0.0407,R,B,1
Zim53,375,F,012424B,2,Zim53_375BR_F_012424B__2,21,71,3.1966,53.4608,0.9875,0,0.0405,R,B,2
Zim53,375,F,012424B,2,Zim53_375BR_F_012424B__3,36,86,4.4116,32.9888,0.9945,0,0.0368,R,B,3
Zim53,375,F,012424B,2,Zim53_375BR_F_012424B__4,12,62,2.8071,51.6634,0.9774,0,0.0481,R,B,4
Zim53,375,F,012424B,2,Zim53_375BR_F_012424B__5,53,103,3.8066,20.9385,0.9871,0,0.0489,R,B,5
Zim53,375,F,012424B,2,Zim53_375BR_F_012424B__6,53,103,3.5847,14.2812,0.9853,0,0.0493,R,B,6
Zim53,375,F,012424B,3,Zim53_375BC_F_012424B__1,4,54,3.3743,38.2042,0.9859,0,0.0454,C,B,1
Zim53,375,F,012424B,3,Zim53_375BC_F_012424B__2,70,120,3.6722,34.9478,0.9877,0,0.0462,C,B,2
Zim53,375,F,012424B,3,Zim53_375BC_F_012424B__3,17,67,4.3283,20.2776,0.9916,0,0.0449,C,B,3
Zim53,375,F,012424B,3,Zim53_375BC_F_012424B__4,15,65,3.2737,38.999,0.9916,0,0.0338,C,B,4
Zim53,375,F,012424B,3,Zim53_375BC_F_012424B__5,22,72,4.3333,38.4461,0.9977,0,0.0231,C,B,5
Zim53,375,F,012424B,3,Zim53_375BC_F_012424B__6,7,57,3.1131,54.8496,0.991,0,0.0333,C,B,6
Zim53,375,F,012424B,3,Zim53_375BR_F_012424B__1,1,51,4.9019,61.7237,0.9932,0,0.0454,R,B,1
Zim53,375,F,012424B,3,Zim53_375BR_F_012424B__2,26,76,3.7548,40.4837,0.9848,0,0.0525,R,B,2
Zim53,375,F,012424B,3,Zim53_375BR_F_012424B__3,11,61,4.2464,64.352,0.9936,0,0.0383,R,B,3
Zim53,375,F,012424B,3,Zim53_375BR_F_012424B__4,40,90,4.4822,11.3248,0.9761,0,0.0791,R,B,4
Zim53,375,F,012424B,3,Zim53_375BR_F_012424B__5,59,109,4.4206,9.9976,0.9922,0,0.0442,R,B,5
Zim53,375,F,012424B,3,Zim53_375BR_F_012424B__6,1,51,2.5574,34.71,0.9834,0,0.0374,R,B,6
Zim53,375,F,12424,1,Zim53_375AC_F_012424__1,2,52,3.2456,43.7537,0.9852,0,0.0448,C,A,1
Zim53,375,F,12424,1,Zim53_375AC_F_012424__2,25,75,3.3757,28.3724,0.9905,0,0.0371,C,A,2
Zim53,375,F,12424,1,Zim53_375AC_F_012424__3,57,107,3.361,10.2943,0.9606,0,0.0772,C,A,3
Zim53,375,F,12424,1,Zim53_375AC_F_012424__4,0,50,1.8907,64.0086,0.9676,0,0.0392,C,A,4
Zim53,375,F,12424,1,Zim53_375AC_F_012424__5,56,106,3.821,13.0355,0.9915,0,0.0397,C,A,5
Zim53,375,F,12424,1,Zim53_375AC_F_012424__6,43,93,3.5577,25.8689,0.9861,0,0.0476,C,A,6
Zim53,375,F,12424,1,Zim53_375AR_F_012424__1,43,93,2.2853,51.3733,0.9569,0,0.0551,R,A,1
Zim53,375,F,12424,1,Zim53_375AR_F_012424__2,31,81,3.0461,43.2648,0.9828,0,0.0454,R,A,2
Zim53,375,F,12424,1,Zim53_375AR_F_012424__3,31,81,3.4443,23.1268,0.9923,0,0.0342,R,A,3
Zim53,375,F,12424,1,Zim53_375AR_F_012424__4,14,64,3.3631,20.5591,0.9875,0,0.0427,R,A,4
Zim53,375,F,12424,1,Zim53_375AR_F_012424__5,0,50,2.5423,39.4121,0.9839,0,0.0367,R,A,5
Zim53,375,F,12424,1,Zim53_375AR_F_012424__6,2,52,3.0114,29.2334,0.987,0,0.0389,R,A,6
Zim53,375,F,12424,2,Zim53_375AC_F_012424__1,40,90,2.7754,37.9657,0.9796,0,0.0452,C,A,1
Zim53,375,F,12424,2,Zim53_375AC_F_012424__2,34,84,3.7481,33.1135,0.9941,0,0.0324,C,A,2
Zim53,375,F,12424,2,Zim53_375AC_F_012424__3,0,50,2.6446,46.8707,0.9668,0,0.0555,C,A,3
Zim53,375,F,12424,2,Zim53_375AC_F_012424__4,66,116,2.7689,28.3893,0.9761,0,0.0489,C,A,4
Zim53,375,F,12424,2,Zim53_375AC_F_012424__5,31,81,2.6478,53.4586,0.9944,0,0.0222,C,A,5
Zim53,375,F,12424,2,Zim53_375AC_F_012424__6,39,89,3.5393,19.6338,0.9929,0,0.0338,C,A,6
Zim53,375,F,12424,2,Zim53_375AR_F_012424__1,5,55,2.8445,37.4923,0.9906,0,0.0312,R,A,1
Zim53,375,F,12424,2,Zim53_375AR_F_012424__2,68,118,2.9007,30.5717,0.9896,0,0.0334,R,A,2
Zim53,375,F,12424,2,Zim53_375AR_F_012424__3,71,121,3.7996,-26.2402,0.9924,0,0.0373,R,A,3
Zim53,375,F,12424,2,Zim53_375AR_F_012424__4,92,142,2.8643,36.4783,0.9944,0,0.0242,R,A,4
Zim53,375,F,12424,2,Zim53_375AR_F_012424__5,32,82,3.0733,26.8625,0.9929,0,0.0292,R,A,5
Zim53,375,F,12424,2,Zim53_375AR_F_012424__6,7,57,3.1775,33.4275,0.9758,0,0.0565,R,A,6
Zim53,375,F,12424,3,Zim53_375AC_F_012424__1,17,67,3.4054,15.0818,0.9858,0,0.0461,C,A,1
Zim53,375,F,12424,3,Zim53_375AC_F_012424__2,8,58,2.9929,62.9266,0.9885,0,0.0363,C,A,2
Zim53,375,F,12424,3,Zim53_375AC_F_012424__3,27,77,3.0953,18.1034,0.9815,0,0.048,C,A,3
Zim53,375,F,12424,3,Zim53_375AC_F_012424__4,0,50,2.354,56.3033,0.9617,0,0.0532,C,A,4
Zim53,375,F,12424,3,Zim53_375AC_F_012424__5,42,92,4.3945,22.2132,0.9956,0,0.0328,C,A,5
Zim53,375,F,12424,3,Zim53_375AC_F_012424__6,18,68,2.9488,54.8445,0.9681,0,0.0606,C,A,6
Zim53,375,F,12424,3,Zim53_375AR_F_012424__1,47,97,3.7555,1.3112,0.9913,0,0.0396,R,A,1
Zim53,375,F,12424,3,Zim53_375AR_F_012424__2,48,98,2.8602,52.5321,0.9987,0,0.0118,R,A,2
Zim53,375,F,12424,3,Zim53_375AR_F_012424__3,63,113,2.7538,23.8338,0.9905,0,0.0303,R,A,3
Zim53,375,F,12424,3,Zim53_375AR_F_012424__4,10,60,3.4781,38.0072,0.9829,0,0.0518,R,A,4
Zim53,375,F,12424,3,Zim53_375AR_F_012424__5,78,128,3.7733,-19.47,0.9948,0,0.0306,R,A,5
Zim53,375,F,12424,3,Zim53_375AR_F_012424__6,0,50,3.3633,45.5108,0.9689,0,0.0682,R,A,6
Zim53,375,M,012424B,1,Zim53_375BC_M_012424B__1,9,59,3.6509,53.1655,0.9875,0,0.0462,C,B,1
Zim53,375,M,012424B,1,Zim53_375BC_M_012424B__2,0,50,3.9364,82.8048,0.983,0,0.0584,C,B,2
Zim53,375,M,012424B,1,Zim53_375BC_M_012424B__3,0,50,3.0559,59.9264,0.9913,0,0.0323,C,B,3
Zim53,375,M,012424B,1,Zim53_375BC_M_012424B__4,0,50,4.2962,56.7644,0.9896,0,0.0497,C,B,4
Zim53,375,M,012424B,1,Zim53_375BC_M_012424B__5,39,89,3.5861,73.4111,0.9921,0,0.036,C,B,5
Zim53,375,M,012424B,1,Zim53_375BC_M_012424B__6,16,66,4.925,31.5904,0.9933,0,0.0454,C,B,6
Zim53,375,M,012424B,1,Zim53_375BR_M_012424B__1,0,50,4.7934,66.8751,0.9918,0,0.0489,R,B,1
Zim53,375,M,012424B,1,Zim53_375BR_M_012424B__2,44,94,5.2171,-15.779,0.9865,0,0.0687,R,B,2
Zim53,375,M,012424B,1,Zim53_375BR_M_012424B__3,47,97,4.1929,59.527,0.9904,0,0.0465,R,B,3
Zim53,375,M,012424B,1,Zim53_375BR_M_012424B__4,0,50,3.5912,63.7745,0.9855,0,0.049,R,B,4
Zim53,375,M,012424B,1,Zim53_375BR_M_012424B__5,0,50,5.5804,92.1041,0.9872,0,0.0716,R,B,5
Zim53,375,M,012424B,1,Zim53_375BR_M_012424B__6,67,117,3.085,82.702,0.9813,0,0.0481,R,B,6
Zim53,375,M,012424B,2,Zim53_375BC_M_012424B__1,0,50,4.5661,74.1562,0.9934,0,0.0418,C,B,1
Zim53,375,M,012424B,2,Zim53_375BC_M_012424B__2,10,60,4.0624,92.8636,0.9926,0,0.0395,C,B,2
Zim53,375,M,012424B,2,Zim53_375BC_M_012424B__3,56,106,4.2953,70.1119,0.9926,0,0.0417,C,B,3
Zim53,375,M,012424B,2,Zim53_375BC_M_012424B__4,31,81,4.3931,50.6615,0.9883,0,0.0537,C,B,4
Zim53,375,M,012424B,2,Zim53_375BC_M_012424B__5,20,70,4.2579,68.7996,0.9919,0,0.0432,C,B,5
Zim53,375,M,012424B,2,Zim53_375BC_M_012424B__6,45,95,3.7463,48.8499,0.9871,0,0.0483,C,B,6
Zim53,375,M,012424B,2,Zim53_375BR_M_012424B__1,0,50,4.9507,53.8341,0.9849,0,0.069,R,B,1
Zim53,375,M,012424B,2,Zim53_375BR_M_012424B__2,14,64,4.3195,56.5826,0.982,0,0.066,R,B,2
Zim53,375,M,012424B,2,Zim53_375BR_M_012424B__3,0,50,3.5815,106.9396,0.9797,0,0.0582,R,B,3
Zim53,375,M,012424B,2,Zim53_375BR_M_012424B__4,2,52,4.7491,56.3342,0.9877,0,0.0597,R,B,4
Zim53,375,M,012424B,2,Zim53_375BR_M_012424B__5,6,56,4.766,52.1254,0.9876,0,0.06,R,B,5
Zim53,375,M,012424B,2,Zim53_375BR_M_012424B__6,3,53,4.4334,60.968,0.9856,0,0.0604,R,B,6
Zim53,375,M,012424B,3,Zim53_375BC_M_012424B__1,6,56,4.3524,64.2989,0.9944,0,0.0367,C,B,1
Zim53,375,M,012424B,3,Zim53_375BC_M_012424B__2,27,77,4.4874,65.7122,0.9734,0,0.0838,C,B,2
Zim53,375,M,012424B,3,Zim53_375BC_M_012424B__3,34,84,4.8586,54.681,0.9944,0,0.0411,C,B,3
Zim53,375,M,012424B,3,Zim53_375BC_M_012424B__4,5,55,4.6595,54.4698,0.9854,0,0.0638,C,B,4
Zim53,375,M,012424B,3,Zim53_375BC_M_012424B__5,66,116,2.4449,108.572,0.9654,0,0.0524,C,B,5
Zim53,375,M,012424B,3,Zim53_375BC_M_012424B__6,37,87,4.6301,17.157,0.9963,0,0.0316,C,B,6
Zim53,375,M,012424B,3,Zim53_375BR_M_012424B__1,45,95,3.6346,85.3833,0.9714,0,0.0705,R,B,1
Zim53,375,M,012424B,3,Zim53_375BR_M_012424B__2,8,58,3.4308,41.4273,0.9877,0,0.0431,R,B,2
Zim53,375,M,012424B,3,Zim53_375BR_M_012424B__3,45,95,2.8247,80.2678,0.9802,0,0.0453,R,B,3
Zim53,375,M,012424B,3,Zim53_375BR_M_012424B__4,13,63,5.4072,62.2241,0.9925,0,0.0529,R,B,4
Zim53,375,M,012424B,3,Zim53_375BR_M_012424B__5,10,60,5.1525,74.1109,0.9916,0,0.0532,R,B,5
Zim53,375,M,012424B,3,Zim53_375BR_M_012424B__6,21,71,5.969,23.9581,0.9971,0,0.0364,R,B,6
Zim53,375,M,12424,1,Zim53_375AC_M_012424__1,8,58,2.9275,87.6426,0.9793,0,0.048,C,A,1
Zim53,375,M,12424,1,Zim53_375AC_M_012424__2,53,103,3.139,62.0208,0.9895,0,0.0365,C,A,2
Zim53,375,M,12424,1,Zim53_375AC_M_012424__3,21,71,3.5867,69.6964,0.9586,0,0.0845,C,A,3
Zim53,375,M,12424,1,Zim53_375AC_M_012424__4,40,90,3.6409,13.3336,0.9878,0,0.0456,C,A,4
Zim53,375,M,12424,1,Zim53_375AC_M_012424__5,8,58,2.9344,53.6068,0.976,0,0.0519,C,A,5
Zim53,375,M,12424,1,Zim53_375AC_M_012424__6,12,62,2.8087,70.5555,0.9806,0,0.0446,C,A,6
Zim53,375,M,12424,1,Zim53_375AR_M_012424__1,37,87,2.4831,69.7483,0.9792,0,0.0408,R,A,1
Zim53,375,M,12424,1,Zim53_375AR_M_012424__2,89,139,2.5681,67.0257,0.9867,0,0.0335,R,A,2
Zim53,375,M,12424,1,Zim53_375AR_M_012424__3,21,71,3.0991,48.4045,0.9777,0,0.0528,R,A,3
Zim53,375,M,12424,1,Zim53_375AR_M_012424__4,28,78,3.4733,57.0536,0.9932,0,0.0322,R,A,4
Zim53,375,M,12424,1,Zim53_375AR_M_012424__5,48,98,4.0502,60.3194,0.9863,0,0.0538,R,A,5
Zim53,375,M,12424,1,Zim53_375AR_M_012424__6,45,95,4.0586,15.4956,0.9626,0,0.0907,R,A,6
Zim53,375,M,12424,2,Zim53_375AC_M_012424__1,31,81,3.3997,27.6301,0.9971,0,0.0206,C,A,1
Zim53,375,M,12424,2,Zim53_375AC_M_012424__2,18,68,3.2591,23.8799,0.9911,0,0.0347,C,A,2
Zim53,375,M,12424,2,Zim53_375AC_M_012424__3,13,63,4.2692,59.014,0.9898,0,0.0488,C,A,3
Zim53,375,M,12424,2,Zim53_375AC_M_012424__4,10,60,2.318,52.0374,0.9839,0,0.0334,C,A,4
Zim53,375,M,12424,2,Zim53_375AC_M_012424__5,2,52,1.8551,70.6031,0.9737,0,0.0345,C,A,5
Zim53,375,M,12424,2,Zim53_375AC_M_012424__6,71,121,3.065,-12.7456,0.9891,0,0.0363,C,A,6
Zim53,375,M,12424,2,Zim53_375AR_M_012424__1,36,86,3.9695,13.1357,0.9848,0,0.0555,R,A,1
Zim53,375,M,12424,2,Zim53_375AR_M_012424__2,70,120,3.1205,41.6483,0.9931,0,0.0292,R,A,2
Zim53,375,M,12424,2,Zim53_375AR_M_012424__3,18,68,2.9227,50.8136,0.9812,0,0.0456,R,A,3
Zim53,375,M,12424,2,Zim53_375AR_M_012424__4,13,63,3.0265,54.8766,0.9825,0,0.0455,R,A,4
Zim53,375,M,12424,2,Zim53_375AR_M_012424__5,0,50,3.6337,79.3204,0.9928,0,0.0349,R,A,5
Zim53,375,M,12424,2,Zim53_375AR_M_012424__6,7,57,3.2067,56.6801,0.9753,0,0.0576,R,A,6
Zim53,375,M,12424,3,Zim53_375AC_M_012424__1,16,66,3.3313,73.2377,0.9818,0,0.0511,C,A,1
Zim53,375,M,12424,3,Zim53_375AC_M_012424__2,4,54,3.0004,71.5061,0.9797,0,0.0487,C,A,2
Zim53,375,M,12424,3,Zim53_375AC_M_012424__3,7,57,3.0501,49.8539,0.985,0,0.0425,C,A,3
Zim53,375,M,12424,3,Zim53_375AC_M_012424__4,3,53,2.5285,79.3244,0.9859,0,0.034,C,A,4
Zim53,375,M,12424,3,Zim53_375AC_M_012424__5,9,59,1.9102,40.3894,0.9804,0,0.0305,C,A,5
Zim53,375,M,12424,3,Zim53_375AC_M_012424__6,2,52,2.6863,57.8594,0.9912,0,0.0285,C,A,6
Zim53,375,M,12424,3,Zim53_375AR_M_012424__1,21,71,3.1273,19.4508,0.9876,0,0.0395,R,A,1
Zim53,375,M,12424,3,Zim53_375AR_M_012424__2,2,52,3.1313,58.9325,0.9861,0,0.0418,R,A,2
Zim53,375,M,12424,3,Zim53_375AR_M_012424__3,14,64,3.1856,40.1742,0.9903,0,0.0354,R,A,3
Zim53,375,M,12424,3,Zim53_375AR_M_012424__4,12,62,3.6688,27.6992,0.9922,0,0.0366,R,A,4
Zim53,375,M,12424,3,Zim53_375AR_M_012424__5,1,51,3.1808,42.651,0.9847,0,0.0447,R,A,5
Zim53,375,M,12424,3,Zim53_375AR_M_012424__6,47,97,3.3602,47.0405,0.9941,0,0.0291,R,A,6
Zim53,Ore,F,012424B,1,Zim53_OreBC_F_012424B__1,84,134,1.5658,-3.2488,0.9778,0,0.0266,C,B,1
Zim53,Ore,F,012424B,1,Zim53_OreBC_F_012424B__2,77,127,1.3541,19.0135,0.9675,0,0.0281,C,B,2
Zim53,Ore,F,012424B,1,Zim53_OreBC_F_012424B__3,89,139,1.5561,1.1708,0.977,0,0.027,C,B,3
Zim53,Ore,F,012424B,1,Zim53_OreBC_F_012424B__4,63,113,1.8322,-10.0367,0.9718,0,0.0353,C,B,4
Zim53,Ore,F,012424B,1,Zim53_OreBC_F_012424B__5,50,100,1.1542,7.589,0.9499,0,0.0302,C,B,5
Zim53,Ore,F,012424B,1,Zim53_OreBC_F_012424B__6,46,96,1.4503,2.9201,0.9677,0,0.03,C,B,6
Zim53,Ore,F,012424B,1,Zim53_OreBR_F_012424B__1,76,126,1.1421,5.634,0.9704,0,0.0226,R,B,1
Zim53,Ore,F,012424B,1,Zim53_OreBR_F_012424B__2,22,72,1.1277,34.0237,0.9576,0,0.0269,R,B,2
Zim53,Ore,F,012424B,1,Zim53_OreBR_F_012424B__3,61,111,2.0432,5.9298,0.9807,0,0.0323,R,B,3
Zim53,Ore,F,012424B,1,Zim53_OreBR_F_012424B__4,87,137,1.9211,21.1208,0.9919,0,0.0195,R,B,4
Zim53,Ore,F,012424B,1,Zim53_OreBR_F_012424B__5,22,72,1.6787,15.6544,0.9731,0,0.0315,R,B,5
Zim53,Ore,F,012424B,1,Zim53_OreBR_F_012424B__6,44,94,1.8799,4.7589,0.9822,0,0.0285,R,B,6
Zim53,Ore,F,012424B,2,Zim53_OreBC_F_012424B__1,4,54,1.1477,39.6732,0.9775,0,0.0196,C,B,1
Zim53,Ore,F,012424B,2,Zim53_OreBC_F_012424B__2,62,112,1.4499,26.7776,0.9853,0,0.0199,C,B,2
Zim53,Ore,F,012424B,2,Zim53_OreBC_F_012424B__3,76,126,1.669,26.7789,0.9802,0,0.0268,C,B,3
Zim53,Ore,F,012424B,2,Zim53_OreBC_F_012424B__4,49,99,1.8248,12.9812,0.9529,0,0.0461,C,B,4
Zim53,Ore,F,012424B,2,Zim53_OreBC_F_012424B__5,27,77,1.0667,31.1481,0.955,0,0.0263,C,B,5
Zim53,Ore,F,012424B,2,Zim53_OreBC_F_012424B__6,49,99,0.9587,7.1211,0.954,0,0.0239,C,B,6
Zim53,Ore,F,012424B,2,Zim53_OreBR_F_012424B__1,86,136,1.3574,6.7591,0.9613,0,0.0309,R,B,1
Zim53,Ore,F,012424B,2,Zim53_OreBR_F_012424B__2,7,57,1.2897,38.6633,0.9706,0,0.0254,R,B,2
Zim53,Ore,F,012424B,2,Zim53_OreBR_F_012424B__3,50,100,1.8652,11.6004,0.9706,0,0.0367,R,B,3
Zim53,Ore,F,012424B,2,Zim53_OreBR_F_012424B__4,40,90,2.0693,14.9048,0.9842,0,0.0295,R,B,4
Zim53,Ore,F,012424B,2,Zim53_OreBR_F_012424B__5,31,81,1.4821,36.3821,0.9692,0,0.0299,R,B,5
Zim53,Ore,F,012424B,2,Zim53_OreBR_F_012424B__6,26,76,1.6871,29.6395,0.984,0,0.0242,R,B,6
Zim53,Ore,F,012424B,3,Zim53_OreBC_F_012424B__1,47,97,1.1403,44.316,0.9477,0,0.0305,C,B,1
Zim53,Ore,F,012424B,3,Zim53_OreBC_F_012424B__2,24,74,1.6436,66.4472,0.9769,0,0.0286,C,B,2
Zim53,Ore,F,012424B,3,Zim53_OreBC_F_012424B__3,8,58,0.7362,54.442,0.9435,0,0.0205,C,B,3
Zim53,Ore,F,012424B,3,Zim53_OreBC_F_012424B__4,82,132,1.4548,2.0584,0.9719,0,0.0279,C,B,4
Zim53,Ore,F,012424B,3,Zim53_OreBC_F_012424B__5,44,94,0.8213,49.0747,0.9195,0,0.0279,C,B,5
Zim53,Ore,F,012424B,3,Zim53_OreBC_F_012424B__6,73,123,0.9688,34.8863,0.9592,0,0.0227,C,B,6
Zim53,Ore,F,012424B,3,Zim53_OreBR_F_012424B__1,8,58,0.7965,30.8656,0.9462,0,0.0216,R,B,1
Zim53,Ore,F,012424B,3,Zim53_OreBR_F_012424B__2,49,99,1.2836,29.2909,0.932,0,0.0396,R,B,2
Zim53,Ore,F,012424B,3,Zim53_OreBR_F_012424B__3,44,94,2.5839,2.5453,0.9843,0,0.0368,R,B,3
Zim53,Ore,F,012424B,3,Zim53_OreBR_F_012424B__4,77,127,1.7512,26.8127,0.9344,0,0.053,R,B,4
Zim53,Ore,F,012424B,3,Zim53_OreBR_F_012424B__5,74,124,1.8387,8.0528,0.9727,0,0.0348,R,B,5
Zim53,Ore,F,012424B,3,Zim53_OreBR_F_012424B__6,14,64,1.1264,27.9252,0.9793,0,0.0185,R,B,6
Zim53,Ore,F,12424,1,Zim53_OreAC_F_012424__1,34,84,0.733,58.7564,0.9403,0,0.0211,C,A,1
Zim53,Ore,F,12424,1,Zim53_OreAC_F_012424__2,19,69,1.3093,57.4813,0.9655,0,0.028,C,A,2
Zim53,Ore,F,12424,1,Zim53_OreAC_F_012424__3,46,96,1.4292,31.0601,0.9415,0,0.0406,C,A,3
Zim53,Ore,F,12424,1,Zim53_OreAC_F_012424__4,56,106,1.5529,42.0182,0.9793,0,0.0255,C,A,4
Zim53,Ore,F,12424,1,Zim53_OreAC_F_012424__5,12,62,1.9746,68.8673,0.9403,0,0.0567,C,A,5
Zim53,Ore,F,12424,1,Zim53_OreAC_F_012424__6,37,87,1.3356,32.2779,0.9753,0,0.024,C,A,6
Zim53,Ore,F,12424,1,Zim53_OreAR_F_012424__1,12,62,1.4753,32.9291,0.9792,0,0.0243,R,A,1
Zim53,Ore,F,12424,1,Zim53_OreAR_F_012424__2,88,138,0.9988,17.5679,0.9378,0,0.0293,R,A,2
Zim53,Ore,F,12424,1,Zim53_OreAR_F_012424__3,63,113,1.4315,25.0605,0.9505,0,0.0372,R,A,3
Zim53,Ore,F,12424,1,Zim53_OreAR_F_012424__4,5,55,1.5156,29.4545,0.978,0,0.0257,R,A,4
Zim53,Ore,F,12424,1,Zim53_OreAR_F_012424__5,53,103,0.9679,14.0802,0.9346,0,0.0292,R,A,5
Zim53,Ore,F,12424,1,Zim53_OreAR_F_012424__6,50,100,2.0981,-5.4034,0.9752,0,0.0378,R,A,6
Zim53,Ore,F,12424,2,Zim53_OreAC_F_012424__1,32,82,0.7421,52.3353,0.9204,0,0.025,C,A,1
Zim53,Ore,F,12424,2,Zim53_OreAC_F_012424__2,75,125,0.6295,59.2267,0.9368,0,0.0186,C,A,2
Zim53,Ore,F,12424,2,Zim53_OreAC_F_012424__3,85,135,1.3909,8.5698,0.9281,0,0.0443,C,A,3
Zim53,Ore,F,12424,2,Zim53_OreAC_F_012424__4,23,73,1.334,37.3551,0.9595,0,0.0311,C,A,4
Zim53,Ore,F,12424,2,Zim53_OreAC_F_012424__5,21,71,0.9691,58.5915,0.9039,0,0.0364,C,A,5
Zim53,Ore,F,12424,2,Zim53_OreAC_F_012424__6,79,129,1.0951,28.5105,0.9214,0,0.0367,C,A,6
Zim53,Ore,F,12424,2,Zim53_OreAR_F_012424__1,26,76,1.7199,58.3443,0.9699,0,0.0343,R,A,1
Zim53,Ore,F,12424,2,Zim53_OreAR_F_012424__2,20,70,1.6139,74.8659,0.9777,0,0.0275,R,A,2
Zim53,Ore,F,12424,2,Zim53_OreAR_F_012424__3,9,59,0.9614,61.6304,0.9329,0,0.0295,R,A,3
Zim53,Ore,F,12424,2,Zim53_OreAR_F_012424__4,84,134,1.7719,16.4592,0.9706,0,0.0349,R,A,4
Zim53,Ore,F,12424,2,Zim53_OreAR_F_012424__5,74,124,1.1977,37.5204,0.9537,0,0.03,R,A,5
Zim53,Ore,F,12424,2,Zim53_OreAR_F_012424__6,28,78,1.7597,38.0872,0.976,0,0.0312,R,A,6
Zim53,Ore,F,12424,3,Zim53_OreAC_F_012424__1,32,82,0.5798,57.266,0.7973,0,0.0348,C,A,1
Zim53,Ore,F,12424,3,Zim53_OreAC_F_012424__2,25,75,1.0274,54.0297,0.9848,0,0.0144,C,A,2
Zim53,Ore,F,12424,3,Zim53_OreAC_F_012424__3,39,89,1.0093,32.3329,0.9353,0,0.0303,C,A,3
Zim53,Ore,F,12424,3,Zim53_OreAC_F_012424__4,9,59,1.3082,52.7637,0.9871,0,0.0168,C,A,4
Zim53,Ore,F,12424,3,Zim53_OreAC_F_012424__5,34,84,1.3189,36.4601,0.9826,0,0.0198,C,A,5
Zim53,Ore,F,12424,3,Zim53_OreAC_F_012424__6,52,102,1.2186,39.3305,0.9478,0,0.0325,C,A,6
Zim53,Ore,F,12424,3,Zim53_OreAR_F_012424__1,41,91,2.2991,5.5895,0.9865,0,0.0303,R,A,1
Zim53,Ore,F,12424,3,Zim53_OreAR_F_012424__2,14,64,1.3439,34.7683,0.9786,0,0.0224,R,A,2
Zim53,Ore,F,12424,3,Zim53_OreAR_F_012424__3,53,103,1.6142,44.9405,0.9713,0,0.0314,R,A,3
Zim53,Ore,F,12424,3,Zim53_OreAR_F_012424__4,55,105,1.696,38.0933,0.9826,0,0.0254,R,A,4
Zim53,Ore,F,12424,3,Zim53_OreAR_F_012424__5,43,93,1.3651,16.5804,0.9815,0,0.0212,R,A,5
Zim53,Ore,F,12424,3,Zim53_OreAR_F_012424__6,65,115,1.406,15.5349,0.9624,0,0.0315,R,A,6
Zim53,Ore,M,012424B,1,Zim53_OreBR_M_012424B__1,7,57,1.6247,55.9664,0.9569,0,0.0391,R,B,1
Zim53,Ore,M,012424B,1,Zim53_OreBR_M_012424B__2,19,69,1.9919,28.5154,0.9746,0,0.0363,R,B,2
Zim53,Ore,M,012424B,1,Zim53_OreBR_M_012424B__3,1,51,1.5799,36.5904,0.981,0,0.0248,R,B,3
Zim53,Ore,M,012424B,1,Zim53_OreBR_M_012424B__4,85,135,1.399,26.487,0.9475,0,0.0375,R,B,4
Zim53,Ore,M,012424B,1,Zim53_OreBR_M_012424B__5,48,98,1.5608,26.901,0.9614,0,0.0354,R,B,5
Zim53,Ore,M,012424B,1,Zim53_OreBR_M_012424B__6,70,120,1.7075,23.932,0.9563,0,0.0414,R,B,6
Zim53,Ore,M,012424B,2,Zim53_OreBR_M_012424B__1,16,66,1.0591,63.0139,0.966,0,0.0225,R,B,1
Zim53,Ore,M,012424B,2,Zim53_OreBR_M_012424B__2,76,126,1.7559,47.2916,0.9845,0,0.0248,R,B,2
Zim53,Ore,M,012424B,2,Zim53_OreBR_M_012424B__3,24,74,2.0542,37.7768,0.9749,0,0.0373,R,B,3
Zim53,Ore,M,012424B,2,Zim53_OreBR_M_012424B__4,41,91,1.6879,68.7873,0.9018,0,0.0642,R,B,4
Zim53,Ore,M,012424B,2,Zim53_OreBR_M_012424B__5,0,50,0.4709,66.6657,0.8492,0,0.0232,R,B,5
Zim53,Ore,M,012424B,2,Zim53_OreBR_M_012424B__6,7,57,1.2931,45.0896,0.9748,0,0.0235,R,B,6
Zim53,Ore,M,012424B,3,Zim53_OreBC_M_012424B__1,34,84,1.1821,24.7053,0.9735,0,0.022,C,B,1
Zim53,Ore,M,012424B,3,Zim53_OreBC_M_012424B__2,34,84,1.3595,18.3844,0.9411,0,0.0388,C,B,2
Zim53,Ore,M,012424B,3,Zim53_OreBC_M_012424B__3,45,95,1.9062,13.4903,0.9704,0,0.0377,C,B,3
Zim53,Ore,M,012424B,3,Zim53_OreBC_M_012424B__4,85,135,1.4567,15.6217,0.9236,0,0.048,C,B,4
Zim53,Ore,M,012424B,3,Zim53_OreBC_M_012424B__5,9,59,1.231,40.5796,0.9727,0,0.0233,C,B,5
Zim53,Ore,M,012424B,3,Zim53_OreBC_M_012424B__6,51,101,1.5979,22.7582,0.9762,0,0.0282,C,B,6
Zim53,Ore,M,012424B,3,Zim53_OreBR_M_012424B__1,38,88,2.3575,11.3252,0.9704,0,0.0466,R,B,1
Zim53,Ore,M,012424B,3,Zim53_OreBR_M_012424B__2,31,81,1.6947,36.8037,0.9853,0,0.0233,R,B,2
Zim53,Ore,M,012424B,3,Zim53_OreBR_M_012424B__3,31,81,1.3619,43.9921,0.9477,0,0.0364,R,B,3
Zim53,Ore,M,012424B,3,Zim53_OreBR_M_012424B__4,92,142,1.9582,5.1248,0.9556,0,0.0479,R,B,4
Zim53,Ore,M,012424B,3,Zim53_OreBR_M_012424B__5,56,106,1.0976,0.2146,0.9638,0,0.0241,R,B,5
Zim53,Ore,M,012424B,3,Zim53_OreBR_M_012424B__6,60,110,1.8518,-5.8358,0.9719,0,0.0356,R,B,6
Zim53,Ore,M,012424B,4,Zim53_OreBC_M_012424B__1,52,102,1.8796,0.8398,0.9895,0,0.0218,C,B,1
Zim53,Ore,M,012424B,4,Zim53_OreBC_M_012424B__2,37,87,1.2848,31.6293,0.9009,0,0.0491,C,B,2
Zim53,Ore,M,012424B,4,Zim53_OreBC_M_012424B__3,23,73,1.9717,30.0551,0.9538,0,0.0493,C,B,3
Zim53,Ore,M,012424B,4,Zim53_OreBC_M_012424B__4,52,102,1.6126,13.152,0.9765,0,0.0283,C,B,4
Zim53,Ore,M,012424B,4,Zim53_OreBC_M_012424B__5,24,74,0.8647,32.4034,0.9741,0,0.0159,C,B,5
Zim53,Ore,M,012424B,4,Zim53_OreBC_M_012424B__6,71,121,1.1135,39.3016,0.9719,0,0.0214,C,B,6
Zim53,Ore,M,012424B,5,Zim53_OreBC_M_012424B__1,19,69,0.6061,24.233,0.9592,0,0.0142,C,B,1
Zim53,Ore,M,012424B,5,Zim53_OreBC_M_012424B__2,22,72,1.6367,24.2108,0.9562,0,0.0398,C,B,2
Zim53,Ore,M,012424B,5,Zim53_OreBC_M_012424B__3,11,61,1.4846,27.5302,0.9575,0,0.0355,C,B,3
Zim53,Ore,M,012424B,5,Zim53_OreBC_M_012424B__4,39,89,2.1136,17.0443,0.9861,0,0.0282,C,B,4
Zim53,Ore,M,012424B,5,Zim53_OreBC_M_012424B__5,16,66,0.403,43.6827,0.9068,0,0.0149,C,B,5
Zim53,Ore,M,012424B,5,Zim53_OreBC_M_012424B__6,13,63,1.3594,22.705,0.9843,0,0.0193,C,B,6
Zim53,Ore,M,12424,1,Zim53_OreAC_M_012424__1,90,140,1.1943,10.3571,0.9758,0,0.0212,C,A,1
Zim53,Ore,M,12424,1,Zim53_OreAC_M_012424__2,18,68,1.7489,44.8249,0.972,0,0.0336,C,A,2
Zim53,Ore,M,12424,1,Zim53_OreAC_M_012424__3,26,76,1.4699,36.2745,0.9874,0,0.0187,C,A,3
Zim53,Ore,M,12424,1,Zim53_OreAC_M_012424__4,40,90,1.8081,28.629,0.951,0,0.0466,C,A,4
Zim53,Ore,M,12424,1,Zim53_OreAC_M_012424__5,2,52,1.0742,42.066,0.9614,0,0.0244,C,A,5
Zim53,Ore,M,12424,1,Zim53_OreAC_M_012424__6,4,54,1.1554,46.7541,0.9269,0,0.0371,C,A,6
Zim53,Ore,M,12424,1,Zim53_OreAR_M_012424__1,15,65,2.2991,34.8701,0.9674,0,0.0478,R,A,1
Zim53,Ore,M,12424,1,Zim53_OreAR_M_012424__2,30,80,1.1365,54.7484,0.9296,0,0.0358,R,A,2
Zim53,Ore,M,12424,1,Zim53_OreAR_M_012424__3,36,86,2.0635,32.0416,0.9586,0,0.0486,R,A,3
Zim53,Ore,M,12424,1,Zim53_OreAR_M_012424__4,5,55,2.2592,27.336,0.9771,0,0.039,R,A,4
Zim53,Ore,M,12424,1,Zim53_OreAR_M_012424__5,18,68,1.5304,32.496,0.9788,0,0.0254,R,A,5
Zim53,Ore,M,12424,1,Zim53_OreAR_M_012424__6,6,56,2.23,50.7643,0.9776,0,0.0381,R,A,6
Zim53,Ore,M,12424,2,Zim53_OreAC_M_012424__1,7,57,1.3567,26.1269,0.9642,0,0.0296,C,A,1
Zim53,Ore,M,12424,2,Zim53_OreAC_M_012424__2,92,142,1.4614,19.5934,0.9527,0,0.037,C,A,2
Zim53,Ore,M,12424,2,Zim53_OreAC_M_012424__3,28,78,1.2991,34.2281,0.9616,0,0.0294,C,A,3
Zim53,Ore,M,12424,2,Zim53_OreAC_M_012424__4,12,62,1.6085,35.3387,0.9592,0,0.0376,C,A,4
Zim53,Ore,M,12424,2,Zim53_OreAC_M_012424__5,33,83,2.084,15.1864,0.9835,0,0.0304,C,A,5
Zim53,Ore,M,12424,2,Zim53_OreAC_M_012424__6,52,102,1.2026,14.7299,0.9306,0,0.0375,C,A,6
Zim53,Ore,M,12424,2,Zim53_OreAR_M_012424__1,19,69,2.0583,44.0202,0.9825,0,0.0309,R,A,1
Zim53,Ore,M,12424,2,Zim53_OreAR_M_012424__2,3,53,1.7215,67.8673,0.9762,0,0.0303,R,A,2
Zim53,Ore,M,12424,2,Zim53_OreAR_M_012424__3,20,70,1.8054,50.3293,0.9627,0,0.0403,R,A,3
Zim53,Ore,M,12424,2,Zim53_OreAR_M_012424__4,9,59,1.2105,62.1756,0.9363,0,0.036,R,A,4
Zim53,Ore,M,12424,2,Zim53_OreAR_M_012424__5,3,53,2.048,59.2915,0.9889,0,0.0244,R,A,5
Zim53,Ore,M,12424,2,Zim53_OreAR_M_012424__6,45,95,2.3018,38.2936,0.9765,0,0.0403,R,A,6
Zim53,Ore,M,12424,3,Zim53_OreAC_M_012424__1,69,119,0.5963,26.9663,0.8741,0,0.0263,C,A,1
Zim53,Ore,M,12424,3,Zim53_OreAC_M_012424__2,53,103,1.2173,34.8796,0.9752,0,0.0219,C,A,2
Zim53,Ore,M,12424,3,Zim53_OreAC_M_012424__3,61,111,1.2942,23.0228,0.9559,0,0.0316,C,A,3
Zim53,Ore,M,12424,3,Zim53_OreAC_M_012424__4,28,78,2.164,20.6587,0.97,0,0.043,C,A,4
Zim53,Ore,M,12424,3,Zim53_OreAC_M_012424__5,31,81,0.8662,36.1596,0.9181,0,0.0297,C,A,5
Zim53,Ore,M,12424,3,Zim53_OreAC_M_012424__6,76,126,0.5245,33.0692,0.7578,0,0.0358,C,A,6
Zim53,Ore,M,12424,3,Zim53_OreAR_M_012424__1,40,90,1.8346,35.0223,0.9556,0,0.0449,R,A,1
Zim53,Ore,M,12424,3,Zim53_OreAR_M_012424__2,0,50,1.3576,39.1422,0.9613,0,0.0309,R,A,2
Zim53,Ore,M,12424,3,Zim53_OreAR_M_012424__3,22,72,1.5669,24.6447,0.9909,0,0.0169,R,A,3
Zim53,Ore,M,12424,3,Zim53_OreAR_M_012424__4,11,61,1.3131,48.5818,0.9628,0,0.0293,R,A,4
Zim53,Ore,M,12424,3,Zim53_OreAR_M_012424__5,9,59,1.4168,28.4109,0.9754,0,0.0254,R,A,5
Zim53,Ore,M,12424,3,Zim53_OreAR_M_012424__6,41,91,2.1006,-3.1008,0.9748,0,0.0381,R,A,6
