,X,Y,Mito,Nuc,Sex
0,168,0.55546875,375,375,M
1,233,0.88828125,375,375,M
2,35,0.9375,375,375,M
3,401,0.09843749999999996,375,375,M
4,267,0.7515625,375,375,M
5,325,0.98046875,375,375,M
6,372,0.86015625,375,375,M
7,370,0.9203125,375,375,M
8,314,0.8515625,375,375,M
9,367,0.96796875,375,375,M
10,310,0.903125,375,375,M
11,399,0.81171875,375,375,M
12,95,0.9375,375,375,M
13,308,0.94921875,375,375,M
14,392,0.8890625,375,375,M
15,317,0.825,375,375,M
16,68,0.90390625,375,375,M
17,241,0.92734375,375,375,M
18,2,0.8328125,375,375,M
19,67,0.85078125,375,375,M
20,386,0.91328125,375,375,M
21,365,0.89921875,375,375,M
22,39,0.93515625,375,375,M
23,98,0.971875,375,375,M
24,77,0.86171875,375,375,M
25,52,0.86640625,375,375,M
26,79,0.8734375,375,375,M
27,382,0.984375,375,375,M
28,389,0.9015625,375,375,M
29,108,0.94765625,375,375,M
30,96,0.97578125,375,375,M
31,347,0.9046875,375,375,M
32,34,0.91640625,375,375,M
33,317,0.91953125,375,375,M
34,331,0.96328125,375,375,M
35,4,0.92109375,375,375,M
36,5,0.9046875,375,375,M
37,73,0.9171875,375,375,M
38,367,0.56328125,375,375,M
39,124,0.884375,375,375,M
40,370,0.94765625,375,375,M
41,211,0.94765625,375,375,M
42,16,0.871875,375,375,M
43,371,0.92734375,375,375,M
44,34,0.890625,375,375,M
45,37,0.925,375,375,M
46,2,0.92890625,375,375,M
47,312,0.9609375,375,375,M
48,109,0.84921875,375,375,M
49,31,0.89453125,375,375,M
50,389,0.95625,375,375,M
51,290,0.91171875,375,375,M
52,10,0.99609375,375,375,M
53,221,0.7125,375,375,M
54,167,0.9609375,375,375,M
0,109,0.31796875,yak,375B,F
1,303,0.62109375,yak,375B,F
2,301,0.9140625,yak,375B,F
3,321,0.87265625,yak,375B,F
4,161,0.946875,yak,375B,F
5,317,0.86875,yak,375B,F
6,18,0.8328125,yak,375B,F
7,413,0.09218749999999998,yak,375B,F
8,287,0.81640625,yak,375B,F
9,163,0.95078125,yak,375B,F
10,285,0.909375,yak,375B,F
11,192,0.965625,yak,375B,F
12,163,0.96796875,yak,375B,F
13,112,0.653125,yak,375B,F
14,201,0.87578125,yak,375B,F
15,109,0.99921875,yak,375B,F
16,365,0.80234375,yak,375B,F
17,52,0.95078125,yak,375B,F
18,156,0.98046875,yak,375B,F
19,297,0.8796875,yak,375B,F
20,251,0.82890625,yak,375B,F
21,114,0.6015625,yak,375B,F
22,355,0.79375,yak,375B,F
23,378,0.82734375,yak,375B,F
24,206,0.8625,yak,375B,F
25,195,0.9171875,yak,375B,F
26,173,0.9671875,yak,375B,F
27,209,0.97109375,yak,375B,F
28,184,0.9375,yak,375B,F
29,407,0.98046875,yak,375B,F
30,306,0.91953125,yak,375B,F
31,244,0.93203125,yak,375B,F
32,182,0.82421875,yak,375B,F
33,271,0.80546875,yak,375B,F
34,247,0.8890625,yak,375B,F
35,103,0.9125,yak,375B,F
36,47,0.88828125,yak,375B,F
37,371,0.92578125,yak,375B,F
38,406,0.76015625,yak,375B,F
39,219,0.90234375,yak,375B,F
40,151,0.95234375,yak,375B,F
41,161,0.9078125,yak,375B,F
42,160,0.96015625,yak,375B,F
43,276,0.83203125,yak,375B,F
44,38,0.9671875,yak,375B,F
45,185,0.84296875,yak,375B,F
46,152,0.9328125,yak,375B,F
47,165,0.9765625,yak,375B,F
48,14,0.790625,yak,375B,F
49,93,0.88046875,yak,375B,F
50,10,0.93984375,yak,375B,F
51,212,0.97421875,yak,375B,F
0,66,0.30000000000000004,siI,375A,F
1,293,0.28984374999999996,siI,375A,F
2,281,0.09921875000000002,siI,375A,F
3,175,0.28046875000000004,siI,375A,F
4,68,1.0,siI,375A,F
5,391,0.909375,siI,375A,F
6,344,0.93359375,siI,375A,F
7,339,0.771875,siI,375A,F
8,402,0.86171875,siI,375A,F
9,322,0.9,siI,375A,F
10,232,0.7890625,siI,375A,F
11,306,0.8890625,siI,375A,F
12,319,0.90625,siI,375A,F
13,272,0.9375,siI,375A,F
14,193,0.78984375,siI,375A,F
15,265,0.79609375,siI,375A,F
16,346,0.80546875,siI,375A,F
17,325,0.8890625,siI,375A,F
18,244,0.7859375,siI,375A,F
19,241,0.9109375,siI,375A,F
20,243,0.76953125,siI,375A,F
21,211,0.86953125,siI,375A,F
22,153,0.83984375,siI,375A,F
23,123,0.87734375,siI,375A,F
24,343,0.8203125,siI,375A,F
25,326,0.82109375,siI,375A,F
26,213,0.87265625,siI,375A,F
27,35,0.87578125,siI,375A,F
28,399,0.90859375,siI,375A,F
29,319,0.77890625,siI,375A,F
30,51,0.834375,siI,375A,F
31,296,0.80546875,siI,375A,F
32,85,0.85,siI,375A,F
33,394,0.91328125,siI,375A,F
34,157,0.78125,siI,375A,F
35,352,0.87421875,siI,375A,F
36,293,0.9421875,siI,375A,F
37,37,0.8234375,siI,375A,F
38,98,0.86328125,siI,375A,F
39,51,0.95859375,siI,375A,F
40,39,0.87890625,siI,375A,F
41,230,0.73515625,siI,375A,F
42,88,0.74609375,siI,375A,F
43,53,0.85546875,siI,375A,F
44,130,0.83125,siI,375A,F
45,116,0.93125,siI,375A,F
46,214,0.8859375,siI,375A,F
47,272,0.9328125,siI,375A,F
48,18,1.0,siI,375A,F
49,0,0.85078125,siI,375A,F
50,1,0.8421875,siI,375A,F
51,1,0.9203125,siI,375A,F
52,403,0.78515625,siI,375A,F
53,14,0.82109375,siI,375A,F
54,283,0.9953125,siI,375A,F
55,0,0.93984375,siI,375A,F
0,388,0.09765625,Bei59,OreB,M
1,329,0.12656250000000002,Bei59,OreB,M
2,153,0.82734375,Bei59,OreB,M
3,289,0.92109375,Bei59,OreB,M
4,21,0.09375,Bei59,OreB,M
5,255,0.56875,Bei59,OreB,M
6,260,0.9,Bei59,OreB,M
7,249,0.56015625,Bei59,OreB,M
8,325,0.5625,Bei59,OreB,M
9,310,0.69296875,Bei59,OreB,M
10,379,0.89140625,Bei59,OreB,M
11,282,0.89921875,Bei59,OreB,M
12,403,0.71875,Bei59,OreB,M
13,388,0.63828125,Bei59,OreB,M
14,201,0.70703125,Bei59,OreB,M
15,299,0.74609375,Bei59,OreB,M
16,385,0.85078125,Bei59,OreB,M
17,311,0.90546875,Bei59,OreB,M
18,333,0.9765625,Bei59,OreB,M
19,354,0.77734375,Bei59,OreB,M
20,229,0.8296875,Bei59,OreB,M
21,346,0.74375,Bei59,OreB,M
22,336,0.871875,Bei59,OreB,M
23,265,0.89453125,Bei59,OreB,M
24,137,0.8984375,Bei59,OreB,M
25,223,0.8515625,Bei59,OreB,M
26,218,0.6953125,Bei59,OreB,M
27,333,0.71875,Bei59,OreB,M
28,277,0.82421875,Bei59,OreB,M
29,100,0.878125,Bei59,OreB,M
30,308,0.88203125,Bei59,OreB,M
31,169,0.8921875,Bei59,OreB,M
32,319,0.72890625,Bei59,OreB,M
33,95,0.83359375,Bei59,OreB,M
34,127,0.85078125,Bei59,OreB,M
35,180,0.89453125,Bei59,OreB,M
36,179,0.8515625,Bei59,OreB,M
37,119,0.80625,Bei59,OreB,M
38,279,0.86875,Bei59,OreB,M
39,79,0.909375,Bei59,OreB,M
40,157,0.85546875,Bei59,OreB,M
41,283,0.4125,Bei59,OreB,M
42,96,0.91640625,Bei59,OreB,M
43,407,0.77265625,Bei59,OreB,M
44,38,0.8234375,Bei59,OreB,M
45,297,0.8453125,Bei59,OreB,M
46,344,0.96484375,Bei59,OreB,M
47,117,0.734375,Bei59,OreB,M
48,328,0.9109375,Bei59,OreB,M
49,106,0.8453125,Bei59,OreB,M
50,252,0.86640625,Bei59,OreB,M
51,77,0.98203125,Bei59,OreB,M
52,407,0.84375,Bei59,OreB,M
53,383,0.85390625,Bei59,OreB,M
54,339,0.7546875,Bei59,OreB,M
55,415,0.84765625,Bei59,OreB,M
56,7,0.9078125,Bei59,OreB,M
57,375,0.69453125,Bei59,OreB,M
58,23,0.8671875,Bei59,OreB,M
59,22,0.875,Bei59,OreB,M
0,240,0.8703125,ZW142,375A,F
1,415,0.0859375,ZW142,375A,F
2,381,0.40156250000000004,ZW142,375A,F
3,358,0.49609375,ZW142,375A,F
4,8,0.60703125,ZW142,375A,F
5,96,0.7140625,ZW142,375A,F
6,64,0.51484375,ZW142,375A,F
7,230,0.884375,ZW142,375A,F
8,10,0.13203125000000004,ZW142,375A,F
9,285,0.77578125,ZW142,375A,F
10,217,0.82109375,ZW142,375A,F
11,292,0.62265625,ZW142,375A,F
12,250,0.84375,ZW142,375A,F
13,157,0.7953125,ZW142,375A,F
14,235,0.74453125,ZW142,375A,F
15,315,0.68125,ZW142,375A,F
16,262,0.79140625,ZW142,375A,F
17,254,0.8265625,ZW142,375A,F
18,100,0.84453125,ZW142,375A,F
19,216,0.8546875,ZW142,375A,F
20,247,0.85625,ZW142,375A,F
21,230,0.88984375,ZW142,375A,F
22,86,0.7109375,ZW142,375A,F
23,168,0.83671875,ZW142,375A,F
24,287,0.7625,ZW142,375A,F
25,116,0.71484375,ZW142,375A,F
26,254,0.8140625,ZW142,375A,F
27,252,0.8296875,ZW142,375A,F
28,240,0.8734375,ZW142,375A,F
29,15,0.9125,ZW142,375A,F
30,125,0.9546875,ZW142,375A,F
31,271,0.80703125,ZW142,375A,F
32,60,0.36328125,ZW142,375A,F
33,57,0.80859375,ZW142,375A,F
34,144,0.6578125,ZW142,375A,F
35,228,0.73671875,ZW142,375A,F
36,165,0.925,ZW142,375A,F
37,146,0.7375,ZW142,375A,F
38,163,0.81796875,ZW142,375A,F
39,92,0.88203125,ZW142,375A,F
40,15,0.90703125,ZW142,375A,F
41,180,0.75234375,ZW142,375A,F
42,143,0.73359375,ZW142,375A,F
43,132,0.77265625,ZW142,375A,F
44,93,0.8078125,ZW142,375A,F
45,63,0.86640625,ZW142,375A,F
46,60,0.37812500000000004,ZW142,375A,F
47,14,0.94296875,ZW142,375A,F
48,29,1.0,ZW142,375A,F
49,274,0.7921875,ZW142,375A,F
50,115,0.55234375,ZW142,375A,F
51,276,0.7875,ZW142,375A,F
52,250,0.84765625,ZW142,375A,F
53,303,0.99453125,ZW142,375A,F
54,300,0.79609375,ZW142,375A,F
55,260,0.8296875,ZW142,375A,F
56,267,0.81015625,ZW142,375A,F
57,234,0.8859375,ZW142,375A,F
58,125,1.0,ZW142,375A,F
59,384,0.88046875,ZW142,375A,F
60,49,0.89296875,ZW142,375A,F
61,76,0.86953125,ZW142,375A,F
62,13,0.8671875,ZW142,375A,F
63,259,1.0,ZW142,375A,F
64,212,1.0,ZW142,375A,F
65,246,1.0,ZW142,375A,F
0,265,0.12578124999999996,ZW144,375A,M
1,327,0.94140625,ZW144,375A,M
2,284,0.89609375,ZW144,375A,M
3,311,0.92578125,ZW144,375A,M
4,322,0.98515625,ZW144,375A,M
5,383,0.884375,ZW144,375A,M
6,275,0.8265625,ZW144,375A,M
7,293,0.971875,ZW144,375A,M
8,283,0.89921875,ZW144,375A,M
9,253,0.959375,ZW144,375A,M
10,367,0.865625,ZW144,375A,M
11,401,0.87265625,ZW144,375A,M
12,387,0.88203125,ZW144,375A,M
13,392,0.88671875,ZW144,375A,M
14,355,0.8921875,ZW144,375A,M
15,329,0.90234375,ZW144,375A,M
16,116,0.93125,ZW144,375A,M
17,303,0.94453125,ZW144,375A,M
18,118,0.77421875,ZW144,375A,M
19,297,0.96953125,ZW144,375A,M
20,396,0.9296875,ZW144,375A,M
21,153,0.890625,ZW144,375A,M
22,403,0.990625,ZW144,375A,M
23,390,0.909375,ZW144,375A,M
24,265,0.86796875,ZW144,375A,M
25,241,0.89296875,ZW144,375A,M
26,100,0.93046875,ZW144,375A,M
27,346,0.95390625,ZW144,375A,M
28,380,0.93125,ZW144,375A,M
29,92,0.965625,ZW144,375A,M
30,248,0.9359375,ZW144,375A,M
31,163,0.95546875,ZW144,375A,M
32,67,0.97265625,ZW144,375A,M
33,374,0.88125,ZW144,375A,M
34,66,0.88984375,ZW144,375A,M
35,50,0.88984375,ZW144,375A,M
36,82,0.93515625,ZW144,375A,M
37,172,0.9421875,ZW144,375A,M
38,414,0.8453125,ZW144,375A,M
39,412,0.96640625,ZW144,375A,M
40,371,0.95,ZW144,375A,M
41,266,0.96640625,ZW144,375A,M
42,296,0.92578125,ZW144,375A,M
43,173,0.82109375,ZW144,375A,M
44,302,0.85625,ZW144,375A,M
45,352,0.925,ZW144,375A,M
46,313,0.94296875,ZW144,375A,M
47,103,0.89453125,ZW144,375A,M
48,102,0.909375,ZW144,375A,M
49,245,0.94921875,ZW144,375A,M
50,297,0.99453125,ZW144,375A,M
51,153,0.93828125,ZW144,375A,M
52,348,0.8515625,ZW144,375A,M
0,294,0.71015625,Bei54,375A,F
1,287,0.5703125,Bei54,375A,F
2,295,0.71640625,Bei54,375A,F
3,106,0.43359375,Bei54,375A,F
4,19,0.09453124999999996,Bei54,375A,F
5,69,0.8203125,Bei54,375A,F
6,271,0.8515625,Bei54,375A,F
7,285,0.75859375,Bei54,375A,F
8,102,0.76875,Bei54,375A,F
9,78,0.77421875,Bei54,375A,F
10,412,0.78359375,Bei54,375A,F
11,166,0.8671875,Bei54,375A,F
12,415,0.89453125,Bei54,375A,F
13,69,0.86484375,Bei54,375A,F
14,31,0.925,Bei54,375A,F
15,354,0.9234375,Bei54,375A,F
16,58,0.996875,Bei54,375A,F
17,32,0.67578125,Bei54,375A,F
18,322,0.81015625,Bei54,375A,F
19,406,0.9171875,Bei54,375A,F
20,279,0.86015625,Bei54,375A,F
21,396,0.9328125,Bei54,375A,F
22,56,0.91484375,Bei54,375A,F
23,59,0.88671875,Bei54,375A,F
24,136,0.825,Bei54,375A,F
25,80,0.84453125,Bei54,375A,F
26,26,0.92734375,Bei54,375A,F
27,88,0.88984375,Bei54,375A,F
28,121,0.9296875,Bei54,375A,F
29,25,0.9578125,Bei54,375A,F
30,278,0.8203125,Bei54,375A,F
31,116,0.86953125,Bei54,375A,F
32,42,1.0,Bei54,375A,F
33,96,0.8015625,Bei54,375A,F
34,40,0.9234375,Bei54,375A,F
35,32,0.8203125,Bei54,375A,F
36,149,0.5828125,Bei54,375A,F
37,311,0.99375,Bei54,375A,F
38,342,1.0,Bei54,375A,F
0,62,0.14296874999999998,ZW144,OreB,F
1,17,0.08906250000000004,ZW144,OreB,F
2,328,0.765625,ZW144,OreB,F
3,407,0.8171875,ZW144,OreB,F
4,193,0.83125,ZW144,OreB,F
5,109,0.575,ZW144,OreB,F
6,390,0.93984375,ZW144,OreB,F
7,404,0.8625,ZW144,OreB,F
8,390,0.9375,ZW144,OreB,F
9,303,0.47343749999999996,ZW144,OreB,F
10,377,0.8765625,ZW144,OreB,F
11,183,0.73203125,ZW144,OreB,F
12,262,0.5453125,ZW144,OreB,F
13,340,0.74765625,ZW144,OreB,F
14,403,0.81484375,ZW144,OreB,F
15,362,0.91796875,ZW144,OreB,F
16,384,0.93359375,ZW144,OreB,F
17,396,0.93671875,ZW144,OreB,F
18,353,0.8671875,ZW144,OreB,F
19,35,0.8671875,ZW144,OreB,F
20,415,0.8765625,ZW144,OreB,F
21,275,0.09140625000000002,ZW144,OreB,F
22,194,0.76171875,ZW144,OreB,F
23,398,0.853125,ZW144,OreB,F
24,286,0.859375,ZW144,OreB,F
25,45,0.8609375,ZW144,OreB,F
26,352,0.871875,ZW144,OreB,F
27,314,0.88203125,ZW144,OreB,F
28,295,0.67109375,ZW144,OreB,F
29,43,0.721875,ZW144,OreB,F
30,324,0.83203125,ZW144,OreB,F
31,66,0.69453125,ZW144,OreB,F
32,26,0.81640625,ZW144,OreB,F
33,177,0.8484375,ZW144,OreB,F
34,34,0.88125,ZW144,OreB,F
35,370,0.8359375,ZW144,OreB,F
36,190,0.74296875,ZW144,OreB,F
37,345,0.84453125,ZW144,OreB,F
38,260,0.87109375,ZW144,OreB,F
39,144,0.79140625,ZW144,OreB,F
40,375,0.8015625,ZW144,OreB,F
41,98,0.85859375,ZW144,OreB,F
42,36,0.925,ZW144,OreB,F
43,268,0.93125,ZW144,OreB,F
44,171,0.71953125,ZW144,OreB,F
45,400,0.6015625,ZW144,OreB,F
46,329,0.76875,ZW144,OreB,F
47,41,0.87890625,ZW144,OreB,F
48,104,0.80546875,ZW144,OreB,F
49,42,0.89140625,ZW144,OreB,F
50,414,0.7015625,ZW144,OreB,F
51,385,0.853125,ZW144,OreB,F
52,166,0.84140625,ZW144,OreB,F
53,380,0.8421875,ZW144,OreB,F
54,212,0.7984375,ZW144,OreB,F
55,400,0.83046875,ZW144,OreB,F
56,144,0.65390625,ZW144,OreB,F
57,292,0.7625,ZW144,OreB,F
58,50,0.7765625,ZW144,OreB,F
59,201,0.80078125,ZW144,OreB,F
60,118,0.7734375,ZW144,OreB,F
61,295,0.821875,ZW144,OreB,F
62,24,0.771875,ZW144,OreB,F
63,401,0.78359375,ZW144,OreB,F
64,380,0.9046875,ZW144,OreB,F
65,157,1.0,ZW144,OreB,F
66,60,0.7796875,ZW144,OreB,F
67,29,0.75078125,ZW144,OreB,F
0,20,0.09140625000000002,Bei54,OreB,M
1,302,0.88359375,Bei54,OreB,M
2,414,0.12031250000000004,Bei54,OreB,M
3,338,0.98125,Bei54,OreB,M
4,138,0.55625,Bei54,OreB,M
5,233,0.8890625,Bei54,OreB,M
6,353,0.9171875,Bei54,OreB,M
7,164,0.84921875,Bei54,OreB,M
8,396,0.9296875,Bei54,OreB,M
9,214,0.86328125,Bei54,OreB,M
10,200,0.8734375,Bei54,OreB,M
11,369,0.8234375,Bei54,OreB,M
12,100,0.85625,Bei54,OreB,M
13,142,0.86015625,Bei54,OreB,M
14,263,0.865625,Bei54,OreB,M
15,205,0.9234375,Bei54,OreB,M
16,61,0.85859375,Bei54,OreB,M
17,161,0.8609375,Bei54,OreB,M
18,312,0.89140625,Bei54,OreB,M
19,328,0.9203125,Bei54,OreB,M
20,203,0.91171875,Bei54,OreB,M
21,399,0.9234375,Bei54,OreB,M
22,33,0.80703125,Bei54,OreB,M
23,376,0.83359375,Bei54,OreB,M
24,83,0.84140625,Bei54,OreB,M
25,335,0.86875,Bei54,OreB,M
26,29,0.89609375,Bei54,OreB,M
27,268,0.9234375,Bei54,OreB,M
28,399,0.7859375,Bei54,OreB,M
29,324,0.8890625,Bei54,OreB,M
30,327,0.80703125,Bei54,OreB,M
31,72,0.8109375,Bei54,OreB,M
32,164,0.90078125,Bei54,OreB,M
33,323,0.88203125,Bei54,OreB,M
34,293,0.6765625,Bei54,OreB,M
35,117,0.846875,Bei54,OreB,M
36,156,0.85234375,Bei54,OreB,M
37,144,0.9234375,Bei54,OreB,M
38,298,0.9953125,Bei54,OreB,M
39,294,0.85234375,Bei54,OreB,M
40,351,0.875,Bei54,OreB,M
41,374,0.9640625,Bei54,OreB,M
42,388,0.975,Bei54,OreB,M
43,306,0.82109375,Bei54,OreB,M
44,183,0.95859375,Bei54,OreB,M
45,152,0.8390625,Bei54,OreB,M
46,157,0.8390625,Bei54,OreB,M
47,35,0.853125,Bei54,OreB,M
48,354,0.890625,Bei54,OreB,M
49,130,0.97265625,Bei54,OreB,M
50,345,0.903125,Bei54,OreB,M
51,159,0.8953125,Bei54,OreB,M
52,300,0.94140625,Bei54,OreB,M
53,142,0.8625,Bei54,OreB,M
54,38,0.85703125,Bei54,OreB,M
55,39,0.91640625,Bei54,OreB,M
56,279,0.9546875,Bei54,OreB,M
57,126,0.81015625,Bei54,OreB,M
58,226,0.7640625,Bei54,OreB,M
59,170,0.86171875,Bei54,OreB,M
60,162,0.85703125,Bei54,OreB,M
61,36,0.94375,Bei54,OreB,M
62,24,0.9625,Bei54,OreB,M
63,81,0.84375,Bei54,OreB,M
64,369,0.93046875,Bei54,OreB,M
65,163,0.91015625,Bei54,OreB,M
66,26,0.85234375,Bei54,OreB,M
67,274,0.7140625,Bei54,OreB,M
68,70,0.95546875,Bei54,OreB,M
69,6,0.90859375,Bei54,OreB,M
70,169,0.75625,Bei54,OreB,M
71,389,0.9953125,Bei54,OreB,M
0,187,0.19609374999999996,ZW142,OreB,M
1,286,0.70234375,ZW142,OreB,M
2,6,0.08906250000000004,ZW142,OreB,M
3,87,0.12890625,ZW142,OreB,M
4,274,0.41093749999999996,ZW142,OreB,M
5,376,0.846875,ZW142,OreB,M
6,408,0.08828124999999998,ZW142,OreB,M
7,270,0.4125,ZW142,OreB,M
8,391,0.80546875,ZW142,OreB,M
9,366,0.80546875,ZW142,OreB,M
10,61,0.83203125,ZW142,OreB,M
11,73,0.77421875,ZW142,OreB,M
12,363,0.80390625,ZW142,OreB,M
13,207,0.89296875,ZW142,OreB,M
14,22,0.87421875,ZW142,OreB,M
15,140,0.84375,ZW142,OreB,M
16,12,0.7578125,ZW142,OreB,M
17,347,0.846875,ZW142,OreB,M
18,94,0.875,ZW142,OreB,M
19,126,0.7296875,ZW142,OreB,M
20,361,0.86171875,ZW142,OreB,M
21,337,0.91171875,ZW142,OreB,M
22,336,0.7796875,ZW142,OreB,M
23,383,0.86796875,ZW142,OreB,M
24,96,0.8734375,ZW142,OreB,M
25,387,0.8640625,ZW142,OreB,M
26,349,0.90625,ZW142,OreB,M
27,302,0.86171875,ZW142,OreB,M
28,342,0.86328125,ZW142,OreB,M
29,315,0.99609375,ZW142,OreB,M
30,18,0.865625,ZW142,OreB,M
31,182,0.79140625,ZW142,OreB,M
32,141,0.65078125,ZW142,OreB,M
33,44,0.83125,ZW142,OreB,M
34,142,0.87890625,ZW142,OreB,M
35,33,0.66015625,ZW142,OreB,M
36,187,0.75625,ZW142,OreB,M
37,318,0.77265625,ZW142,OreB,M
38,357,0.85625,ZW142,OreB,M
39,114,0.86171875,ZW142,OreB,M
40,142,0.86640625,ZW142,OreB,M
41,200,0.875,ZW142,OreB,M
42,201,0.778125,ZW142,OreB,M
43,328,0.84375,ZW142,OreB,M
44,414,0.8953125,ZW142,OreB,M
45,153,0.82421875,ZW142,OreB,M
46,240,0.8453125,ZW142,OreB,M
47,371,0.72109375,ZW142,OreB,M
48,136,0.8328125,ZW142,OreB,M
49,61,0.859375,ZW142,OreB,M
50,21,0.8171875,ZW142,OreB,M
51,298,0.88515625,ZW142,OreB,M
52,49,0.71484375,ZW142,OreB,M
53,286,0.7421875,ZW142,OreB,M
54,129,0.80078125,ZW142,OreB,M
55,28,0.865625,ZW142,OreB,M
56,337,0.721875,ZW142,OreB,M
57,203,0.83125,ZW142,OreB,M
58,77,0.78515625,ZW142,OreB,M
59,100,0.821875,ZW142,OreB,M
60,381,0.859375,ZW142,OreB,M
61,248,0.7953125,ZW142,OreB,M
62,110,0.86015625,ZW142,OreB,M
63,312,0.9171875,ZW142,OreB,M
64,83,0.74296875,ZW142,OreB,M
65,403,0.7703125,ZW142,OreB,M
66,279,0.77109375,ZW142,OreB,M
67,253,0.8078125,ZW142,OreB,M
68,363,0.8640625,ZW142,OreB,M
69,137,0.88828125,ZW142,OreB,M
70,25,0.8453125,ZW142,OreB,M
71,52,0.72265625,ZW142,OreB,M
72,162,0.809375,ZW142,OreB,M
73,375,0.90390625,ZW142,OreB,M
74,6,0.90859375,ZW142,OreB,M
0,398,0.40156250000000004,Bei59,375A,F
1,236,0.86015625,Bei59,375A,F
2,380,0.08828124999999998,Bei59,375A,F
3,380,0.94765625,Bei59,375A,F
4,340,0.8171875,Bei59,375A,F
5,382,0.94140625,Bei59,375A,F
6,242,0.68359375,Bei59,375A,F
7,368,0.75859375,Bei59,375A,F
8,414,0.80234375,Bei59,375A,F
9,359,0.8953125,Bei59,375A,F
10,368,0.85546875,Bei59,375A,F
11,259,0.88671875,Bei59,375A,F
12,407,0.884375,Bei59,375A,F
13,148,0.9375,Bei59,375A,F
14,381,0.80546875,Bei59,375A,F
15,303,0.8375,Bei59,375A,F
16,218,0.83359375,Bei59,375A,F
17,34,0.878125,Bei59,375A,F
18,59,0.99453125,Bei59,375A,F
19,196,0.81640625,Bei59,375A,F
20,392,0.8453125,Bei59,375A,F
21,388,0.903125,Bei59,375A,F
22,411,0.9171875,Bei59,375A,F
23,394,0.90078125,Bei59,375A,F
24,159,0.9078125,Bei59,375A,F
25,319,0.9046875,Bei59,375A,F
26,379,0.9171875,Bei59,375A,F
27,88,0.7921875,Bei59,375A,F
28,393,0.81796875,Bei59,375A,F
29,411,0.87890625,Bei59,375A,F
30,391,0.8328125,Bei59,375A,F
31,340,0.853125,Bei59,375A,F
32,233,0.86171875,Bei59,375A,F
33,348,0.9046875,Bei59,375A,F
34,125,0.8765625,Bei59,375A,F
35,189,0.88515625,Bei59,375A,F
36,43,0.921875,Bei59,375A,F
37,385,0.94453125,Bei59,375A,F
38,79,0.94921875,Bei59,375A,F
39,135,0.775,Bei59,375A,F
40,231,0.87890625,Bei59,375A,F
41,179,0.8859375,Bei59,375A,F
42,40,0.88671875,Bei59,375A,F
43,72,0.81796875,Bei59,375A,F
44,95,0.834375,Bei59,375A,F
45,345,0.9109375,Bei59,375A,F
46,238,0.93671875,Bei59,375A,F
47,117,0.90390625,Bei59,375A,F
48,260,0.80078125,Bei59,375A,F
49,221,0.96875,Bei59,375A,F
50,340,0.8625,Bei59,375A,F
51,140,0.934375,Bei59,375A,F
52,196,0.91796875,Bei59,375A,F
53,61,0.94921875,Bei59,375A,F
54,80,0.86640625,Bei59,375A,F
55,170,0.93046875,Bei59,375A,F
56,41,0.8890625,Bei59,375A,F
57,39,0.93046875,Bei59,375A,F
58,233,0.90625,Bei59,375A,F
59,153,0.77265625,Bei59,375A,F
60,187,0.78984375,Bei59,375A,F
61,311,0.99453125,Bei59,375A,F
62,79,0.9015625,Bei59,375A,F
63,280,0.9359375,Bei59,375A,F
64,167,0.953125,Bei59,375A,F
65,53,1.0,Bei59,375A,F
0,5,0.09609374999999998,siI,OreB,M
1,18,0.30859375,siI,OreB,M
2,18,0.30000000000000004,siI,OreB,M
3,15,0.5046875,siI,OreB,M
4,8,0.49140625000000004,siI,OreB,M
5,17,0.72734375,siI,OreB,M
6,13,0.93046875,siI,OreB,M
7,8,0.94375,siI,OreB,M
8,0,0.25468749999999996,siI,OreB,M
9,26,0.10624999999999996,siI,OreB,M
10,6,0.43984375,siI,OreB,M
11,406,0.09531250000000002,siI,OreB,M
12,2,0.20859375000000002,siI,OreB,M
13,283,0.81171875,siI,OreB,M
14,186,0.81640625,siI,OreB,M
15,274,0.8765625,siI,OreB,M
16,83,0.82578125,siI,OreB,M
17,369,0.8359375,siI,OreB,M
18,186,0.846875,siI,OreB,M
19,208,0.8984375,siI,OreB,M
20,307,0.8875,siI,OreB,M
21,206,0.8890625,siI,OreB,M
22,114,0.81484375,siI,OreB,M
23,2,0.6265625,siI,OreB,M
24,113,0.84140625,siI,OreB,M
25,349,0.8328125,siI,OreB,M
26,2,0.31640625,siI,OreB,M
27,134,0.9515625,siI,OreB,M
28,369,0.90078125,siI,OreB,M
29,366,0.9140625,siI,OreB,M
30,137,0.8125,siI,OreB,M
31,296,0.55703125,siI,OreB,M
32,244,0.64765625,siI,OreB,M
33,330,0.8296875,siI,OreB,M
34,259,0.953125,siI,OreB,M
35,80,0.65,siI,OreB,M
36,323,0.71328125,siI,OreB,M
37,223,0.759375,siI,OreB,M
38,411,0.88828125,siI,OreB,M
39,281,0.88046875,siI,OreB,M
40,341,0.68828125,siI,OreB,M
41,142,0.77890625,siI,OreB,M
42,104,0.8,siI,OreB,M
43,115,0.8796875,siI,OreB,M
44,410,0.8921875,siI,OreB,M
45,332,0.9046875,siI,OreB,M
46,43,0.93046875,siI,OreB,M
47,2,0.48124999999999996,siI,OreB,M
48,93,0.8046875,siI,OreB,M
49,70,0.834375,siI,OreB,M
50,240,0.83671875,siI,OreB,M
51,111,0.85859375,siI,OreB,M
52,410,0.903125,siI,OreB,M
53,343,0.8046875,siI,OreB,M
54,338,0.9296875,siI,OreB,M
55,408,0.959375,siI,OreB,M
56,154,0.6265625,siI,OreB,M
57,355,0.83359375,siI,OreB,M
58,318,0.75078125,siI,OreB,M
59,2,0.81875,siI,OreB,M
60,213,0.85703125,siI,OreB,M
61,273,0.89296875,siI,OreB,M
62,351,0.70859375,siI,OreB,M
63,208,0.88359375,siI,OreB,M
64,144,0.71953125,siI,OreB,M
65,253,0.86484375,siI,OreB,M
66,227,0.8765625,siI,OreB,M
67,323,0.72265625,siI,OreB,M
68,137,0.89296875,siI,OreB,M
69,158,0.89765625,siI,OreB,M
70,57,0.7234375,siI,OreB,M
71,107,0.74609375,siI,OreB,M
72,117,0.83046875,siI,OreB,M
73,167,0.88984375,siI,OreB,M
74,179,0.834375,siI,OreB,M
75,213,0.74296875,siI,OreB,M
76,328,0.81640625,siI,OreB,M
77,368,0.9828125,siI,OreB,M
78,4,0.715625,siI,OreB,M
79,173,0.8078125,siI,OreB,M
80,201,0.8453125,siI,OreB,M
81,236,0.82890625,siI,OreB,M
82,345,1.0,siI,OreB,M
83,52,0.90703125,siI,OreB,M
0,299,0.14687499999999998,yak,OreA,M
1,350,0.19921875,yak,OreA,M
2,398,0.12031250000000004,yak,OreA,M
3,272,0.60234375,yak,OreA,M
4,141,0.8890625,yak,OreA,M
5,0,0.140625,yak,OreA,M
6,351,0.853125,yak,OreA,M
7,407,0.88359375,yak,OreA,M
8,262,0.61640625,yak,OreA,M
9,228,0.59765625,yak,OreA,M
10,162,0.93125,yak,OreA,M
11,395,0.98984375,yak,OreA,M
12,411,0.915625,yak,OreA,M
13,280,0.57265625,yak,OreA,M
14,343,0.81171875,yak,OreA,M
15,183,0.8265625,yak,OreA,M
16,393,0.86796875,yak,OreA,M
17,367,0.90078125,yak,OreA,M
18,370,0.9578125,yak,OreA,M
19,77,0.87421875,yak,OreA,M
20,401,0.6125,yak,OreA,M
21,348,0.85703125,yak,OreA,M
22,190,0.925,yak,OreA,M
23,398,0.95625,yak,OreA,M
24,404,0.65078125,yak,OreA,M
25,390,0.84296875,yak,OreA,M
26,388,0.959375,yak,OreA,M
27,396,0.87421875,yak,OreA,M
28,340,0.84375,yak,OreA,M
29,334,0.8515625,yak,OreA,M
30,396,0.86640625,yak,OreA,M
31,237,0.88515625,yak,OreA,M
32,307,0.9171875,yak,OreA,M
33,224,0.73515625,yak,OreA,M
34,311,0.87109375,yak,OreA,M
35,27,0.89375,yak,OreA,M
36,23,0.93984375,yak,OreA,M
37,385,0.953125,yak,OreA,M
38,120,0.828125,yak,OreA,M
39,405,0.83515625,yak,OreA,M
40,133,0.94609375,yak,OreA,M
41,165,0.70390625,yak,OreA,M
42,350,0.81640625,yak,OreA,M
43,371,0.8703125,yak,OreA,M
44,234,0.73828125,yak,OreA,M
45,163,0.89921875,yak,OreA,M
46,383,0.9359375,yak,OreA,M
47,407,0.85703125,yak,OreA,M
48,368,0.9078125,yak,OreA,M
49,271,0.78828125,yak,OreA,M
50,399,0.87109375,yak,OreA,M
51,48,0.92734375,yak,OreA,M
52,198,0.79609375,yak,OreA,M
53,371,0.93515625,yak,OreA,M
54,34,0.87109375,yak,OreA,M
55,26,0.91953125,yak,OreA,M
56,109,0.8875,yak,OreA,M
0,237,0.22734374999999996,OreR,OreR,M
1,370,0.628125,OreR,OreR,M
2,324,0.709375,OreR,OreR,M
3,409,0.09687500000000004,OreR,OreR,M
4,70,0.75625,OreR,OreR,M
5,324,0.78828125,OreR,OreR,M
6,415,0.98359375,OreR,OreR,M
7,366,0.8890625,OreR,OreR,M
8,372,0.646875,OreR,OreR,M
9,173,0.7890625,OreR,OreR,M
10,376,0.884375,OreR,OreR,M
11,361,0.76015625,OreR,OreR,M
12,300,0.9625,OreR,OreR,M
13,309,0.96796875,OreR,OreR,M
14,141,0.81796875,OreR,OreR,M
15,22,0.8328125,OreR,OreR,M
16,29,0.90390625,OreR,OreR,M
17,220,0.49609375,OreR,OreR,M
18,104,0.85,OreR,OreR,M
19,268,0.89609375,OreR,OreR,M
20,181,0.703125,OreR,OreR,M
21,376,0.7375,OreR,OreR,M
22,308,0.853125,OreR,OreR,M
23,320,0.90703125,OreR,OreR,M
24,106,0.8734375,OreR,OreR,M
25,99,0.78828125,OreR,OreR,M
26,153,0.740625,OreR,OreR,M
27,345,0.84921875,OreR,OreR,M
28,373,0.93125,OreR,OreR,M
29,235,0.77734375,OreR,OreR,M
30,269,0.91640625,OreR,OreR,M
31,285,0.80625,OreR,OreR,M
32,173,0.8328125,OreR,OreR,M
33,372,0.8890625,OreR,OreR,M
34,210,0.9203125,OreR,OreR,M
35,296,0.8890625,OreR,OreR,M
36,323,0.89921875,OreR,OreR,M
37,293,0.95859375,OreR,OreR,M
38,209,0.8671875,OreR,OreR,M
39,328,0.8265625,OreR,OreR,M
40,401,0.88359375,OreR,OreR,M
41,333,0.82734375,OreR,OreR,M
42,258,0.92265625,OreR,OreR,M
43,239,0.94453125,OreR,OreR,M
44,237,0.93359375,OreR,OreR,M
45,334,0.9390625,OreR,OreR,M
46,303,0.81640625,OreR,OreR,M
47,151,0.8734375,OreR,OreR,M
48,355,0.94375,OreR,OreR,M
49,201,0.76328125,OreR,OreR,M
50,298,0.875,OreR,OreR,M
51,88,0.96328125,OreR,OreR,M
52,380,0.8671875,OreR,OreR,M
53,320,0.94375,OreR,OreR,M
54,212,0.815625,OreR,OreR,M
55,294,0.89765625,OreR,OreR,M
56,293,0.990625,OreR,OreR,M
57,105,0.92734375,OreR,OreR,M
58,298,0.95546875,OreR,OreR,M
59,256,0.9171875,OreR,OreR,M
60,351,0.8953125,OreR,OreR,M
61,38,0.89765625,OreR,OreR,M
62,331,0.93046875,OreR,OreR,M
63,377,0.95390625,OreR,OreR,M
64,389,0.9796875,OreR,OreR,M
65,410,0.88203125,OreR,OreR,M
66,306,0.915625,OreR,OreR,M
67,159,0.84765625,OreR,OreR,M
68,294,0.965625,OreR,OreR,M
69,215,0.971875,OreR,OreR,M
70,15,0.98359375,OreR,OreR,M
71,58,0.9328125,OreR,OreR,M
0,267,0.20546874999999998,ZW142,375B,F
1,145,0.37109375,ZW142,375B,F
2,363,0.8890625,ZW142,375B,F
3,283,0.86875,ZW142,375B,F
4,274,0.7796875,ZW142,375B,F
5,127,0.86328125,ZW142,375B,F
6,97,0.63125,ZW142,375B,F
7,306,0.821875,ZW142,375B,F
8,329,0.81640625,ZW142,375B,F
9,378,0.88671875,ZW142,375B,F
10,262,0.7921875,ZW142,375B,F
11,377,0.82578125,ZW142,375B,F
12,363,0.8921875,ZW142,375B,F
13,281,0.834375,ZW142,375B,F
14,349,0.10546875,ZW142,375B,F
15,223,0.71171875,ZW142,375B,F
16,32,0.884375,ZW142,375B,F
17,334,0.90703125,ZW142,375B,F
18,165,0.67734375,ZW142,375B,F
19,242,0.91328125,ZW142,375B,F
20,33,0.99921875,ZW142,375B,F
21,295,0.91484375,ZW142,375B,F
22,118,0.79453125,ZW142,375B,F
23,383,0.8375,ZW142,375B,F
24,155,0.94921875,ZW142,375B,F
25,392,0.8765625,ZW142,375B,F
26,293,0.878125,ZW142,375B,F
27,94,0.96328125,ZW142,375B,F
28,198,0.81328125,ZW142,375B,F
29,152,0.88203125,ZW142,375B,F
30,118,0.6140625,ZW142,375B,F
31,66,0.815625,ZW142,375B,F
32,99,0.90625,ZW142,375B,F
33,319,0.57265625,ZW142,375B,F
34,155,0.8828125,ZW142,375B,F
35,124,0.9765625,ZW142,375B,F
36,137,0.88515625,ZW142,375B,F
37,222,0.940625,ZW142,375B,F
38,288,0.87578125,ZW142,375B,F
39,41,0.259375,ZW142,375B,F
40,163,0.85546875,ZW142,375B,F
41,150,0.85546875,ZW142,375B,F
42,161,0.96796875,ZW142,375B,F
43,175,0.93671875,ZW142,375B,F
44,181,0.85078125,ZW142,375B,F
45,109,0.93828125,ZW142,375B,F
46,194,0.89375,ZW142,375B,F
47,78,0.9078125,ZW142,375B,F
48,189,0.9640625,ZW142,375B,F
49,40,0.8359375,ZW142,375B,F
50,126,0.8546875,ZW142,375B,F
51,53,0.9078125,ZW142,375B,F
52,132,0.95234375,ZW142,375B,F
53,39,0.91640625,ZW142,375B,F
54,291,1.0,ZW142,375B,F
55,250,0.9,ZW142,375B,F
56,81,0.96796875,ZW142,375B,F
57,219,0.94375,ZW142,375B,F
58,407,0.88203125,ZW142,375B,F
59,104,0.97421875,ZW142,375B,F
60,42,0.96953125,ZW142,375B,F
61,264,1.0,ZW142,375B,F
62,222,0.853125,ZW142,375B,F
63,240,0.934375,ZW142,375B,F
64,214,1.0,ZW142,375B,F
65,194,1.0,ZW142,375B,F
66,25,0.990625,ZW142,375B,F
67,198,0.95859375,ZW142,375B,F
68,221,1.0,ZW142,375B,F
69,319,0.99296875,ZW142,375B,F
70,106,0.653125,ZW142,375B,F
0,65,0.21171874999999996,Bei54,375B,F
1,359,0.84453125,Bei54,375B,F
2,282,0.93671875,Bei54,375B,F
3,393,0.88515625,Bei54,375B,F
4,162,0.8515625,Bei54,375B,F
5,385,0.84296875,Bei54,375B,F
6,379,0.91484375,Bei54,375B,F
7,373,0.86796875,Bei54,375B,F
8,397,0.69609375,Bei54,375B,F
9,382,0.84375,Bei54,375B,F
10,391,0.9328125,Bei54,375B,F
11,371,0.08984375,Bei54,375B,F
12,186,0.7203125,Bei54,375B,F
13,237,0.71171875,Bei54,375B,F
14,24,0.9203125,Bei54,375B,F
15,207,0.72109375,Bei54,375B,F
16,389,0.96484375,Bei54,375B,F
17,34,0.71875,Bei54,375B,F
18,22,0.909375,Bei54,375B,F
19,269,0.73125,Bei54,375B,F
20,358,0.8671875,Bei54,375B,F
21,390,0.88359375,Bei54,375B,F
22,318,0.8921875,Bei54,375B,F
23,403,0.92109375,Bei54,375B,F
24,345,0.6984375,Bei54,375B,F
25,139,0.80234375,Bei54,375B,F
26,274,0.96171875,Bei54,375B,F
27,100,0.75859375,Bei54,375B,F
28,32,0.85546875,Bei54,375B,F
29,127,0.73671875,Bei54,375B,F
30,22,0.7984375,Bei54,375B,F
31,327,0.84296875,Bei54,375B,F
32,415,0.8734375,Bei54,375B,F
33,288,0.94765625,Bei54,375B,F
34,41,0.85625,Bei54,375B,F
35,60,0.915625,Bei54,375B,F
36,52,0.97109375,Bei54,375B,F
37,299,0.7984375,Bei54,375B,F
38,344,0.840625,Bei54,375B,F
39,63,0.65234375,Bei54,375B,F
40,83,0.8078125,Bei54,375B,F
41,34,0.98984375,Bei54,375B,F
42,92,0.83203125,Bei54,375B,F
43,378,0.9046875,Bei54,375B,F
44,94,0.6703125,Bei54,375B,F
45,305,0.87265625,Bei54,375B,F
46,255,0.88203125,Bei54,375B,F
47,64,0.7671875,Bei54,375B,F
48,335,0.9703125,Bei54,375B,F
49,216,0.86171875,Bei54,375B,F
50,30,0.86875,Bei54,375B,F
51,25,0.39296875,Bei54,375B,F
52,144,0.7953125,Bei54,375B,F
53,401,0.89140625,Bei54,375B,F
54,96,0.8609375,Bei54,375B,F
55,387,0.77734375,Bei54,375B,F
56,362,0.8140625,Bei54,375B,F
57,173,0.86875,Bei54,375B,F
58,199,0.8953125,Bei54,375B,F
59,107,0.84609375,Bei54,375B,F
60,107,0.98984375,Bei54,375B,F
61,141,0.93671875,Bei54,375B,F
62,323,0.9953125,Bei54,375B,F
63,37,1.0,Bei54,375B,F
64,79,0.846875,Bei54,375B,F
65,49,0.92421875,Bei54,375B,F
66,22,0.846875,Bei54,375B,F
67,29,0.99296875,Bei54,375B,F
68,30,0.91328125,Bei54,375B,F
69,388,0.86796875,Bei54,375B,F
70,268,0.9265625,Bei54,375B,F
71,285,0.83203125,Bei54,375B,F
72,23,0.8640625,Bei54,375B,F
73,73,0.98515625,Bei54,375B,F
74,232,0.94375,Bei54,375B,F
0,171,0.91953125,ZW144,375B,M
1,228,0.95,ZW144,375B,M
2,302,0.67890625,ZW144,375B,M
3,276,0.903125,ZW144,375B,M
4,411,0.09140625000000002,ZW144,375B,M
5,407,0.803125,ZW144,375B,M
6,265,0.9265625,ZW144,375B,M
7,414,0.99296875,ZW144,375B,M
8,107,0.93515625,ZW144,375B,M
9,173,0.8984375,ZW144,375B,M
10,195,0.92109375,ZW144,375B,M
11,61,0.99296875,ZW144,375B,M
12,313,0.9203125,ZW144,375B,M
13,406,0.9171875,ZW144,375B,M
14,413,0.978125,ZW144,375B,M
15,230,0.8890625,ZW144,375B,M
16,245,1.0,ZW144,375B,M
17,309,0.81328125,ZW144,375B,M
18,244,0.9015625,ZW144,375B,M
19,320,0.978125,ZW144,375B,M
20,167,0.93828125,ZW144,375B,M
21,278,0.90625,ZW144,375B,M
22,38,0.809375,ZW144,375B,M
23,85,0.93515625,ZW144,375B,M
24,269,0.984375,ZW144,375B,M
25,21,0.9125,ZW144,375B,M
26,135,0.90234375,ZW144,375B,M
27,364,0.8453125,ZW144,375B,M
28,172,0.97109375,ZW144,375B,M
29,233,0.878125,ZW144,375B,M
30,405,0.8984375,ZW144,375B,M
31,371,0.996875,ZW144,375B,M
32,164,0.8734375,ZW144,375B,M
33,400,0.828125,ZW144,375B,M
34,126,0.8734375,ZW144,375B,M
35,32,0.90859375,ZW144,375B,M
36,63,0.921875,ZW144,375B,M
37,408,0.92109375,ZW144,375B,M
38,148,0.9421875,ZW144,375B,M
39,320,0.99453125,ZW144,375B,M
40,279,0.89921875,ZW144,375B,M
41,108,0.9015625,ZW144,375B,M
42,17,0.87109375,ZW144,375B,M
43,335,0.61640625,ZW144,375B,M
44,368,0.91484375,ZW144,375B,M
45,305,0.89921875,ZW144,375B,M
46,17,0.94765625,ZW144,375B,M
47,222,0.89921875,ZW144,375B,M
48,315,0.93984375,ZW144,375B,M
49,100,0.98203125,ZW144,375B,M
50,171,0.9015625,ZW144,375B,M
51,277,0.8828125,ZW144,375B,M
52,394,0.8515625,ZW144,375B,M
53,25,0.99375,ZW144,375B,M
54,278,0.94296875,ZW144,375B,M
0,302,0.16718750000000004,yak,375A,F
1,415,0.771875,yak,375A,F
2,92,0.9453125,yak,375A,F
3,48,0.83671875,yak,375A,F
4,412,0.8484375,yak,375A,F
5,98,0.959375,yak,375A,F
6,326,0.78046875,yak,375A,F
7,366,0.88828125,yak,375A,F
8,218,0.834375,yak,375A,F
9,378,0.8578125,yak,375A,F
10,46,0.12812500000000004,yak,375A,F
11,181,0.8703125,yak,375A,F
12,235,0.90625,yak,375A,F
13,137,0.9234375,yak,375A,F
14,272,0.74609375,yak,375A,F
15,129,0.865625,yak,375A,F
16,143,0.8953125,yak,375A,F
17,120,0.8671875,yak,375A,F
18,134,0.93125,yak,375A,F
19,54,0.87578125,yak,375A,F
20,70,0.89453125,yak,375A,F
21,112,0.9140625,yak,375A,F
22,130,0.8625,yak,375A,F
23,306,0.87421875,yak,375A,F
24,405,0.92578125,yak,375A,F
25,68,0.92890625,yak,375A,F
26,246,0.8390625,yak,375A,F
27,297,0.8984375,yak,375A,F
28,111,0.93671875,yak,375A,F
29,77,0.86640625,yak,375A,F
30,197,0.87421875,yak,375A,F
31,98,0.9125,yak,375A,F
32,389,0.9203125,yak,375A,F
33,215,0.8015625,yak,375A,F
34,110,0.91015625,yak,375A,F
35,161,0.83828125,yak,375A,F
36,232,0.90859375,yak,375A,F
37,122,0.91953125,yak,375A,F
38,42,0.93125,yak,375A,F
39,105,0.903125,yak,375A,F
40,145,0.925,yak,375A,F
41,115,0.87109375,yak,375A,F
42,263,0.88359375,yak,375A,F
43,300,0.89921875,yak,375A,F
44,325,0.9140625,yak,375A,F
45,246,0.94140625,yak,375A,F
46,183,0.89921875,yak,375A,F
47,270,0.98828125,yak,375A,F
48,389,0.89765625,yak,375A,F
49,203,0.91875,yak,375A,F
50,44,0.83671875,yak,375A,F
51,106,0.9328125,yak,375A,F
52,192,0.946875,yak,375A,F
53,102,0.9296875,yak,375A,F
54,34,0.809375,yak,375A,F
55,269,0.89140625,yak,375A,F
56,260,0.8859375,yak,375A,F
57,172,0.93984375,yak,375A,F
58,324,0.99453125,yak,375A,F
59,395,0.734375,yak,375A,F
60,68,0.92109375,yak,375A,F
61,57,0.8546875,yak,375A,F
62,116,0.77421875,yak,375A,F
63,241,0.7125,yak,375A,F
64,29,0.99296875,yak,375A,F
65,319,0.996875,yak,375A,F
0,0,0.50390625,siI,375B,F
1,0,0.72265625,siI,375B,F
2,0,0.7296875,siI,375B,F
3,314,0.59375,siI,375B,F
4,110,0.86171875,siI,375B,F
5,255,0.88515625,siI,375B,F
6,378,0.83125,siI,375B,F
7,361,0.69140625,siI,375B,F
8,367,0.88984375,siI,375B,F
9,388,0.9703125,siI,375B,F
10,51,0.85,siI,375B,F
11,280,0.8890625,siI,375B,F
12,273,0.96171875,siI,375B,F
13,103,0.99921875,siI,375B,F
14,272,0.909375,siI,375B,F
15,97,0.94921875,siI,375B,F
16,0,0.48906249999999996,siI,375B,F
17,252,0.88828125,siI,375B,F
18,217,0.90390625,siI,375B,F
19,299,0.946875,siI,375B,F
20,296,0.75859375,siI,375B,F
21,176,0.7609375,siI,375B,F
22,83,0.8359375,siI,375B,F
23,29,0.87890625,siI,375B,F
24,383,0.8890625,siI,375B,F
25,397,0.92890625,siI,375B,F
26,385,0.7609375,siI,375B,F
27,370,0.89453125,siI,375B,F
28,33,0.83984375,siI,375B,F
29,24,0.853125,siI,375B,F
30,390,0.8765625,siI,375B,F
31,300,0.09140625000000002,siI,375B,F
32,346,0.87578125,siI,375B,F
33,250,0.94375,siI,375B,F
34,166,0.94921875,siI,375B,F
35,227,0.790625,siI,375B,F
36,380,0.71015625,siI,375B,F
37,164,0.846875,siI,375B,F
38,307,0.8796875,siI,375B,F
39,393,0.79140625,siI,375B,F
40,199,0.84765625,siI,375B,F
41,234,0.87734375,siI,375B,F
42,319,0.8796875,siI,375B,F
43,332,0.89765625,siI,375B,F
44,48,0.9171875,siI,375B,F
45,162,0.8578125,siI,375B,F
46,146,0.9171875,siI,375B,F
47,145,0.9765625,siI,375B,F
48,68,0.84921875,siI,375B,F
49,226,0.8515625,siI,375B,F
50,173,0.93828125,siI,375B,F
51,262,0.9,siI,375B,F
52,4,0.22578125000000004,siI,375B,F
53,0,0.29609375000000004,siI,375B,F
54,306,0.709375,siI,375B,F
55,363,0.89921875,siI,375B,F
56,351,0.9671875,siI,375B,F
57,0,0.2875,siI,375B,F
58,309,0.86640625,siI,375B,F
59,398,0.90859375,siI,375B,F
60,384,0.90078125,siI,375B,F
61,233,0.7375,siI,375B,F
62,32,0.8578125,siI,375B,F
63,412,0.859375,siI,375B,F
64,341,0.915625,siI,375B,F
65,175,0.9359375,siI,375B,F
66,411,0.87734375,siI,375B,F
67,375,0.9375,siI,375B,F
68,126,0.9484375,siI,375B,F
69,196,0.96640625,siI,375B,F
70,151,0.81484375,siI,375B,F
71,132,0.84765625,siI,375B,F
72,134,0.89921875,siI,375B,F
73,36,0.98984375,siI,375B,F
74,337,0.91484375,siI,375B,F
75,327,0.9953125,siI,375B,F
76,57,0.8546875,siI,375B,F
77,50,0.96484375,siI,375B,F
78,33,0.91484375,siI,375B,F
79,0,0.9390625,siI,375B,F
0,57,0.25703125000000004,Bei59,OreA,M
1,398,0.953125,Bei59,OreA,M
2,387,0.73515625,Bei59,OreA,M
3,199,0.08906250000000004,Bei59,OreA,M
4,384,0.95390625,Bei59,OreA,M
5,17,0.8390625,Bei59,OreA,M
6,243,0.878125,Bei59,OreA,M
7,273,0.8890625,Bei59,OreA,M
8,30,0.88671875,Bei59,OreA,M
9,388,0.90078125,Bei59,OreA,M
10,115,0.8890625,Bei59,OreA,M
11,291,0.965625,Bei59,OreA,M
12,286,0.91484375,Bei59,OreA,M
13,39,0.9203125,Bei59,OreA,M
14,217,0.9265625,Bei59,OreA,M
15,216,0.93359375,Bei59,OreA,M
16,282,0.971875,Bei59,OreA,M
17,145,0.85234375,Bei59,OreA,M
18,193,0.88828125,Bei59,OreA,M
19,60,0.90859375,Bei59,OreA,M
20,187,0.88984375,Bei59,OreA,M
21,82,0.959375,Bei59,OreA,M
22,4,0.7828125,Bei59,OreA,M
23,11,0.809375,Bei59,OreA,M
24,284,0.83828125,Bei59,OreA,M
25,18,0.90703125,Bei59,OreA,M
26,297,0.9171875,Bei59,OreA,M
27,164,0.85703125,Bei59,OreA,M
28,259,0.8703125,Bei59,OreA,M
29,175,0.87734375,Bei59,OreA,M
30,351,0.896875,Bei59,OreA,M
31,252,0.91015625,Bei59,OreA,M
32,34,0.92890625,Bei59,OreA,M
33,304,0.9328125,Bei59,OreA,M
34,27,0.88046875,Bei59,OreA,M
35,5,0.9203125,Bei59,OreA,M
36,386,0.97734375,Bei59,OreA,M
37,285,0.8015625,Bei59,OreA,M
38,28,0.8484375,Bei59,OreA,M
39,141,0.878125,Bei59,OreA,M
40,384,0.9203125,Bei59,OreA,M
41,278,0.73828125,Bei59,OreA,M
42,335,0.87265625,Bei59,OreA,M
43,94,0.93515625,Bei59,OreA,M
44,46,0.621875,Bei59,OreA,M
45,51,0.90703125,Bei59,OreA,M
46,49,0.8,Bei59,OreA,M
47,192,0.89453125,Bei59,OreA,M
48,12,0.83046875,Bei59,OreA,M
49,92,0.8640625,Bei59,OreA,M
50,361,0.88359375,Bei59,OreA,M
51,211,0.903125,Bei59,OreA,M
52,28,0.79609375,Bei59,OreA,M
53,374,0.93515625,Bei59,OreA,M
54,331,0.98359375,Bei59,OreA,M
55,96,0.803125,Bei59,OreA,M
56,100,0.78984375,Bei59,OreA,M
57,62,0.86484375,Bei59,OreA,M
58,114,0.8609375,Bei59,OreA,M
59,384,0.88515625,Bei59,OreA,M
60,369,0.81484375,Bei59,OreA,M
61,306,0.90078125,Bei59,OreA,M
0,275,1.0,Bei59,375B,F
1,227,0.9421875,Bei59,375B,F
2,270,0.9546875,Bei59,375B,F
3,386,0.6875,Bei59,375B,F
4,292,0.878125,Bei59,375B,F
5,284,0.83125,Bei59,375B,F
6,375,0.865625,Bei59,375B,F
7,250,0.88203125,Bei59,375B,F
8,348,0.959375,Bei59,375B,F
9,216,0.97109375,Bei59,375B,F
10,100,0.83359375,Bei59,375B,F
11,296,0.9375,Bei59,375B,F
12,287,0.88671875,Bei59,375B,F
13,296,0.96015625,Bei59,375B,F
14,273,0.853125,Bei59,375B,F
15,228,0.9015625,Bei59,375B,F
16,240,0.99375,Bei59,375B,F
17,312,0.971875,Bei59,375B,F
18,232,0.84921875,Bei59,375B,F
19,367,0.89140625,Bei59,375B,F
20,402,0.10390624999999998,Bei59,375B,F
21,345,0.865625,Bei59,375B,F
22,25,0.26796875,Bei59,375B,F
23,19,0.89765625,Bei59,375B,F
24,62,0.85390625,Bei59,375B,F
25,261,0.8390625,Bei59,375B,F
26,231,0.84453125,Bei59,375B,F
27,153,0.946875,Bei59,375B,F
28,75,0.7078125,Bei59,375B,F
29,11,0.73984375,Bei59,375B,F
30,258,0.840625,Bei59,375B,F
31,389,0.8640625,Bei59,375B,F
32,25,0.8734375,Bei59,375B,F
33,378,0.8828125,Bei59,375B,F
34,209,0.92890625,Bei59,375B,F
35,299,0.7953125,Bei59,375B,F
36,51,0.915625,Bei59,375B,F
37,349,0.93984375,Bei59,375B,F
38,12,0.84921875,Bei59,375B,F
39,287,0.98671875,Bei59,375B,F
40,231,0.93828125,Bei59,375B,F
41,318,0.94765625,Bei59,375B,F
42,36,0.78828125,Bei59,375B,F
43,363,0.88828125,Bei59,375B,F
44,178,0.9390625,Bei59,375B,F
45,253,0.95234375,Bei59,375B,F
46,15,0.30000000000000004,Bei59,375B,F
47,69,0.83046875,Bei59,375B,F
48,289,0.84375,Bei59,375B,F
49,348,0.8984375,Bei59,375B,F
50,277,0.8375,Bei59,375B,F
51,284,0.8921875,Bei59,375B,F
52,282,0.97109375,Bei59,375B,F
53,310,0.859375,Bei59,375B,F
54,144,0.9609375,Bei59,375B,F
55,256,0.90703125,Bei59,375B,F
56,283,0.903125,Bei59,375B,F
57,249,0.92109375,Bei59,375B,F
58,248,0.9640625,Bei59,375B,F
59,312,0.81484375,Bei59,375B,F
60,166,0.91484375,Bei59,375B,F
61,230,0.959375,Bei59,375B,F
62,197,0.9765625,Bei59,375B,F
63,33,0.8578125,Bei59,375B,F
64,309,0.99453125,Bei59,375B,F
65,207,0.88203125,Bei59,375B,F
66,262,0.88203125,Bei59,375B,F
67,233,0.86484375,Bei59,375B,F
68,221,0.91484375,Bei59,375B,F
69,323,0.8890625,Bei59,375B,F
70,220,0.8921875,Bei59,375B,F
71,349,0.8328125,Bei59,375B,F
72,256,1.0,Bei59,375B,F
73,6,0.88984375,Bei59,375B,F
74,120,0.86015625,Bei59,375B,F
75,59,0.98671875,Bei59,375B,F
76,218,0.94375,Bei59,375B,F
0,76,0.14453125,siI,OreA,M
1,189,0.16640624999999998,siI,OreA,M
2,138,0.47187500000000004,siI,OreA,M
3,94,0.22968750000000004,siI,OreA,M
4,232,0.46484375,siI,OreA,M
5,238,0.76015625,siI,OreA,M
6,5,0.08750000000000002,siI,OreA,M
7,395,0.76484375,siI,OreA,M
8,12,0.771875,siI,OreA,M
9,117,0.7859375,siI,OreA,M
10,91,0.16874999999999996,siI,OreA,M
11,410,0.09218749999999998,siI,OreA,M
12,345,0.30703125,siI,OreA,M
13,76,0.52265625,siI,OreA,M
14,299,0.6953125,siI,OreA,M
15,158,0.72421875,siI,OreA,M
16,192,0.85625,siI,OreA,M
17,376,0.85859375,siI,OreA,M
18,400,0.78828125,siI,OreA,M
19,268,0.73046875,siI,OreA,M
20,33,0.84296875,siI,OreA,M
21,82,0.7609375,siI,OreA,M
22,287,0.871875,siI,OreA,M
23,10,0.915625,siI,OreA,M
24,140,0.64765625,siI,OreA,M
25,10,0.81328125,siI,OreA,M
26,407,0.86015625,siI,OreA,M
27,132,0.90234375,siI,OreA,M
28,184,0.87578125,siI,OreA,M
29,83,0.92265625,siI,OreA,M
30,36,0.81875,siI,OreA,M
31,91,0.828125,siI,OreA,M
32,24,0.8109375,siI,OreA,M
33,215,0.75234375,siI,OreA,M
34,97,0.7890625,siI,OreA,M
35,358,0.90390625,siI,OreA,M
36,378,0.971875,siI,OreA,M
37,210,0.696875,siI,OreA,M
38,292,0.91875,siI,OreA,M
39,128,0.80546875,siI,OreA,M
40,331,0.8125,siI,OreA,M
41,285,0.87421875,siI,OreA,M
42,90,0.90078125,siI,OreA,M
43,215,0.9640625,siI,OreA,M
44,254,0.8859375,siI,OreA,M
45,139,0.89140625,siI,OreA,M
46,49,0.8203125,siI,OreA,M
47,239,0.8390625,siI,OreA,M
48,215,0.7375,siI,OreA,M
49,119,0.89375,siI,OreA,M
0,368,0.72109375,yak,OreB,M
1,338,0.89765625,yak,OreB,M
2,415,0.8984375,yak,OreB,M
3,273,0.87890625,yak,OreB,M
4,408,0.09453124999999996,yak,OreB,M
5,340,0.87734375,yak,OreB,M
6,250,0.88984375,yak,OreB,M
7,136,0.81875,yak,OreB,M
8,189,0.8296875,yak,OreB,M
9,399,0.89140625,yak,OreB,M
10,362,0.72109375,yak,OreB,M
11,392,0.859375,yak,OreB,M
12,368,0.95859375,yak,OreB,M
13,397,0.740625,yak,OreB,M
14,296,0.89609375,yak,OreB,M
15,244,0.91875,yak,OreB,M
16,322,0.92265625,yak,OreB,M
17,123,0.9390625,yak,OreB,M
18,303,0.86171875,yak,OreB,M
19,384,0.8828125,yak,OreB,M
20,81,0.884375,yak,OreB,M
21,28,0.89765625,yak,OreB,M
22,236,0.90546875,yak,OreB,M
23,84,0.79609375,yak,OreB,M
24,273,0.84765625,yak,OreB,M
25,288,0.48359375000000004,yak,OreB,M
26,90,0.8125,yak,OreB,M
27,278,0.86796875,yak,OreB,M
28,354,0.91484375,yak,OreB,M
29,402,0.70234375,yak,OreB,M
30,149,0.9390625,yak,OreB,M
31,399,0.8984375,yak,OreB,M
32,168,0.91171875,yak,OreB,M
33,279,0.93359375,yak,OreB,M
34,314,0.93828125,yak,OreB,M
35,191,0.84296875,yak,OreB,M
36,82,0.8640625,yak,OreB,M
37,87,0.88359375,yak,OreB,M
38,330,0.91171875,yak,OreB,M
39,83,0.925,yak,OreB,M
40,377,0.934375,yak,OreB,M
41,108,0.82578125,yak,OreB,M
42,202,0.84453125,yak,OreB,M
43,30,0.92109375,yak,OreB,M
44,50,0.92421875,yak,OreB,M
45,313,0.8046875,yak,OreB,M
46,65,0.82265625,yak,OreB,M
47,212,0.86953125,yak,OreB,M
48,388,0.875,yak,OreB,M
49,148,0.9109375,yak,OreB,M
50,12,0.83203125,yak,OreB,M
51,85,0.86640625,yak,OreB,M
52,296,0.88671875,yak,OreB,M
53,219,0.9015625,yak,OreB,M
54,270,0.9203125,yak,OreB,M
55,350,0.8875,yak,OreB,M
56,314,0.99453125,yak,OreB,M
57,45,0.8515625,yak,OreB,M
58,180,0.88046875,yak,OreB,M
59,4,0.8484375,yak,OreB,M
60,190,0.88359375,yak,OreB,M
61,106,0.67734375,yak,OreB,M
62,35,0.8875,yak,OreB,M
63,257,0.91953125,yak,OreB,M
64,32,0.86796875,yak,OreB,M
65,54,0.9109375,yak,OreB,M
66,402,0.7,yak,OreB,M
67,111,0.9671875,yak,OreB,M
68,318,0.8015625,yak,OreB,M
69,192,0.953125,yak,OreB,M
70,372,0.9984375,yak,OreB,M
71,341,0.853125,yak,OreB,M
0,215,0.8921875,Bei54,OreA,M
1,201,0.8984375,Bei54,OreA,M
2,190,0.10234374999999996,Bei54,OreA,M
3,401,0.92578125,Bei54,OreA,M
4,375,0.67421875,Bei54,OreA,M
5,7,0.1015625,Bei54,OreA,M
6,33,0.8921875,Bei54,OreA,M
7,361,0.78125,Bei54,OreA,M
8,176,0.66875,Bei54,OreA,M
9,308,0.90625,Bei54,OreA,M
10,88,0.18281250000000004,Bei54,OreA,M
11,105,0.5625,Bei54,OreA,M
12,307,0.90859375,Bei54,OreA,M
13,181,0.58828125,Bei54,OreA,M
14,117,0.58984375,Bei54,OreA,M
15,340,0.715625,Bei54,OreA,M
16,65,0.8609375,Bei54,OreA,M
17,248,0.86796875,Bei54,OreA,M
18,313,0.8765625,Bei54,OreA,M
19,251,0.89375,Bei54,OreA,M
20,370,0.9234375,Bei54,OreA,M
21,107,0.8703125,Bei54,OreA,M
22,77,0.890625,Bei54,OreA,M
23,93,0.9359375,Bei54,OreA,M
24,274,0.86875,Bei54,OreA,M
25,133,0.9,Bei54,OreA,M
26,352,0.48828125,Bei54,OreA,M
27,251,0.89765625,Bei54,OreA,M
28,375,0.83828125,Bei54,OreA,M
29,15,0.85,Bei54,OreA,M
30,166,0.925,Bei54,OreA,M
31,339,0.9453125,Bei54,OreA,M
32,349,0.9390625,Bei54,OreA,M
33,280,0.76796875,Bei54,OreA,M
34,216,0.88046875,Bei54,OreA,M
35,121,0.6078125,Bei54,OreA,M
36,43,0.87890625,Bei54,OreA,M
37,347,0.9234375,Bei54,OreA,M
38,121,0.8578125,Bei54,OreA,M
39,322,0.925,Bei54,OreA,M
40,157,0.93515625,Bei54,OreA,M
41,137,0.82890625,Bei54,OreA,M
42,228,0.8421875,Bei54,OreA,M
43,118,0.8953125,Bei54,OreA,M
44,82,0.896875,Bei54,OreA,M
45,133,0.7546875,Bei54,OreA,M
46,116,0.88046875,Bei54,OreA,M
47,264,0.87734375,Bei54,OreA,M
48,12,0.890625,Bei54,OreA,M
49,333,0.96171875,Bei54,OreA,M
50,51,0.80234375,Bei54,OreA,M
51,32,0.85,Bei54,OreA,M
52,326,0.93359375,Bei54,OreA,M
53,166,0.85078125,Bei54,OreA,M
54,39,0.85859375,Bei54,OreA,M
55,150,0.871875,Bei54,OreA,M
56,77,0.88515625,Bei54,OreA,M
57,77,0.91796875,Bei54,OreA,M
58,103,0.8578125,Bei54,OreA,M
59,309,0.9109375,Bei54,OreA,M
60,232,0.8390625,Bei54,OreA,M
61,69,0.7515625,Bei54,OreA,M
62,199,0.79375,Bei54,OreA,M
63,7,0.9,Bei54,OreA,M
64,43,0.93515625,Bei54,OreA,M
65,215,0.84453125,Bei54,OreA,M
66,318,0.90625,Bei54,OreA,M
67,50,0.8359375,Bei54,OreA,M
68,46,0.97578125,Bei54,OreA,M
69,120,0.67421875,Bei54,OreA,M
70,189,0.79375,Bei54,OreA,M
71,203,0.8375,Bei54,OreA,M
72,281,0.8171875,Bei54,OreA,M
73,282,0.9625,Bei54,OreA,M
74,330,0.90078125,Bei54,OreA,M
75,200,0.9265625,Bei54,OreA,M
0,269,0.17343750000000002,ZW144,OreA,F
1,217,0.2953125,ZW144,OreA,F
2,299,0.32578125,ZW144,OreA,F
3,119,0.61015625,ZW144,OreA,F
4,136,0.32109374999999996,ZW144,OreA,F
5,233,0.69609375,ZW144,OreA,F
6,0,0.34843749999999996,ZW144,OreA,F
7,283,0.5953125,ZW144,OreA,F
8,391,0.846875,ZW144,OreA,F
9,221,0.55234375,ZW144,OreA,F
10,228,0.60703125,ZW144,OreA,F
11,359,0.71875,ZW144,OreA,F
12,233,0.7671875,ZW144,OreA,F
13,75,0.82421875,ZW144,OreA,F
14,272,0.85,ZW144,OreA,F
15,239,0.87890625,ZW144,OreA,F
16,148,0.11171874999999998,ZW144,OreA,F
17,191,0.86796875,ZW144,OreA,F
18,233,0.88671875,ZW144,OreA,F
19,46,0.7015625,ZW144,OreA,F
20,202,0.77265625,ZW144,OreA,F
21,224,0.8109375,ZW144,OreA,F
22,207,0.89296875,ZW144,OreA,F
23,223,0.85625,ZW144,OreA,F
24,349,0.896875,ZW144,OreA,F
25,209,0.40703124999999996,ZW144,OreA,F
26,266,0.86484375,ZW144,OreA,F
27,354,0.74765625,ZW144,OreA,F
28,340,0.85390625,ZW144,OreA,F
29,287,0.89140625,ZW144,OreA,F
30,217,0.896875,ZW144,OreA,F
31,230,0.80234375,ZW144,OreA,F
32,329,0.9796875,ZW144,OreA,F
33,60,0.6828125,ZW144,OreA,F
34,83,0.784375,ZW144,OreA,F
35,239,0.85546875,ZW144,OreA,F
36,17,0.759375,ZW144,OreA,F
37,188,0.80546875,ZW144,OreA,F
38,108,0.8234375,ZW144,OreA,F
39,57,0.84140625,ZW144,OreA,F
40,229,0.97265625,ZW144,OreA,F
41,192,0.8078125,ZW144,OreA,F
42,51,0.709375,ZW144,OreA,F
43,36,0.721875,ZW144,OreA,F
44,84,0.7265625,ZW144,OreA,F
45,15,0.74921875,ZW144,OreA,F
46,276,0.84375,ZW144,OreA,F
47,284,0.8953125,ZW144,OreA,F
48,369,0.759375,ZW144,OreA,F
49,136,0.77890625,ZW144,OreA,F
50,160,0.79609375,ZW144,OreA,F
51,74,0.85,ZW144,OreA,F
52,301,0.9546875,ZW144,OreA,F
53,263,0.740625,ZW144,OreA,F
54,43,0.7484375,ZW144,OreA,F
55,16,0.74609375,ZW144,OreA,F
56,9,0.771875,ZW144,OreA,F
0,321,0.83515625,ZW142,OreA,M
1,69,0.33281249999999996,ZW142,OreA,M
2,45,0.3109375,ZW142,OreA,M
3,197,0.49531250000000004,ZW142,OreA,M
4,347,0.6984375,ZW142,OreA,M
5,144,0.11015624999999996,ZW142,OreA,M
6,195,0.50546875,ZW142,OreA,M
7,359,0.84453125,ZW142,OreA,M
8,107,0.8578125,ZW142,OreA,M
9,317,0.8546875,ZW142,OreA,M
10,175,0.8609375,ZW142,OreA,M
11,347,0.95234375,ZW142,OreA,M
12,398,0.8578125,ZW142,OreA,M
13,158,0.609375,ZW142,OreA,M
14,384,0.83828125,ZW142,OreA,M
15,402,0.90625,ZW142,OreA,M
16,373,0.55625,ZW142,OreA,M
17,322,0.87734375,ZW142,OreA,M
18,23,0.87734375,ZW142,OreA,M
19,21,0.29374999999999996,ZW142,OreA,M
20,369,0.50625,ZW142,OreA,M
21,186,0.82109375,ZW142,OreA,M
22,231,0.86875,ZW142,OreA,M
23,262,0.915625,ZW142,OreA,M
24,69,0.66875,ZW142,OreA,M
25,393,0.859375,ZW142,OreA,M
26,40,0.5765625,ZW142,OreA,M
27,283,0.9484375,ZW142,OreA,M
28,74,0.8046875,ZW142,OreA,M
29,309,0.84375,ZW142,OreA,M
30,377,0.8984375,ZW142,OreA,M
31,341,0.9125,ZW142,OreA,M
32,17,0.928125,ZW142,OreA,M
33,372,0.81875,ZW142,OreA,M
34,304,0.86328125,ZW142,OreA,M
35,311,0.871875,ZW142,OreA,M
36,318,0.8734375,ZW142,OreA,M
37,262,0.87421875,ZW142,OreA,M
38,330,0.90625,ZW142,OreA,M
39,142,0.8765625,ZW142,OreA,M
40,395,0.93515625,ZW142,OreA,M
41,339,0.95390625,ZW142,OreA,M
42,92,0.7921875,ZW142,OreA,M
43,285,0.8765625,ZW142,OreA,M
44,10,0.878125,ZW142,OreA,M
45,27,0.90234375,ZW142,OreA,M
46,329,0.95,ZW142,OreA,M
47,89,0.79296875,ZW142,OreA,M
48,24,0.81640625,ZW142,OreA,M
49,177,0.85859375,ZW142,OreA,M
50,109,0.9125,ZW142,OreA,M
51,166,0.884375,ZW142,OreA,M
52,163,0.86953125,ZW142,OreA,M
53,305,0.8734375,ZW142,OreA,M
54,131,0.90859375,ZW142,OreA,M
55,311,0.91328125,ZW142,OreA,M
56,327,0.83671875,ZW142,OreA,M
57,147,0.8140625,ZW142,OreA,M
58,240,0.84453125,ZW142,OreA,M
59,35,0.91328125,ZW142,OreA,M
60,377,0.91875,ZW142,OreA,M
61,199,0.84609375,ZW142,OreA,M
62,156,0.89609375,ZW142,OreA,M
63,366,0.96015625,ZW142,OreA,M
64,373,0.9828125,ZW142,OreA,M
65,352,0.91953125,ZW142,OreA,M
66,187,0.7859375,ZW142,OreA,M
67,35,0.75234375,ZW142,OreA,M
68,192,0.79765625,ZW142,OreA,M
69,117,0.9,ZW142,OreA,M
70,112,0.93125,ZW142,OreA,M
0,103,0.16874999999999996,OreR,OreR,F
1,256,0.65625,OreR,OreR,F
2,361,0.58671875,OreR,OreR,F
3,373,0.8546875,OreR,OreR,F
4,259,0.85625,OreR,OreR,F
5,176,0.82109375,OreR,OreR,F
6,370,0.890625,OreR,OreR,F
7,236,0.62578125,OreR,OreR,F
8,296,0.67421875,OreR,OreR,F
9,389,0.85546875,OreR,OreR,F
10,51,0.64296875,OreR,OreR,F
11,261,0.67265625,OreR,OreR,F
12,139,0.70390625,OreR,OreR,F
13,364,0.81640625,OreR,OreR,F
14,336,0.76171875,OreR,OreR,F
15,7,0.8703125,OreR,OreR,F
16,4,0.91015625,OreR,OreR,F
17,239,0.65078125,OreR,OreR,F
18,64,0.7703125,OreR,OreR,F
19,45,0.9046875,OreR,OreR,F
20,399,0.08671874999999996,OreR,OreR,F
21,301,0.78203125,OreR,OreR,F
22,307,0.7890625,OreR,OreR,F
23,303,0.8,OreR,OreR,F
24,131,0.9109375,OreR,OreR,F
25,101,0.70078125,OreR,OreR,F
26,18,0.77109375,OreR,OreR,F
27,135,0.40078125,OreR,OreR,F
28,46,0.86875,OreR,OreR,F
29,133,0.87421875,OreR,OreR,F
30,279,0.74296875,OreR,OreR,F
31,157,0.83515625,OreR,OreR,F
32,228,0.78515625,OreR,OreR,F
33,370,0.8046875,OreR,OreR,F
34,268,0.80546875,OreR,OreR,F
35,38,0.91953125,OreR,OreR,F
36,376,0.9265625,OreR,OreR,F
37,197,0.7609375,OreR,OreR,F
38,187,0.83359375,OreR,OreR,F
39,255,0.7953125,OreR,OreR,F
40,71,0.43359375,OreR,OreR,F
41,271,0.62890625,OreR,OreR,F
42,265,0.8484375,OreR,OreR,F
43,45,0.90859375,OreR,OreR,F
44,331,0.8109375,OreR,OreR,F
45,110,0.90625,OreR,OreR,F
46,39,0.75703125,OreR,OreR,F
47,382,0.95390625,OreR,OreR,F
48,154,0.6953125,OreR,OreR,F
49,145,0.853125,OreR,OreR,F
50,64,0.87421875,OreR,OreR,F
51,26,0.925,OreR,OreR,F
52,1,0.9578125,OreR,OreR,F
53,134,0.7765625,OreR,OreR,F
54,122,0.77890625,OreR,OreR,F
55,105,0.8140625,OreR,OreR,F
56,249,0.97734375,OreR,OreR,F
57,133,0.815625,OreR,OreR,F
58,36,0.9140625,OreR,OreR,F
59,2,0.92109375,OreR,OreR,F
60,44,0.8203125,OreR,OreR,F
61,51,0.84140625,OreR,OreR,F
62,33,0.8953125,OreR,OreR,F
63,96,0.88515625,OreR,OreR,F
64,223,0.7125,OreR,OreR,F
0,95,0.42500000000000004,ZW142,OreA,F
1,356,0.61171875,ZW142,OreA,F
2,9,0.23124999999999996,ZW142,OreA,F
3,33,0.6,ZW142,OreA,F
4,335,0.68515625,ZW142,OreA,F
5,169,0.5734375,ZW142,OreA,F
6,353,0.58515625,ZW142,OreA,F
7,169,0.6515625,ZW142,OreA,F
8,322,0.10703125000000002,ZW142,OreA,F
9,363,0.64765625,ZW142,OreA,F
10,337,0.66328125,ZW142,OreA,F
11,288,0.746875,ZW142,OreA,F
12,155,0.75546875,ZW142,OreA,F
13,272,0.69921875,ZW142,OreA,F
14,79,0.81484375,ZW142,OreA,F
15,105,0.77578125,ZW142,OreA,F
16,193,0.6375,ZW142,OreA,F
17,11,0.86484375,ZW142,OreA,F
18,180,0.75390625,ZW142,OreA,F
19,81,0.78359375,ZW142,OreA,F
20,1,0.85703125,ZW142,OreA,F
21,227,0.84765625,ZW142,OreA,F
22,293,0.78125,ZW142,OreA,F
23,22,0.83359375,ZW142,OreA,F
24,31,0.84140625,ZW142,OreA,F
25,67,0.18593749999999998,ZW142,OreA,F
26,249,0.81015625,ZW142,OreA,F
27,162,0.83046875,ZW142,OreA,F
28,330,0.8,ZW142,OreA,F
29,352,0.84296875,ZW142,OreA,F
30,106,0.90078125,ZW142,OreA,F
31,228,0.7359375,ZW142,OreA,F
32,74,0.8046875,ZW142,OreA,F
33,27,0.66796875,ZW142,OreA,F
34,146,0.6578125,ZW142,OreA,F
35,274,0.72890625,ZW142,OreA,F
36,75,0.8140625,ZW142,OreA,F
37,94,0.6515625,ZW142,OreA,F
38,34,0.6625,ZW142,OreA,F
39,46,0.88125,ZW142,OreA,F
40,76,0.903125,ZW142,OreA,F
41,75,0.58046875,ZW142,OreA,F
42,24,0.7765625,ZW142,OreA,F
43,109,0.72578125,ZW142,OreA,F
44,50,0.81171875,ZW142,OreA,F
45,304,0.82578125,ZW142,OreA,F
46,97,0.85703125,ZW142,OreA,F
47,17,0.875,ZW142,OreA,F
48,10,0.79921875,ZW142,OreA,F
49,390,0.821875,ZW142,OreA,F
50,136,0.80859375,ZW142,OreA,F
51,389,0.89453125,ZW142,OreA,F
52,123,0.80859375,ZW142,OreA,F
53,238,0.8234375,ZW142,OreA,F
54,127,0.76484375,ZW142,OreA,F
55,0,0.76953125,ZW142,OreA,F
56,65,0.78515625,ZW142,OreA,F
57,293,0.67109375,ZW142,OreA,F
0,183,0.14765625000000004,ZW144,OreA,M
1,292,0.26484375000000004,ZW144,OreA,M
2,342,0.88515625,ZW144,OreA,M
3,140,0.10078125000000004,ZW144,OreA,M
4,347,0.82734375,ZW144,OreA,M
5,377,0.85546875,ZW144,OreA,M
6,373,0.54140625,ZW144,OreA,M
7,355,0.71015625,ZW144,OreA,M
8,1,0.9296875,ZW144,OreA,M
9,383,0.85234375,ZW144,OreA,M
10,346,0.91328125,ZW144,OreA,M
11,10,0.865625,ZW144,OreA,M
12,271,0.9046875,ZW144,OreA,M
13,335,0.79375,ZW144,OreA,M
14,135,0.84609375,ZW144,OreA,M
15,353,0.90546875,ZW144,OreA,M
16,198,0.85625,ZW144,OreA,M
17,310,0.8703125,ZW144,OreA,M
18,310,0.94453125,ZW144,OreA,M
19,380,0.85703125,ZW144,OreA,M
20,217,0.85703125,ZW144,OreA,M
21,286,0.89453125,ZW144,OreA,M
22,107,0.68984375,ZW144,OreA,M
23,96,0.88203125,ZW144,OreA,M
24,52,0.84921875,ZW144,OreA,M
25,44,0.90078125,ZW144,OreA,M
26,347,0.91953125,ZW144,OreA,M
27,232,0.84140625,ZW144,OreA,M
28,271,0.86796875,ZW144,OreA,M
29,281,0.878125,ZW144,OreA,M
30,76,0.94453125,ZW144,OreA,M
31,189,0.7796875,ZW144,OreA,M
32,146,0.8640625,ZW144,OreA,M
33,179,0.87109375,ZW144,OreA,M
34,6,0.93046875,ZW144,OreA,M
35,98,0.84296875,ZW144,OreA,M
36,278,0.92734375,ZW144,OreA,M
37,5,0.94765625,ZW144,OreA,M
38,101,0.9640625,ZW144,OreA,M
39,359,0.8984375,ZW144,OreA,M
40,91,0.96328125,ZW144,OreA,M
41,341,0.84140625,ZW144,OreA,M
42,275,0.8984375,ZW144,OreA,M
43,146,0.87578125,ZW144,OreA,M
44,275,0.90703125,ZW144,OreA,M
45,350,0.98515625,ZW144,OreA,M
46,237,0.83125,ZW144,OreA,M
47,10,0.84609375,ZW144,OreA,M
48,188,0.86953125,ZW144,OreA,M
49,215,0.93203125,ZW144,OreA,M
50,362,0.690625,ZW144,OreA,M
51,61,0.90078125,ZW144,OreA,M
52,379,0.39375000000000004,ZW144,OreA,M
53,301,0.8625,ZW144,OreA,M
54,54,0.86328125,ZW144,OreA,M
55,189,0.88671875,ZW144,OreA,M
56,263,0.89765625,ZW144,OreA,M
57,264,0.9046875,ZW144,OreA,M
58,28,0.90234375,ZW144,OreA,M
59,73,0.93203125,ZW144,OreA,M
60,0,0.9078125,ZW144,OreA,M
61,155,0.86875,ZW144,OreA,M
62,116,0.9,ZW144,OreA,M
63,125,0.9015625,ZW144,OreA,M
64,53,0.671875,ZW144,OreA,M
65,84,0.853125,ZW144,OreA,M
66,152,0.8609375,ZW144,OreA,M
67,244,0.99765625,ZW144,OreA,M
0,367,0.11484375000000002,Bei54,OreA,F
1,374,0.75546875,Bei54,OreA,F
2,35,0.82421875,Bei54,OreA,F
3,261,0.84609375,Bei54,OreA,F
4,248,0.55546875,Bei54,OreA,F
5,362,0.61640625,Bei54,OreA,F
6,296,0.66640625,Bei54,OreA,F
7,247,0.69453125,Bei54,OreA,F
8,140,0.75078125,Bei54,OreA,F
9,204,0.8328125,Bei54,OreA,F
10,123,0.6484375,Bei54,OreA,F
11,397,0.79765625,Bei54,OreA,F
12,377,0.84765625,Bei54,OreA,F
13,294,0.70234375,Bei54,OreA,F
14,364,0.81953125,Bei54,OreA,F
15,177,0.74921875,Bei54,OreA,F
16,245,0.790625,Bei54,OreA,F
17,177,0.80234375,Bei54,OreA,F
18,143,0.86328125,Bei54,OreA,F
19,334,0.8671875,Bei54,OreA,F
20,300,0.521875,Bei54,OreA,F
21,240,0.7875,Bei54,OreA,F
22,258,0.86640625,Bei54,OreA,F
23,209,0.66875,Bei54,OreA,F
24,296,0.7890625,Bei54,OreA,F
25,313,0.8546875,Bei54,OreA,F
26,330,0.87109375,Bei54,OreA,F
27,56,0.6015625,Bei54,OreA,F
28,361,0.621875,Bei54,OreA,F
29,91,0.69296875,Bei54,OreA,F
30,376,0.8046875,Bei54,OreA,F
31,231,0.615625,Bei54,OreA,F
32,269,0.82578125,Bei54,OreA,F
33,279,0.8359375,Bei54,OreA,F
34,372,0.65859375,Bei54,OreA,F
35,226,0.7640625,Bei54,OreA,F
36,31,0.78203125,Bei54,OreA,F
37,34,0.8140625,Bei54,OreA,F
38,155,0.8703125,Bei54,OreA,F
39,277,0.87265625,Bei54,OreA,F
40,70,0.18281250000000004,Bei54,OreA,F
41,322,0.84296875,Bei54,OreA,F
42,205,0.4625,Bei54,OreA,F
43,80,0.6796875,Bei54,OreA,F
44,311,0.97734375,Bei54,OreA,F
45,47,0.69375,Bei54,OreA,F
46,344,0.821875,Bei54,OreA,F
47,359,0.88984375,Bei54,OreA,F
48,212,0.83125,Bei54,OreA,F
49,261,0.8359375,Bei54,OreA,F
50,222,0.86484375,Bei54,OreA,F
51,57,0.73359375,Bei54,OreA,F
52,188,0.86328125,Bei54,OreA,F
53,314,0.78125,Bei54,OreA,F
54,83,0.69453125,Bei54,OreA,F
55,127,0.709375,Bei54,OreA,F
56,31,0.740625,Bei54,OreA,F
57,275,0.76484375,Bei54,OreA,F
58,82,0.79609375,Bei54,OreA,F
59,317,0.909375,Bei54,OreA,F
60,97,0.88828125,Bei54,OreA,F
61,145,0.778125,Bei54,OreA,F
62,236,0.93828125,Bei54,OreA,F
63,256,0.87578125,Bei54,OreA,F
64,153,0.74453125,Bei54,OreA,F
65,134,0.7984375,Bei54,OreA,F
66,97,0.42656249999999996,Bei54,OreA,F
67,82,0.93671875,Bei54,OreA,F
68,321,0.9,Bei54,OreA,F
69,191,0.9265625,Bei54,OreA,F
70,273,0.9625,Bei54,OreA,F
0,349,0.27421874999999996,yak,OreB,F
1,284,0.26484375000000004,yak,OreB,F
2,88,0.5,yak,OreB,F
3,331,0.8546875,yak,OreB,F
4,396,0.971875,yak,OreB,F
5,35,0.44999999999999996,yak,OreB,F
6,238,0.7,yak,OreB,F
7,364,0.88359375,yak,OreB,F
8,368,0.896875,yak,OreB,F
9,137,0.7734375,yak,OreB,F
10,197,0.815625,yak,OreB,F
11,388,0.871875,yak,OreB,F
12,191,0.68046875,yak,OreB,F
13,347,0.5578125,yak,OreB,F
14,347,0.92421875,yak,OreB,F
15,254,0.73125,yak,OreB,F
16,365,0.7375,yak,OreB,F
17,400,0.82578125,yak,OreB,F
18,400,0.10546875,yak,OreB,F
19,244,0.81328125,yak,OreB,F
20,41,0.13984375000000004,yak,OreB,F
21,298,0.759375,yak,OreB,F
22,365,0.91640625,yak,OreB,F
23,124,0.4125,yak,OreB,F
24,117,0.69375,yak,OreB,F
25,376,0.83046875,yak,OreB,F
26,368,0.83984375,yak,OreB,F
27,297,0.85625,yak,OreB,F
28,381,0.534375,yak,OreB,F
29,195,0.59375,yak,OreB,F
30,354,0.7734375,yak,OreB,F
31,261,0.78828125,yak,OreB,F
32,52,0.86640625,yak,OreB,F
33,374,0.91953125,yak,OreB,F
34,363,0.8640625,yak,OreB,F
35,395,0.82578125,yak,OreB,F
36,329,0.88125,yak,OreB,F
37,345,0.71640625,yak,OreB,F
38,289,0.86171875,yak,OreB,F
39,372,0.8671875,yak,OreB,F
40,93,0.796875,yak,OreB,F
41,395,0.76796875,yak,OreB,F
42,129,0.8,yak,OreB,F
43,58,0.86796875,yak,OreB,F
44,308,0.734375,yak,OreB,F
45,7,0.93515625,yak,OreB,F
46,350,0.95,yak,OreB,F
47,148,0.7765625,yak,OreB,F
48,67,0.7796875,yak,OreB,F
49,399,0.80234375,yak,OreB,F
50,184,0.80546875,yak,OreB,F
51,304,0.915625,yak,OreB,F
52,283,0.74375,yak,OreB,F
53,324,0.96328125,yak,OreB,F
54,403,0.703125,yak,OreB,F
55,19,0.64453125,yak,OreB,F
56,302,0.9953125,yak,OreB,F
57,404,0.70078125,yak,OreB,F
58,407,0.84609375,yak,OreB,F
59,328,0.6296875,yak,OreB,F
60,320,0.8015625,yak,OreB,F
0,84,0.33281249999999996,siI,OreA,F
1,12,0.1875,siI,OreA,F
2,289,0.6234375,siI,OreA,F
3,86,0.56484375,siI,OreA,F
4,8,0.09609374999999998,siI,OreA,F
5,69,0.8671875,siI,OreA,F
6,148,0.675,siI,OreA,F
7,318,0.09921875000000002,siI,OreA,F
8,39,0.83984375,siI,OreA,F
9,72,0.69296875,siI,OreA,F
10,352,0.64296875,siI,OreA,F
11,184,0.82109375,siI,OreA,F
12,365,0.84140625,siI,OreA,F
13,33,0.8171875,siI,OreA,F
14,209,0.7703125,siI,OreA,F
15,124,0.865625,siI,OreA,F
16,183,0.784375,siI,OreA,F
17,82,0.97421875,siI,OreA,F
18,134,0.7375,siI,OreA,F
19,80,0.86015625,siI,OreA,F
20,231,0.91484375,siI,OreA,F
21,72,0.91875,siI,OreA,F
22,272,0.5671875,siI,OreA,F
23,298,0.78671875,siI,OreA,F
24,65,0.8625,siI,OreA,F
25,300,0.83203125,siI,OreA,F
26,111,0.73359375,siI,OreA,F
27,61,0.65,siI,OreA,F
28,240,0.7671875,siI,OreA,F
29,322,0.8828125,siI,OreA,F
30,332,0.78671875,siI,OreA,F
31,121,0.93125,siI,OreA,F
32,82,0.6484375,siI,OreA,F
33,165,0.66484375,siI,OreA,F
0,10,0.08906250000000004,Bei59,375B,M
1,356,0.91953125,Bei59,375B,M
2,300,0.89765625,Bei59,375B,M
3,379,0.875,Bei59,375B,M
4,18,0.9125,Bei59,375B,M
5,392,0.821875,Bei59,375B,M
6,411,0.9265625,Bei59,375B,M
7,176,0.85,Bei59,375B,M
8,185,0.86875,Bei59,375B,M
9,323,0.90390625,Bei59,375B,M
10,99,0.865625,Bei59,375B,M
11,138,0.9359375,Bei59,375B,M
12,385,0.9265625,Bei59,375B,M
13,315,0.8296875,Bei59,375B,M
14,125,0.86953125,Bei59,375B,M
15,77,0.92890625,Bei59,375B,M
16,386,0.97421875,Bei59,375B,M
17,412,0.67265625,Bei59,375B,M
18,238,0.78828125,Bei59,375B,M
19,405,0.8453125,Bei59,375B,M
20,80,0.8984375,Bei59,375B,M
21,171,0.7859375,Bei59,375B,M
22,396,0.79453125,Bei59,375B,M
23,131,0.88046875,Bei59,375B,M
24,223,0.89921875,Bei59,375B,M
25,378,0.840625,Bei59,375B,M
26,352,0.92109375,Bei59,375B,M
27,163,0.92578125,Bei59,375B,M
28,264,0.93203125,Bei59,375B,M
29,103,0.88671875,Bei59,375B,M
30,231,0.89921875,Bei59,375B,M
31,315,0.909375,Bei59,375B,M
32,161,0.91640625,Bei59,375B,M
33,250,0.69453125,Bei59,375B,M
34,403,0.91640625,Bei59,375B,M
35,65,0.9234375,Bei59,375B,M
36,71,0.940625,Bei59,375B,M
37,193,0.971875,Bei59,375B,M
38,118,0.9890625,Bei59,375B,M
39,346,0.88203125,Bei59,375B,M
40,252,0.79609375,Bei59,375B,M
41,236,0.87734375,Bei59,375B,M
42,375,0.95546875,Bei59,375B,M
43,266,0.88046875,Bei59,375B,M
44,158,0.91640625,Bei59,375B,M
45,129,0.79765625,Bei59,375B,M
46,78,0.909375,Bei59,375B,M
47,84,0.8984375,Bei59,375B,M
48,296,0.92109375,Bei59,375B,M
49,75,0.77109375,Bei59,375B,M
50,55,0.86015625,Bei59,375B,M
51,193,0.9125,Bei59,375B,M
52,311,0.9640625,Bei59,375B,M
53,411,0.9046875,Bei59,375B,M
54,353,0.8609375,Bei59,375B,M
55,17,0.84140625,Bei59,375B,M
56,89,0.8484375,Bei59,375B,M
57,155,0.8609375,Bei59,375B,M
58,334,0.925,Bei59,375B,M
59,320,0.934375,Bei59,375B,M
60,139,0.7453125,Bei59,375B,M
61,280,0.89375,Bei59,375B,M
62,87,0.9046875,Bei59,375B,M
63,100,0.92421875,Bei59,375B,M
64,321,0.92890625,Bei59,375B,M
65,40,0.6734375,Bei59,375B,M
66,236,0.95078125,Bei59,375B,M
67,78,0.80703125,Bei59,375B,M
68,170,0.8984375,Bei59,375B,M
69,35,0.93125,Bei59,375B,M
70,312,0.99453125,Bei59,375B,M
71,364,0.9375,Bei59,375B,M
72,235,0.71171875,Bei59,375B,M
73,17,0.99296875,Bei59,375B,M
74,402,0.99609375,Bei59,375B,M
75,307,1.0,Bei59,375B,M
76,154,0.94140625,Bei59,375B,M
0,8,0.29296875,Bei59,OreA,F
1,71,0.33828125,Bei59,OreA,F
2,339,0.62265625,Bei59,OreA,F
3,221,0.80625,Bei59,OreA,F
4,156,0.85703125,Bei59,OreA,F
5,341,0.6296875,Bei59,OreA,F
6,178,0.640625,Bei59,OreA,F
7,358,0.8015625,Bei59,OreA,F
8,390,0.86328125,Bei59,OreA,F
9,152,0.5390625,Bei59,OreA,F
10,302,0.621875,Bei59,OreA,F
11,106,0.7046875,Bei59,OreA,F
12,292,0.6359375,Bei59,OreA,F
13,190,0.59921875,Bei59,OreA,F
14,264,0.86796875,Bei59,OreA,F
15,300,0.89375,Bei59,OreA,F
16,120,0.7546875,Bei59,OreA,F
17,215,0.42421875,Bei59,OreA,F
18,131,0.65390625,Bei59,OreA,F
19,132,0.7109375,Bei59,OreA,F
20,141,0.809375,Bei59,OreA,F
21,311,0.8796875,Bei59,OreA,F
22,331,0.84140625,Bei59,OreA,F
23,232,0.6484375,Bei59,OreA,F
24,78,0.6703125,Bei59,OreA,F
25,41,0.70703125,Bei59,OreA,F
26,302,0.79375,Bei59,OreA,F
27,153,0.86640625,Bei59,OreA,F
28,80,0.78515625,Bei59,OreA,F
29,99,0.8265625,Bei59,OreA,F
30,48,0.83515625,Bei59,OreA,F
31,391,0.10546875,Bei59,OreA,F
32,191,0.78671875,Bei59,OreA,F
33,383,0.8984375,Bei59,OreA,F
34,31,0.93828125,Bei59,OreA,F
35,78,0.9171875,Bei59,OreA,F
36,12,0.1796875,Bei59,OreA,F
37,317,0.8953125,Bei59,OreA,F
38,383,0.7921875,Bei59,OreA,F
39,252,0.7953125,Bei59,OreA,F
40,366,0.93671875,Bei59,OreA,F
41,81,0.4859375,Bei59,OreA,F
42,102,0.8359375,Bei59,OreA,F
43,5,0.84453125,Bei59,OreA,F
44,60,0.8015625,Bei59,OreA,F
45,14,0.16953125000000002,Bei59,OreA,F
46,143,0.78125,Bei59,OreA,F
47,64,0.90390625,Bei59,OreA,F
48,9,0.915625,Bei59,OreA,F
49,369,0.9578125,Bei59,OreA,F
50,9,0.76953125,Bei59,OreA,F
51,290,0.8390625,Bei59,OreA,F
52,188,0.8875,Bei59,OreA,F
53,214,0.91640625,Bei59,OreA,F
54,73,0.778125,Bei59,OreA,F
55,335,0.8734375,Bei59,OreA,F
56,218,0.74375,Bei59,OreA,F
57,155,0.759375,Bei59,OreA,F
58,180,0.9703125,Bei59,OreA,F
59,320,0.775,Bei59,OreA,F
60,115,0.83359375,Bei59,OreA,F
61,89,0.9546875,Bei59,OreA,F
62,360,0.584375,Bei59,OreA,F
63,62,0.67734375,Bei59,OreA,F
64,154,0.934375,Bei59,OreA,F
0,254,0.08750000000000002,siI,375B,M
1,31,0.13124999999999998,siI,375B,M
2,204,0.8953125,siI,375B,M
3,349,0.97734375,siI,375B,M
4,254,0.7046875,siI,375B,M
5,335,0.7515625,siI,375B,M
6,122,0.94296875,siI,375B,M
7,208,0.60859375,siI,375B,M
8,119,0.91875,siI,375B,M
9,386,0.9125,siI,375B,M
10,406,0.99609375,siI,375B,M
11,257,0.9265625,siI,375B,M
12,162,0.96171875,siI,375B,M
13,94,0.6578125,siI,375B,M
14,378,0.94375,siI,375B,M
15,388,0.88359375,siI,375B,M
16,377,0.94609375,siI,375B,M
17,28,0.95390625,siI,375B,M
18,142,0.903125,siI,375B,M
19,178,0.9125,siI,375B,M
20,361,0.94765625,siI,375B,M
21,298,0.853125,siI,375B,M
22,258,0.92890625,siI,375B,M
23,152,0.96171875,siI,375B,M
24,316,0.6359375,siI,375B,M
25,206,0.821875,siI,375B,M
26,325,0.84609375,siI,375B,M
27,347,0.934375,siI,375B,M
28,118,0.934375,siI,375B,M
29,221,0.96171875,siI,375B,M
30,227,0.92734375,siI,375B,M
31,31,0.94921875,siI,375B,M
32,392,0.953125,siI,375B,M
33,255,0.971875,siI,375B,M
34,318,0.89609375,siI,375B,M
35,123,0.90625,siI,375B,M
36,165,0.9625,siI,375B,M
37,11,0.9828125,siI,375B,M
38,242,0.8703125,siI,375B,M
39,214,0.6578125,siI,375B,M
40,60,0.7984375,siI,375B,M
41,124,0.85546875,siI,375B,M
42,385,0.89140625,siI,375B,M
43,13,0.92734375,siI,375B,M
44,349,0.9609375,siI,375B,M
45,232,0.59921875,siI,375B,M
46,155,0.93515625,siI,375B,M
47,110,0.94609375,siI,375B,M
48,340,0.9734375,siI,375B,M
49,129,1.0,siI,375B,M
50,94,0.809375,siI,375B,M
51,307,0.81875,siI,375B,M
52,15,0.9125,siI,375B,M
53,153,0.953125,siI,375B,M
54,302,0.82734375,siI,375B,M
55,338,0.934375,siI,375B,M
56,294,0.96875,siI,375B,M
57,405,0.81640625,siI,375B,M
58,380,0.92109375,siI,375B,M
59,295,0.79609375,siI,375B,M
60,202,0.84921875,siI,375B,M
61,28,0.85390625,siI,375B,M
62,38,0.9546875,siI,375B,M
63,16,0.98828125,siI,375B,M
64,5,0.91171875,siI,375B,M
65,146,1.0,siI,375B,M
66,306,0.90625,siI,375B,M
67,59,0.871875,siI,375B,M
68,3,0.9921875,siI,375B,M
69,298,0.99453125,siI,375B,M
70,14,0.84140625,siI,375B,M
0,83,0.09453124999999996,yak,375A,M
1,130,0.60078125,yak,375A,M
2,328,0.8453125,yak,375A,M
3,106,0.5015625,yak,375A,M
4,248,0.5625,yak,375A,M
5,247,0.940625,yak,375A,M
6,119,0.8859375,yak,375A,M
7,359,0.9296875,yak,375A,M
8,300,0.93125,yak,375A,M
9,313,0.98671875,yak,375A,M
10,305,0.9078125,yak,375A,M
11,174,0.9484375,yak,375A,M
12,48,0.84921875,yak,375A,M
13,275,0.92890625,yak,375A,M
14,343,0.95703125,yak,375A,M
15,94,0.8640625,yak,375A,M
16,287,0.953125,yak,375A,M
17,287,0.95546875,yak,375A,M
18,195,0.75234375,yak,375A,M
19,318,0.91875,yak,375A,M
20,409,0.8765625,yak,375A,M
21,35,0.88671875,yak,375A,M
22,34,0.89140625,yak,375A,M
23,345,0.9125,yak,375A,M
24,201,0.88359375,yak,375A,M
25,275,0.9328125,yak,375A,M
26,414,0.94375,yak,375A,M
27,308,0.875,yak,375A,M
28,403,0.91171875,yak,375A,M
29,65,0.934375,yak,375A,M
30,165,0.959375,yak,375A,M
31,359,0.96171875,yak,375A,M
32,231,0.8984375,yak,375A,M
33,46,0.98515625,yak,375A,M
34,296,0.90625,yak,375A,M
35,215,0.940625,yak,375A,M
36,230,0.8921875,yak,375A,M
37,241,0.96171875,yak,375A,M
38,101,0.97890625,yak,375A,M
39,148,0.9125,yak,375A,M
40,390,0.86875,yak,375A,M
41,306,0.9203125,yak,375A,M
42,86,0.9421875,yak,375A,M
43,112,0.790625,yak,375A,M
44,333,0.8828125,yak,375A,M
45,37,0.9828125,yak,375A,M
46,397,0.878125,yak,375A,M
47,323,0.91484375,yak,375A,M
48,106,0.93046875,yak,375A,M
49,349,0.959375,yak,375A,M
50,163,0.98828125,yak,375A,M
51,265,0.89609375,yak,375A,M
52,250,0.8921875,yak,375A,M
53,305,0.915625,yak,375A,M
54,379,0.96015625,yak,375A,M
55,186,0.9640625,yak,375A,M
56,268,0.83984375,yak,375A,M
57,20,0.91875,yak,375A,M
58,396,0.93046875,yak,375A,M
59,319,0.99609375,yak,375A,M
60,50,0.92734375,yak,375A,M
61,161,0.5765625,yak,375A,M
62,25,0.99296875,yak,375A,M
63,31,0.821875,yak,375A,M
0,31,0.15078124999999998,ZW144,375B,F
1,410,0.8640625,ZW144,375B,F
2,75,0.8109375,ZW144,375B,F
3,367,0.6875,ZW144,375B,F
4,44,0.85078125,ZW144,375B,F
5,111,0.9109375,ZW144,375B,F
6,64,0.93515625,ZW144,375B,F
7,28,0.91640625,ZW144,375B,F
8,364,0.0859375,ZW144,375B,F
9,129,0.82890625,ZW144,375B,F
10,63,0.875,ZW144,375B,F
11,383,0.7640625,ZW144,375B,F
12,352,0.87421875,ZW144,375B,F
13,356,0.82890625,ZW144,375B,F
14,48,0.79765625,ZW144,375B,F
15,188,0.946875,ZW144,375B,F
16,337,0.6515625,ZW144,375B,F
17,104,0.79296875,ZW144,375B,F
18,57,0.99296875,ZW144,375B,F
19,98,0.80625,ZW144,375B,F
20,224,0.87734375,ZW144,375B,F
21,56,0.88984375,ZW144,375B,F
22,63,0.93828125,ZW144,375B,F
23,142,0.759375,ZW144,375B,F
24,61,0.80078125,ZW144,375B,F
25,410,0.8375,ZW144,375B,F
26,138,0.95,ZW144,375B,F
27,40,0.86640625,ZW144,375B,F
28,49,0.87890625,ZW144,375B,F
29,175,0.640625,ZW144,375B,F
30,33,0.87109375,ZW144,375B,F
31,413,0.87421875,ZW144,375B,F
32,181,0.9140625,ZW144,375B,F
33,38,0.98515625,ZW144,375B,F
34,35,0.86640625,ZW144,375B,F
35,103,0.89375,ZW144,375B,F
36,99,0.928125,ZW144,375B,F
37,174,0.93671875,ZW144,375B,F
38,375,0.840625,ZW144,375B,F
39,40,0.9578125,ZW144,375B,F
40,58,0.86015625,ZW144,375B,F
41,191,0.96171875,ZW144,375B,F
42,9,0.99296875,ZW144,375B,F
43,137,0.9,ZW144,375B,F
44,143,0.95625,ZW144,375B,F
45,42,1.0,ZW144,375B,F
46,303,0.9953125,ZW144,375B,F
47,74,0.9859375,ZW144,375B,F
0,114,0.91796875,Bei54,375B,M
1,74,0.90859375,Bei54,375B,M
2,21,0.27656250000000004,Bei54,375B,M
3,400,0.08828124999999998,Bei54,375B,M
4,316,0.8796875,Bei54,375B,M
5,242,0.74765625,Bei54,375B,M
6,224,0.828125,Bei54,375B,M
7,274,0.90859375,Bei54,375B,M
8,200,0.9421875,Bei54,375B,M
9,407,0.99921875,Bei54,375B,M
10,272,0.89453125,Bei54,375B,M
11,161,0.90546875,Bei54,375B,M
12,128,1.0,Bei54,375B,M
13,256,0.884375,Bei54,375B,M
14,206,0.925,Bei54,375B,M
15,395,0.88515625,Bei54,375B,M
16,107,0.9015625,Bei54,375B,M
17,409,0.82265625,Bei54,375B,M
18,313,0.89609375,Bei54,375B,M
19,189,0.9078125,Bei54,375B,M
20,8,0.9109375,Bei54,375B,M
21,339,0.99609375,Bei54,375B,M
22,354,0.9171875,Bei54,375B,M
23,133,0.95625,Bei54,375B,M
24,171,0.9046875,Bei54,375B,M
25,30,0.9140625,Bei54,375B,M
26,291,0.875,Bei54,375B,M
27,19,0.9265625,Bei54,375B,M
28,176,0.93828125,Bei54,375B,M
29,153,0.87578125,Bei54,375B,M
30,274,1.0,Bei54,375B,M
31,190,0.88828125,Bei54,375B,M
32,228,0.95078125,Bei54,375B,M
33,34,0.975,Bei54,375B,M
34,413,0.86328125,Bei54,375B,M
35,220,0.9375,Bei54,375B,M
36,39,0.94453125,Bei54,375B,M
37,219,0.93984375,Bei54,375B,M
38,172,0.95390625,Bei54,375B,M
39,204,0.940625,Bei54,375B,M
40,183,0.94140625,Bei54,375B,M
41,265,0.83515625,Bei54,375B,M
42,369,0.90390625,Bei54,375B,M
43,145,0.9640625,Bei54,375B,M
44,193,0.92890625,Bei54,375B,M
45,26,0.93046875,Bei54,375B,M
46,29,0.9375,Bei54,375B,M
47,387,0.93359375,Bei54,375B,M
48,202,0.5046875,Bei54,375B,M
49,99,0.92734375,Bei54,375B,M
50,56,0.94609375,Bei54,375B,M
51,74,0.9125,Bei54,375B,M
52,135,0.95859375,Bei54,375B,M
53,186,0.909375,Bei54,375B,M
54,119,0.86875,Bei54,375B,M
55,100,0.915625,Bei54,375B,M
56,46,0.975,Bei54,375B,M
57,8,0.9890625,Bei54,375B,M
58,415,0.834375,Bei54,375B,M
59,126,0.9625,Bei54,375B,M
60,166,0.95546875,Bei54,375B,M
61,240,0.71015625,Bei54,375B,M
62,93,0.92109375,Bei54,375B,M
63,94,0.871875,Bei54,375B,M
64,190,0.9828125,Bei54,375B,M
65,303,0.99140625,Bei54,375B,M
66,169,0.9125,Bei54,375B,M
67,3,0.93515625,Bei54,375B,M
68,228,1.0,Bei54,375B,M
69,216,1.0,Bei54,375B,M
70,334,0.78046875,Bei54,375B,M
71,73,0.9859375,Bei54,375B,M
72,159,0.9375,Bei54,375B,M
0,17,0.12109375,ZW142,375B,M
1,399,0.08828124999999998,ZW142,375B,M
2,333,0.9515625,ZW142,375B,M
3,366,0.48203125,ZW142,375B,M
4,396,0.9453125,ZW142,375B,M
5,246,0.92265625,ZW142,375B,M
6,329,0.978125,ZW142,375B,M
7,179,0.68828125,ZW142,375B,M
8,321,0.8890625,ZW142,375B,M
9,323,0.79375,ZW142,375B,M
10,368,0.95703125,ZW142,375B,M
11,333,0.68984375,ZW142,375B,M
12,391,0.92421875,ZW142,375B,M
13,154,0.7765625,ZW142,375B,M
14,166,0.80234375,ZW142,375B,M
15,222,0.82109375,ZW142,375B,M
16,292,0.99140625,ZW142,375B,M
17,354,0.85859375,ZW142,375B,M
18,236,0.9328125,ZW142,375B,M
19,385,0.9734375,ZW142,375B,M
20,287,0.7578125,ZW142,375B,M
21,113,0.92890625,ZW142,375B,M
22,334,0.9328125,ZW142,375B,M
23,245,0.978125,ZW142,375B,M
24,48,0.8171875,ZW142,375B,M
25,351,0.88046875,ZW142,375B,M
26,288,0.47343749999999996,ZW142,375B,M
27,322,0.96328125,ZW142,375B,M
28,267,0.80625,ZW142,375B,M
29,4,0.90625,ZW142,375B,M
30,368,0.97265625,ZW142,375B,M
31,320,0.91640625,ZW142,375B,M
32,334,0.93046875,ZW142,375B,M
33,367,0.9640625,ZW142,375B,M
34,90,0.83828125,ZW142,375B,M
35,282,0.8625,ZW142,375B,M
36,326,0.92578125,ZW142,375B,M
37,212,0.93984375,ZW142,375B,M
38,82,0.91171875,ZW142,375B,M
39,270,0.95546875,ZW142,375B,M
40,27,0.9484375,ZW142,375B,M
41,312,0.92265625,ZW142,375B,M
42,138,0.95859375,ZW142,375B,M
43,379,0.95546875,ZW142,375B,M
44,125,0.9578125,ZW142,375B,M
45,110,0.96484375,ZW142,375B,M
46,291,0.8828125,ZW142,375B,M
47,380,0.94375,ZW142,375B,M
48,314,0.96640625,ZW142,375B,M
49,215,0.71171875,ZW142,375B,M
50,47,0.98984375,ZW142,375B,M
51,105,0.91171875,ZW142,375B,M
0,360,0.8875,375,375,F
1,52,0.871875,375,375,F
2,247,0.8859375,375,375,F
3,360,0.91640625,375,375,F
4,228,0.71640625,375,375,F
5,363,0.9109375,375,375,F
6,357,0.915625,375,375,F
7,353,0.953125,375,375,F
8,293,0.946875,375,375,F
9,274,0.7859375,375,375,F
10,347,0.72578125,375,375,F
11,183,0.8953125,375,375,F
12,376,0.82734375,375,375,F
13,258,0.9890625,375,375,F
14,377,0.91484375,375,375,F
15,408,0.971875,375,375,F
16,176,0.8484375,375,375,F
17,363,0.8734375,375,375,F
18,364,0.8828125,375,375,F
19,294,0.9015625,375,375,F
20,361,0.90703125,375,375,F
21,392,0.91640625,375,375,F
22,38,0.859375,375,375,F
23,140,0.8578125,375,375,F
24,415,0.08906250000000004,375,375,F
25,374,0.81875,375,375,F
26,237,0.9078125,375,375,F
27,361,0.890625,375,375,F
28,306,0.91171875,375,375,F
29,301,0.9171875,375,375,F
30,204,0.93125,375,375,F
31,386,0.81328125,375,375,F
32,235,0.8578125,375,375,F
33,203,0.86171875,375,375,F
34,123,0.87421875,375,375,F
35,366,0.87890625,375,375,F
36,394,0.90625,375,375,F
37,332,0.7328125,375,375,F
38,373,0.85,375,375,F
39,57,0.85234375,375,375,F
40,376,0.86875,375,375,F
41,54,0.90390625,375,375,F
42,42,0.86171875,375,375,F
43,57,0.72109375,375,375,F
44,267,0.85078125,375,375,F
45,33,0.85625,375,375,F
46,165,0.91484375,375,375,F
47,30,0.83125,375,375,F
48,245,0.8328125,375,375,F
49,380,0.82109375,375,375,F
50,208,0.84453125,375,375,F
51,51,0.86171875,375,375,F
52,89,0.825,375,375,F
53,23,0.85859375,375,375,F
54,47,0.89296875,375,375,F
55,147,0.865625,375,375,F
56,51,0.8765625,375,375,F
57,21,0.9015625,375,375,F
58,292,0.90390625,375,375,F
59,308,0.96171875,375,375,F
60,241,0.8,375,375,F
61,16,0.85078125,375,375,F
62,92,0.7671875,375,375,F
63,338,0.76953125,375,375,F
64,26,0.93671875,375,375,F
65,131,0.88203125,375,375,F
66,251,0.828125,375,375,F
67,15,0.88203125,375,375,F
68,85,0.9,375,375,F
69,17,0.84140625,375,375,F
70,70,0.809375,375,375,F
71,395,0.909375,375,375,F
72,14,0.89140625,375,375,F
73,237,0.728125,375,375,F
74,360,0.8875,375,375,F
75,52,0.871875,375,375,F
76,247,0.8859375,375,375,F
77,360,0.91640625,375,375,F
78,228,0.71640625,375,375,F
79,363,0.9109375,375,375,F
80,357,0.915625,375,375,F
81,353,0.953125,375,375,F
82,293,0.946875,375,375,F
83,274,0.7859375,375,375,F
84,347,0.72578125,375,375,F
85,183,0.8953125,375,375,F
86,376,0.82734375,375,375,F
87,258,0.9890625,375,375,F
88,377,0.91484375,375,375,F
89,408,0.971875,375,375,F
90,176,0.8484375,375,375,F
91,363,0.8734375,375,375,F
92,364,0.8828125,375,375,F
93,294,0.9015625,375,375,F
94,361,0.90703125,375,375,F
95,392,0.91640625,375,375,F
96,38,0.859375,375,375,F
97,140,0.8578125,375,375,F
98,415,0.08906250000000004,375,375,F
99,374,0.81875,375,375,F
100,237,0.9078125,375,375,F
101,361,0.890625,375,375,F
102,306,0.91171875,375,375,F
103,301,0.9171875,375,375,F
104,204,0.93125,375,375,F
105,386,0.81328125,375,375,F
106,235,0.8578125,375,375,F
107,203,0.86171875,375,375,F
108,123,0.87421875,375,375,F
109,366,0.87890625,375,375,F
110,394,0.90625,375,375,F
111,332,0.7328125,375,375,F
112,373,0.85,375,375,F
113,57,0.85234375,375,375,F
114,376,0.86875,375,375,F
115,54,0.90390625,375,375,F
116,42,0.86171875,375,375,F
117,57,0.72109375,375,375,F
118,267,0.85078125,375,375,F
119,33,0.85625,375,375,F
120,165,0.91484375,375,375,F
121,30,0.83125,375,375,F
122,245,0.8328125,375,375,F
123,380,0.82109375,375,375,F
124,208,0.84453125,375,375,F
125,51,0.86171875,375,375,F
126,89,0.825,375,375,F
127,23,0.85859375,375,375,F
128,47,0.89296875,375,375,F
129,147,0.865625,375,375,F
130,51,0.8765625,375,375,F
131,21,0.9015625,375,375,F
132,292,0.90390625,375,375,F
133,308,0.96171875,375,375,F
134,241,0.8,375,375,F
135,16,0.85078125,375,375,F
136,92,0.7671875,375,375,F
137,338,0.76953125,375,375,F
138,26,0.93671875,375,375,F
139,131,0.88203125,375,375,F
140,251,0.828125,375,375,F
141,15,0.88203125,375,375,F
142,85,0.9,375,375,F
143,17,0.84140625,375,375,F
144,70,0.809375,375,375,F
145,395,0.909375,375,375,F
146,14,0.89140625,375,375,F
147,237,0.728125,375,375,F
0,90,0.16484374999999996,yak,OreA,F
1,120,0.5375,yak,OreA,F
2,110,0.22109374999999998,yak,OreA,F
3,408,0.85703125,yak,OreA,F
4,131,0.10624999999999996,yak,OreA,F
5,298,0.753125,yak,OreA,F
6,164,0.8609375,yak,OreA,F
7,104,0.8703125,yak,OreA,F
8,73,0.47890625,yak,OreA,F
9,141,0.49921875000000004,yak,OreA,F
10,162,0.62734375,yak,OreA,F
11,162,0.73203125,yak,OreA,F
12,377,0.68671875,yak,OreA,F
13,147,0.69609375,yak,OreA,F
14,26,0.09296875000000004,yak,OreA,F
15,62,0.6921875,yak,OreA,F
16,33,0.84453125,yak,OreA,F
17,406,0.86640625,yak,OreA,F
18,375,0.896875,yak,OreA,F
19,337,0.8234375,yak,OreA,F
20,397,0.62265625,yak,OreA,F
21,362,0.8,yak,OreA,F
22,332,0.77890625,yak,OreA,F
23,146,0.8796875,yak,OreA,F
24,233,0.7734375,yak,OreA,F
25,119,0.8,yak,OreA,F
26,325,0.63828125,yak,OreA,F
27,328,0.878125,yak,OreA,F
28,315,0.7484375,yak,OreA,F
29,30,0.78828125,yak,OreA,F
30,387,0.859375,yak,OreA,F
31,78,0.62265625,yak,OreA,F
32,41,0.68046875,yak,OreA,F
33,107,0.84921875,yak,OreA,F
34,167,0.68515625,yak,OreA,F
35,304,0.77109375,yak,OreA,F
36,102,0.7859375,yak,OreA,F
37,120,0.6234375,yak,OreA,F
38,233,0.69375,yak,OreA,F
39,125,0.7765625,yak,OreA,F
40,54,0.790625,yak,OreA,F
41,61,0.7265625,yak,OreA,F
42,214,0.73515625,yak,OreA,F
43,385,0.76171875,yak,OreA,F
44,32,0.80078125,yak,OreA,F
45,185,0.80390625,yak,OreA,F
46,222,0.88046875,yak,OreA,F
47,306,0.8265625,yak,OreA,F
48,261,0.7640625,yak,OreA,F
49,236,0.8578125,yak,OreA,F
50,157,0.76171875,yak,OreA,F
51,152,0.76015625,yak,OreA,F
0,306,0.28359375,siI,OreB,F
1,287,0.27734375,siI,OreB,F
2,206,0.2109375,siI,OreB,F
3,198,0.20468750000000002,siI,OreB,F
4,295,0.59921875,siI,OreB,F
5,271,0.7171875,siI,OreB,F
6,252,0.3765625,siI,OreB,F
7,212,0.45859375,siI,OreB,F
8,404,0.81640625,siI,OreB,F
9,208,0.52734375,siI,OreB,F
10,155,0.68046875,siI,OreB,F
11,397,0.82734375,siI,OreB,F
12,369,0.83359375,siI,OreB,F
13,172,0.5484375,siI,OreB,F
14,392,0.65390625,siI,OreB,F
15,346,0.75703125,siI,OreB,F
16,153,0.4375,siI,OreB,F
17,309,0.75859375,siI,OreB,F
18,230,0.69921875,siI,OreB,F
19,157,0.725,siI,OreB,F
20,204,0.62109375,siI,OreB,F
21,154,0.66953125,siI,OreB,F
22,283,0.7625,siI,OreB,F
23,236,0.85859375,siI,OreB,F
24,309,0.79765625,siI,OreB,F
25,341,0.8046875,siI,OreB,F
26,368,0.8609375,siI,OreB,F
27,166,0.78046875,siI,OreB,F
28,257,0.84296875,siI,OreB,F
29,213,0.71875,siI,OreB,F
30,229,0.86875,siI,OreB,F
31,146,0.56484375,siI,OreB,F
32,81,0.89609375,siI,OreB,F
33,233,0.75625,siI,OreB,F
34,138,0.8296875,siI,OreB,F
35,319,0.72109375,siI,OreB,F
36,95,0.721875,siI,OreB,F
37,228,0.7640625,siI,OreB,F
38,270,0.77421875,siI,OreB,F
39,392,0.87265625,siI,OreB,F
40,290,0.7578125,siI,OreB,F
41,92,0.86328125,siI,OreB,F
42,279,0.80546875,siI,OreB,F
43,66,0.9625,siI,OreB,F
44,150,0.7921875,siI,OreB,F
45,220,0.84921875,siI,OreB,F
46,65,0.70078125,siI,OreB,F
47,293,0.8875,siI,OreB,F
48,265,0.809375,siI,OreB,F
49,312,0.89140625,siI,OreB,F
50,41,0.89765625,siI,OreB,F
51,310,0.9953125,siI,OreB,F
52,260,0.7453125,siI,OreB,F
53,314,0.99375,siI,OreB,F
0,67,0.11953124999999998,Bei59,375A,M
1,343,0.40234375,Bei59,375A,M
2,16,0.82734375,Bei59,375A,M
3,10,0.0859375,Bei59,375A,M
4,415,0.76015625,Bei59,375A,M
5,411,0.8203125,Bei59,375A,M
6,34,0.846875,Bei59,375A,M
7,262,0.92734375,Bei59,375A,M
8,219,0.93515625,Bei59,375A,M
9,26,0.82578125,Bei59,375A,M
10,271,0.8875,Bei59,375A,M
11,268,0.8984375,Bei59,375A,M
12,221,0.90625,Bei59,375A,M
13,377,0.778125,Bei59,375A,M
14,414,0.86953125,Bei59,375A,M
15,249,0.91796875,Bei59,375A,M
16,388,0.94453125,Bei59,375A,M
17,232,0.96484375,Bei59,375A,M
18,242,0.77578125,Bei59,375A,M
19,95,0.82890625,Bei59,375A,M
20,297,0.87890625,Bei59,375A,M
21,258,0.87890625,Bei59,375A,M
22,250,0.88203125,Bei59,375A,M
23,227,0.89375,Bei59,375A,M
24,301,0.9578125,Bei59,375A,M
25,403,0.9421875,Bei59,375A,M
26,313,0.76640625,Bei59,375A,M
27,62,0.3375,Bei59,375A,M
28,210,0.69609375,Bei59,375A,M
29,75,0.89375,Bei59,375A,M
30,154,0.91328125,Bei59,375A,M
31,307,0.803125,Bei59,375A,M
32,184,0.8796875,Bei59,375A,M
33,25,0.87421875,Bei59,375A,M
34,391,0.9015625,Bei59,375A,M
35,219,0.90859375,Bei59,375A,M
36,295,0.92109375,Bei59,375A,M
37,404,0.8421875,Bei59,375A,M
38,227,0.84375,Bei59,375A,M
39,121,0.9046875,Bei59,375A,M
40,255,0.7875,Bei59,375A,M
41,298,0.92734375,Bei59,375A,M
42,231,0.9359375,Bei59,375A,M
43,137,0.8734375,Bei59,375A,M
44,76,0.59140625,Bei59,375A,M
45,306,0.840625,Bei59,375A,M
46,402,0.865625,Bei59,375A,M
47,104,0.94140625,Bei59,375A,M
48,258,0.946875,Bei59,375A,M
49,328,0.97890625,Bei59,375A,M
50,339,0.92578125,Bei59,375A,M
51,260,0.93046875,Bei59,375A,M
52,27,0.85390625,Bei59,375A,M
53,236,0.846875,Bei59,375A,M
54,309,0.99453125,Bei59,375A,M
55,186,0.87890625,Bei59,375A,M
56,326,0.90390625,Bei59,375A,M
57,352,0.9171875,Bei59,375A,M
58,247,0.9,Bei59,375A,M
59,137,0.903125,Bei59,375A,M
60,280,0.91484375,Bei59,375A,M
61,219,1.0,Bei59,375A,M
62,300,0.8828125,Bei59,375A,M
63,262,0.9484375,Bei59,375A,M
64,323,0.49687499999999996,Bei59,375A,M
65,55,0.86171875,Bei59,375A,M
66,180,0.9296875,Bei59,375A,M
67,173,0.9125,Bei59,375A,M
68,215,0.92890625,Bei59,375A,M
69,159,0.82890625,Bei59,375A,M
70,367,0.959375,Bei59,375A,M
0,368,0.43984375,ZW142,OreB,F
1,375,0.59140625,ZW142,OreB,F
2,109,0.69609375,ZW142,OreB,F
3,337,0.6296875,ZW142,OreB,F
4,384,0.8453125,ZW142,OreB,F
5,69,0.49375,ZW142,OreB,F
6,296,0.6984375,ZW142,OreB,F
7,91,0.65078125,ZW142,OreB,F
8,380,0.09999999999999998,ZW142,OreB,F
9,310,0.840625,ZW142,OreB,F
10,358,0.94296875,ZW142,OreB,F
11,99,0.6171875,ZW142,OreB,F
12,80,0.6984375,ZW142,OreB,F
13,335,0.7796875,ZW142,OreB,F
14,166,0.61328125,ZW142,OreB,F
15,132,0.6984375,ZW142,OreB,F
16,238,0.7,ZW142,OreB,F
17,275,0.63828125,ZW142,OreB,F
18,36,0.6703125,ZW142,OreB,F
19,164,0.68984375,ZW142,OreB,F
20,348,0.725,ZW142,OreB,F
21,310,0.7671875,ZW142,OreB,F
22,357,0.8375,ZW142,OreB,F
23,340,0.69296875,ZW142,OreB,F
24,337,0.82890625,ZW142,OreB,F
25,318,0.87421875,ZW142,OreB,F
26,340,0.803125,ZW142,OreB,F
27,13,0.80390625,ZW142,OreB,F
28,308,0.84296875,ZW142,OreB,F
29,386,0.865625,ZW142,OreB,F
30,325,0.896875,ZW142,OreB,F
31,320,0.91171875,ZW142,OreB,F
32,100,0.7203125,ZW142,OreB,F
33,182,0.725,ZW142,OreB,F
34,135,0.75546875,ZW142,OreB,F
35,55,0.74609375,ZW142,OreB,F
36,268,0.571875,ZW142,OreB,F
37,304,0.74609375,ZW142,OreB,F
38,31,0.815625,ZW142,OreB,F
39,76,0.7046875,ZW142,OreB,F
40,284,0.7234375,ZW142,OreB,F
41,122,0.80078125,ZW142,OreB,F
42,143,0.796875,ZW142,OreB,F
43,349,0.8046875,ZW142,OreB,F
44,321,0.82890625,ZW142,OreB,F
45,363,0.83203125,ZW142,OreB,F
46,7,0.84296875,ZW142,OreB,F
47,3,0.9375,ZW142,OreB,F
48,59,0.7546875,ZW142,OreB,F
49,334,0.7703125,ZW142,OreB,F
50,56,0.7203125,ZW142,OreB,F
51,159,0.80078125,ZW142,OreB,F
52,30,0.853125,ZW142,OreB,F
53,2,0.79140625,ZW142,OreB,F
54,349,0.86171875,ZW142,OreB,F
55,67,0.8953125,ZW142,OreB,F
56,96,0.64609375,ZW142,OreB,F
57,158,0.925,ZW142,OreB,F
58,7,0.7046875,ZW142,OreB,F
59,105,0.5296875,ZW142,OreB,F
60,41,0.7203125,ZW142,OreB,F
61,239,0.79140625,ZW142,OreB,F
62,6,0.86484375,ZW142,OreB,F
63,386,0.89765625,ZW142,OreB,F
64,15,0.7046875,ZW142,OreB,F
65,0,0.7671875,ZW142,OreB,F
66,338,0.71640625,ZW142,OreB,F
67,345,0.90390625,ZW142,OreB,F
0,172,0.21250000000000002,Bei54,OreB,F
1,245,0.5140625,Bei54,OreB,F
2,336,0.69296875,Bei54,OreB,F
3,345,0.87890625,Bei54,OreB,F
4,312,0.44062500000000004,Bei54,OreB,F
5,391,0.68984375,Bei54,OreB,F
6,280,0.8453125,Bei54,OreB,F
7,207,0.72265625,Bei54,OreB,F
8,203,0.75078125,Bei54,OreB,F
9,150,0.83515625,Bei54,OreB,F
10,339,0.75859375,Bei54,OreB,F
11,294,0.87890625,Bei54,OreB,F
12,411,0.09218749999999998,Bei54,OreB,F
13,276,0.73359375,Bei54,OreB,F
14,260,0.7875,Bei54,OreB,F
15,261,0.790625,Bei54,OreB,F
16,347,0.85625,Bei54,OreB,F
17,15,0.0859375,Bei54,OreB,F
18,388,0.784375,Bei54,OreB,F
19,134,0.928125,Bei54,OreB,F
20,301,0.7046875,Bei54,OreB,F
21,337,0.721875,Bei54,OreB,F
22,82,0.7765625,Bei54,OreB,F
23,109,0.859375,Bei54,OreB,F
24,283,0.790625,Bei54,OreB,F
25,164,0.81015625,Bei54,OreB,F
26,83,0.8171875,Bei54,OreB,F
27,366,0.84140625,Bei54,OreB,F
28,394,0.828125,Bei54,OreB,F
29,69,0.8265625,Bei54,OreB,F
30,54,0.84765625,Bei54,OreB,F
31,152,0.88125,Bei54,OreB,F
32,121,0.840625,Bei54,OreB,F
33,99,0.82578125,Bei54,OreB,F
34,296,0.78046875,Bei54,OreB,F
35,363,0.80625,Bei54,OreB,F
36,112,0.73671875,Bei54,OreB,F
37,279,0.7828125,Bei54,OreB,F
38,40,0.86171875,Bei54,OreB,F
39,176,0.778125,Bei54,OreB,F
40,153,0.94453125,Bei54,OreB,F
41,349,0.875,Bei54,OreB,F
42,239,0.88671875,Bei54,OreB,F
43,41,0.90390625,Bei54,OreB,F
44,170,0.91328125,Bei54,OreB,F
45,139,0.75546875,Bei54,OreB,F
46,26,0.64296875,Bei54,OreB,F
47,110,0.6609375,Bei54,OreB,F
48,75,0.73984375,Bei54,OreB,F
49,203,0.78828125,Bei54,OreB,F
50,386,0.740625,Bei54,OreB,F
51,130,0.85390625,Bei54,OreB,F
52,129,0.62421875,Bei54,OreB,F
53,143,0.87578125,Bei54,OreB,F
54,356,0.81953125,Bei54,OreB,F
55,415,0.84765625,Bei54,OreB,F
56,224,0.7484375,Bei54,OreB,F
57,175,0.7625,Bei54,OreB,F
58,87,0.5828125,Bei54,OreB,F
59,239,0.8328125,Bei54,OreB,F
60,264,0.56640625,Bei54,OreB,F
61,5,0.90859375,Bei54,OreB,F
0,4,0.09296875000000004,ZW144,OreB,M
1,2,0.49921875000000004,ZW144,OreB,M
2,5,0.29140625,ZW144,OreB,M
3,4,0.303125,ZW144,OreB,M
4,3,0.728125,ZW144,OreB,M
5,3,0.49140625000000004,ZW144,OreB,M
6,1,0.93125,ZW144,OreB,M
7,1,0.73671875,ZW144,OreB,M
8,32,0.09531250000000002,ZW144,OreB,M
9,278,0.17343750000000002,ZW144,OreB,M
10,225,0.89453125,ZW144,OreB,M
11,171,0.61796875,ZW144,OreB,M
12,331,0.73359375,ZW144,OreB,M
13,312,0.80625,ZW144,OreB,M
14,351,0.71640625,ZW144,OreB,M
15,154,0.675,ZW144,OreB,M
16,266,0.86640625,ZW144,OreB,M
17,138,0.9203125,ZW144,OreB,M
18,213,0.7109375,ZW144,OreB,M
19,337,0.8453125,ZW144,OreB,M
20,312,0.859375,ZW144,OreB,M
21,304,0.89609375,ZW144,OreB,M
22,56,0.87109375,ZW144,OreB,M
23,169,0.71875,ZW144,OreB,M
24,92,0.928125,ZW144,OreB,M
25,218,0.91640625,ZW144,OreB,M
26,357,0.88984375,ZW144,OreB,M
27,215,0.9546875,ZW144,OreB,M
28,78,0.7953125,ZW144,OreB,M
29,318,0.78671875,ZW144,OreB,M
30,226,0.90234375,ZW144,OreB,M
31,168,0.9265625,ZW144,OreB,M
32,350,0.9421875,ZW144,OreB,M
33,48,0.8515625,ZW144,OreB,M
34,315,0.7484375,ZW144,OreB,M
35,246,0.78515625,ZW144,OreB,M
36,289,0.83671875,ZW144,OreB,M
37,186,0.8375,ZW144,OreB,M
38,285,0.93203125,ZW144,OreB,M
39,219,0.89453125,ZW144,OreB,M
40,135,0.94140625,ZW144,OreB,M
41,270,0.90078125,ZW144,OreB,M
42,352,0.86328125,ZW144,OreB,M
43,168,0.90625,ZW144,OreB,M
44,100,0.95546875,ZW144,OreB,M
45,62,0.81328125,ZW144,OreB,M
46,134,0.82734375,ZW144,OreB,M
47,289,0.88125,ZW144,OreB,M
48,279,0.89921875,ZW144,OreB,M
49,209,0.9140625,ZW144,OreB,M
50,57,0.971875,ZW144,OreB,M
51,193,0.83046875,ZW144,OreB,M
52,74,0.87265625,ZW144,OreB,M
53,195,0.8734375,ZW144,OreB,M
54,86,0.88984375,ZW144,OreB,M
55,227,0.84140625,ZW144,OreB,M
56,65,0.88046875,ZW144,OreB,M
57,124,0.73359375,ZW144,OreB,M
58,226,0.7390625,ZW144,OreB,M
59,99,0.9078125,ZW144,OreB,M
60,411,0.93203125,ZW144,OreB,M
61,51,0.8546875,ZW144,OreB,M
62,414,0.78125,ZW144,OreB,M
63,177,0.8078125,ZW144,OreB,M
64,172,0.8390625,ZW144,OreB,M
65,309,0.86484375,ZW144,OreB,M
66,142,0.87890625,ZW144,OreB,M
67,396,0.9421875,ZW144,OreB,M
68,161,0.940625,ZW144,OreB,M
69,113,0.87265625,ZW144,OreB,M
70,393,0.90625,ZW144,OreB,M
0,89,0.11562499999999998,Bei54,375A,M
1,28,0.13593750000000004,Bei54,375A,M
2,383,0.80546875,Bei54,375A,M
3,4,0.9140625,Bei54,375A,M
4,46,0.86796875,Bei54,375A,M
5,341,0.7703125,Bei54,375A,M
6,324,0.8390625,Bei54,375A,M
7,224,0.92578125,Bei54,375A,M
8,180,0.87734375,Bei54,375A,M
9,388,0.86953125,Bei54,375A,M
10,68,0.56171875,Bei54,375A,M
11,361,0.98125,Bei54,375A,M
12,65,0.43359375,Bei54,375A,M
13,151,0.72890625,Bei54,375A,M
14,218,0.7953125,Bei54,375A,M
15,339,0.87265625,Bei54,375A,M
16,6,0.90703125,Bei54,375A,M
17,194,0.91875,Bei54,375A,M
18,378,0.93203125,Bei54,375A,M
19,216,0.94765625,Bei54,375A,M
20,395,0.89609375,Bei54,375A,M
21,340,0.86328125,Bei54,375A,M
22,0,0.93046875,Bei54,375A,M
23,2,0.8015625,Bei54,375A,M
24,241,0.9140625,Bei54,375A,M
25,168,0.93125,Bei54,375A,M
26,182,0.81015625,Bei54,375A,M
27,123,0.8765625,Bei54,375A,M
28,135,0.9109375,Bei54,375A,M
29,323,0.7375,Bei54,375A,M
30,393,0.90703125,Bei54,375A,M
31,160,0.90703125,Bei54,375A,M
32,1,0.91484375,Bei54,375A,M
33,55,0.9578125,Bei54,375A,M
34,156,0.959375,Bei54,375A,M
35,265,0.9015625,Bei54,375A,M
36,142,0.9421875,Bei54,375A,M
37,388,0.88046875,Bei54,375A,M
38,7,0.9125,Bei54,375A,M
39,201,0.9421875,Bei54,375A,M
40,158,0.775,Bei54,375A,M
41,67,0.89453125,Bei54,375A,M
42,170,0.73984375,Bei54,375A,M
43,53,0.853125,Bei54,375A,M
44,252,0.86484375,Bei54,375A,M
45,98,0.99609375,Bei54,375A,M
46,192,0.72421875,Bei54,375A,M
47,304,0.91015625,Bei54,375A,M
48,202,0.92734375,Bei54,375A,M
49,15,0.38125,Bei54,375A,M
50,348,0.81015625,Bei54,375A,M
51,147,0.8796875,Bei54,375A,M
52,64,0.86796875,Bei54,375A,M
53,286,0.9953125,Bei54,375A,M
54,395,0.809375,Bei54,375A,M
55,46,0.81953125,Bei54,375A,M
0,401,0.9390625,ZW144,375A,F
1,390,0.4140625,ZW144,375A,F
2,415,0.10312500000000002,ZW144,375A,F
3,352,0.9140625,ZW144,375A,F
4,414,0.575,ZW144,375A,F
5,344,0.9234375,ZW144,375A,F
6,411,0.48124999999999996,ZW144,375A,F
7,16,0.84296875,ZW144,375A,F
8,321,0.8953125,ZW144,375A,F
9,348,0.91171875,ZW144,375A,F
10,243,0.86640625,ZW144,375A,F
11,111,0.85859375,ZW144,375A,F
12,411,0.871875,ZW144,375A,F
13,268,0.85078125,ZW144,375A,F
14,389,0.81796875,ZW144,375A,F
15,413,0.88828125,ZW144,375A,F
16,283,0.83125,ZW144,375A,F
17,173,0.9484375,ZW144,375A,F
18,44,0.90234375,ZW144,375A,F
19,36,0.9546875,ZW144,375A,F
20,401,0.5203125,ZW144,375A,F
21,90,0.86953125,ZW144,375A,F
22,388,0.9796875,ZW144,375A,F
23,102,0.70859375,ZW144,375A,F
24,12,0.921875,ZW144,375A,F
25,57,0.94921875,ZW144,375A,F
26,247,0.6734375,ZW144,375A,F
27,329,0.7453125,ZW144,375A,F
28,78,0.8265625,ZW144,375A,F
29,378,0.8328125,ZW144,375A,F
30,362,0.87421875,ZW144,375A,F
31,276,0.90546875,ZW144,375A,F
32,309,0.90390625,ZW144,375A,F
33,169,0.8203125,ZW144,375A,F
34,167,0.9109375,ZW144,375A,F
35,97,0.7203125,ZW144,375A,F
36,306,0.81640625,ZW144,375A,F
37,311,0.909375,ZW144,375A,F
38,151,0.93515625,ZW144,375A,F
39,117,0.86484375,ZW144,375A,F
40,190,0.91640625,ZW144,375A,F
41,197,0.953125,ZW144,375A,F
42,338,0.9671875,ZW144,375A,F
43,23,0.8796875,ZW144,375A,F
44,184,0.8734375,ZW144,375A,F
45,69,0.8796875,ZW144,375A,F
46,58,0.9125,ZW144,375A,F
47,395,0.8515625,ZW144,375A,F
48,144,0.88515625,ZW144,375A,F
49,388,0.9328125,ZW144,375A,F
50,291,0.82734375,ZW144,375A,F
51,298,0.83984375,ZW144,375A,F
52,130,0.87421875,ZW144,375A,F
53,177,0.88984375,ZW144,375A,F
54,20,0.7359375,ZW144,375A,F
55,338,0.828125,ZW144,375A,F
56,118,0.92265625,ZW144,375A,F
57,66,0.996875,ZW144,375A,F
58,156,0.93671875,ZW144,375A,F
59,331,0.8859375,ZW144,375A,F
60,231,0.80625,ZW144,375A,F
61,92,0.9109375,ZW144,375A,F
62,415,0.86328125,ZW144,375A,F
63,246,0.95546875,ZW144,375A,F
64,178,0.92890625,ZW144,375A,F
65,314,0.9953125,ZW144,375A,F
66,16,0.44765625,ZW144,375A,F
67,305,0.88359375,ZW144,375A,F
0,302,0.925,ZW142,375A,M
1,412,0.09140625000000002,ZW142,375A,M
2,368,0.9984375,ZW142,375A,M
3,315,0.93046875,ZW142,375A,M
4,346,0.83671875,ZW142,375A,M
5,359,0.840625,ZW142,375A,M
6,224,0.90078125,ZW142,375A,M
7,122,0.92109375,ZW142,375A,M
8,94,0.88828125,ZW142,375A,M
9,202,0.90234375,ZW142,375A,M
10,187,0.88203125,ZW142,375A,M
11,28,0.81796875,ZW142,375A,M
12,413,0.90546875,ZW142,375A,M
13,257,0.90546875,ZW142,375A,M
14,405,0.8125,ZW142,375A,M
15,289,0.946875,ZW142,375A,M
16,284,0.53671875,ZW142,375A,M
17,139,0.8984375,ZW142,375A,M
18,347,0.64921875,ZW142,375A,M
19,242,0.7953125,ZW142,375A,M
20,334,0.87265625,ZW142,375A,M
21,283,0.928125,ZW142,375A,M
22,28,0.90859375,ZW142,375A,M
23,401,0.91796875,ZW142,375A,M
24,325,0.95625,ZW142,375A,M
25,360,0.9578125,ZW142,375A,M
26,46,0.8046875,ZW142,375A,M
27,280,0.9328125,ZW142,375A,M
28,237,0.796875,ZW142,375A,M
29,306,0.93515625,ZW142,375A,M
30,41,0.9640625,ZW142,375A,M
31,271,0.8171875,ZW142,375A,M
32,136,0.9,ZW142,375A,M
33,405,0.9078125,ZW142,375A,M
34,75,0.93359375,ZW142,375A,M
35,361,0.934375,ZW142,375A,M
36,24,0.86328125,ZW142,375A,M
37,329,0.76953125,ZW142,375A,M
38,175,0.7734375,ZW142,375A,M
39,203,0.8,ZW142,375A,M
40,277,0.88203125,ZW142,375A,M
41,142,0.93046875,ZW142,375A,M
42,20,0.85625,ZW142,375A,M
43,235,0.9265625,ZW142,375A,M
44,226,0.85546875,ZW142,375A,M
45,166,0.89296875,ZW142,375A,M
46,333,0.96484375,ZW142,375A,M
47,399,0.93984375,ZW142,375A,M
48,203,0.7953125,ZW142,375A,M
49,370,0.91640625,ZW142,375A,M
50,329,0.92578125,ZW142,375A,M
51,55,0.953125,ZW142,375A,M
52,317,0.9953125,ZW142,375A,M
53,120,0.984375,ZW142,375A,M
54,351,0.89609375,ZW142,375A,M
55,185,0.89296875,ZW142,375A,M
56,23,0.85234375,ZW142,375A,M
57,351,0.846875,ZW142,375A,M
58,269,1.0,ZW142,375A,M
0,151,0.37734375,Bei59,OreB,F
1,308,0.31875,Bei59,OreB,F
2,179,0.80625,Bei59,OreB,F
3,387,0.73359375,Bei59,OreB,F
4,317,0.34296875000000004,Bei59,OreB,F
5,209,0.89375,Bei59,OreB,F
6,18,0.8609375,Bei59,OreB,F
7,99,0.67890625,Bei59,OreB,F
8,410,0.08671874999999996,Bei59,OreB,F
9,275,0.78203125,Bei59,OreB,F
10,389,0.67265625,Bei59,OreB,F
11,54,0.78046875,Bei59,OreB,F
12,272,0.7828125,Bei59,OreB,F
13,48,0.83359375,Bei59,OreB,F
14,43,0.6046875,Bei59,OreB,F
15,120,0.715625,Bei59,OreB,F
16,168,0.43125,Bei59,OreB,F
17,7,0.09296875000000004,Bei59,OreB,F
18,234,0.66171875,Bei59,OreB,F
19,333,0.775,Bei59,OreB,F
20,273,0.7796875,Bei59,OreB,F
21,244,0.6046875,Bei59,OreB,F
22,263,0.7671875,Bei59,OreB,F
23,209,0.83984375,Bei59,OreB,F
24,15,0.8484375,Bei59,OreB,F
25,108,0.77734375,Bei59,OreB,F
26,97,0.878125,Bei59,OreB,F
27,84,0.5734375,Bei59,OreB,F
28,389,0.721875,Bei59,OreB,F
29,177,0.67109375,Bei59,OreB,F
30,99,0.5828125,Bei59,OreB,F
31,68,0.85625,Bei59,OreB,F
32,371,0.86640625,Bei59,OreB,F
33,51,0.81015625,Bei59,OreB,F
34,54,0.8265625,Bei59,OreB,F
35,17,0.753125,Bei59,OreB,F
36,293,0.82421875,Bei59,OreB,F
37,11,0.8921875,Bei59,OreB,F
38,116,0.759375,Bei59,OreB,F
39,185,0.76328125,Bei59,OreB,F
40,197,0.8109375,Bei59,OreB,F
41,39,0.7234375,Bei59,OreB,F
42,28,0.771875,Bei59,OreB,F
43,13,0.82265625,Bei59,OreB,F
44,54,0.76640625,Bei59,OreB,F
45,230,0.7078125,Bei59,OreB,F
46,111,0.75390625,Bei59,OreB,F
47,74,0.8,Bei59,OreB,F
48,32,0.7609375,Bei59,OreB,F
49,271,0.41328125000000004,Bei59,OreB,F
50,2,0.9078125,Bei59,OreB,F
0,265,0.09921875000000002,siI,375A,M
1,401,0.8875,siI,375A,M
2,362,0.38671875,siI,375A,M
3,246,0.89921875,siI,375A,M
4,250,0.8984375,siI,375A,M
5,160,0.93203125,siI,375A,M
6,392,0.9625,siI,375A,M
7,353,0.91640625,siI,375A,M
8,401,0.8953125,siI,375A,M
9,387,0.4078125,siI,375A,M
10,278,0.86875,siI,375A,M
11,403,0.9234375,siI,375A,M
12,282,0.9390625,siI,375A,M
13,320,0.85859375,siI,375A,M
14,312,0.9484375,siI,375A,M
15,195,0.87265625,siI,375A,M
16,296,0.99609375,siI,375A,M
17,366,0.9828125,siI,375A,M
18,345,0.7109375,siI,375A,M
19,382,0.90390625,siI,375A,M
20,224,0.93359375,siI,375A,M
21,233,0.95,siI,375A,M
22,282,0.92734375,siI,375A,M
23,48,0.95390625,siI,375A,M
24,360,0.98125,siI,375A,M
25,389,0.87421875,siI,375A,M
26,163,0.93125,siI,375A,M
27,180,0.9359375,siI,375A,M
28,118,0.796875,siI,375A,M
29,68,0.79921875,siI,375A,M
30,90,0.8046875,siI,375A,M
31,362,0.9390625,siI,375A,M
32,150,0.959375,siI,375A,M
33,202,0.86484375,siI,375A,M
34,293,0.72890625,siI,375A,M
35,302,0.884375,siI,375A,M
36,340,0.8203125,siI,375A,M
37,164,0.61640625,siI,375A,M
38,283,0.83203125,siI,375A,M
39,97,0.90859375,siI,375A,M
40,269,0.92109375,siI,375A,M
41,51,0.81171875,siI,375A,M
42,16,0.9453125,siI,375A,M
43,27,0.99140625,siI,375A,M
44,6,0.93359375,siI,375A,M
45,91,0.696875,siI,375A,M
46,407,0.909375,siI,375A,M
47,118,0.91796875,siI,375A,M
48,8,0.903125,siI,375A,M
49,111,0.97109375,siI,375A,M
50,65,0.85390625,siI,375A,M
51,396,0.91484375,siI,375A,M
52,93,0.95546875,siI,375A,M
53,227,0.7140625,siI,375A,M
54,13,0.96328125,siI,375A,M
55,0,0.99609375,siI,375A,M
0,331,0.93984375,yak,375B,M
1,352,0.6734375,yak,375B,M
2,380,0.78359375,yak,375B,M
3,311,0.809375,yak,375B,M
4,361,0.92578125,yak,375B,M
5,134,0.7015625,yak,375B,M
6,292,0.8578125,yak,375B,M
7,409,0.0859375,yak,375B,M
8,228,0.825,yak,375B,M
9,226,0.9296875,yak,375B,M
10,340,0.93828125,yak,375B,M
11,300,0.84453125,yak,375B,M
12,343,0.9375,yak,375B,M
13,169,0.71953125,yak,375B,M
14,265,0.78515625,yak,375B,M
15,280,0.825,yak,375B,M
16,344,0.9,yak,375B,M
17,368,0.93828125,yak,375B,M
18,338,0.9515625,yak,375B,M
19,358,0.9296875,yak,375B,M
20,337,0.953125,yak,375B,M
21,222,0.81796875,yak,375B,M
22,330,0.95,yak,375B,M
23,179,0.83125,yak,375B,M
24,302,0.88046875,yak,375B,M
25,362,0.9296875,yak,375B,M
26,209,0.959375,yak,375B,M
27,243,0.91015625,yak,375B,M
28,165,0.965625,yak,375B,M
29,22,0.9828125,yak,375B,M
30,22,0.8984375,yak,375B,M
31,355,0.9390625,yak,375B,M
32,330,0.81640625,yak,375B,M
33,305,0.83515625,yak,375B,M
34,338,0.95625,yak,375B,M
35,12,1.0,yak,375B,M
36,172,0.74765625,yak,375B,M
37,187,0.778125,yak,375B,M
38,369,0.79921875,yak,375B,M
39,322,0.9046875,yak,375B,M
40,339,0.940625,yak,375B,M
41,340,0.9546875,yak,375B,M
42,282,0.9671875,yak,375B,M
43,283,0.9421875,yak,375B,M
44,364,0.95859375,yak,375B,M
45,277,0.95859375,yak,375B,M
46,155,0.98984375,yak,375B,M
47,175,0.73515625,yak,375B,M
48,390,0.91015625,yak,375B,M
49,147,0.975,yak,375B,M
50,263,0.92109375,yak,375B,M
51,334,0.95234375,yak,375B,M
52,388,0.95390625,yak,375B,M
53,94,0.975,yak,375B,M
54,240,0.91875,yak,375B,M
55,353,0.8953125,yak,375B,M
56,343,0.9515625,yak,375B,M
57,321,0.98203125,yak,375B,M
58,175,0.47265625,yak,375B,M
59,249,0.92890625,yak,375B,M
60,356,0.92734375,yak,375B,M
61,322,0.81875,yak,375B,M
62,39,0.90546875,yak,375B,M
63,343,1.0,yak,375B,M
64,124,0.7890625,yak,375B,M
65,10,0.915625,yak,375B,M
66,332,0.99140625,yak,375B,M
67,198,0.9734375,yak,375B,M
68,229,0.95859375,yak,375B,M
